사고번호,사고일시,요일,시군구,사고내용,사망자수,중상자수,경상자수,부상신고자수,사고유형,법규위반,노면상태,기상상태,도로형태,가해운전자 차종,가해운전자 성별,가해운전자 연령,가해운전자 상해정도,피해운전자 차종,피해운전자 성별,피해운전자 연령,피해운전자 상해정도
2021011400100145,2021년 1월 14일 09시,목요일,경기도 의정부시 호원동,중상사고,0,1,0,0,차대사람 - 기타,안전운전불이행,포장 - 건조,맑음,교차로 - 교차로안,화물,남,58세,상해없음,보행자,여,86세,중상
2021011400100158,2021년 1월 14일 10시,목요일,경기도 하남시 천현동,경상사고,0,0,1,0,차대사람 - 횡단중,보행자보호의무위반,포장 - 건조,맑음,교차로 - 교차로횡단보도내,화물,남,65세,상해없음,보행자,남,33세,경상
2021011400100187,2021년 1월 14일 11시,목요일,경기도 수원시 영통구 영통동,중상사고,0,1,0,0,차대사람 - 기타,안전운전불이행,포장 - 건조,맑음,단일로 - 기타,개인형이동수단(PM),여,19세,상해없음,보행자,남,77세,중상
2021011400100189,2021년 1월 14일 11시,목요일,경기도 용인시 수지구 죽전동,경상사고,0,0,1,0,차대사람 - 보도통행중,보행자보호의무위반,포장 - 젖음/습기,맑음,교차로 - 교차로횡단보도내,승용,여,62세,상해없음,보행자,여,52세,경상
2021011400100209,2021년 1월 14일 11시,목요일,경기도 구리시 교문동,경상사고,0,0,1,0,차대사람 - 보도통행중,기타,포장 - 건조,맑음,단일로 - 기타,화물,남,60세,상해없음,보행자,여,57세,경상
2021011400100217,2021년 1월 14일 12시,목요일,경기도 수원시 장안구 파장동,중상사고,0,1,0,0,차대사람 - 기타,안전운전불이행,포장 - 건조,맑음,단일로 - 기타,승용,남,54세,상해없음,보행자,여,68세,중상
2021011400100218,2021년 1월 14일 12시,목요일,경기도 평택시 통복동,경상사고,0,0,1,0,차대사람 - 기타,안전운전불이행,포장 - 건조,맑음,단일로 - 기타,승용,남,79세,상해없음,보행자,남,45세,경상
2021011400100287,2021년 1월 14일 14시,목요일,경기도 용인시 수지구 상현동,부상신고사고,0,0,0,1,차대사람 - 횡단중,안전운전불이행,포장 - 건조,맑음,교차로 - 교차로안,화물,남,52세,상해없음,보행자,남,65세,부상신고
2021011400100319,2021년 1월 14일 15시,목요일,경기도 수원시 팔달구 팔달로3가,경상사고,0,0,1,0,차대사람 - 보도통행중,기타,포장 - 건조,맑음,단일로 - 기타,화물,남,44세,상해없음,보행자,남,49세,경상
2021011400100320,2021년 1월 14일 15시,목요일,경기도 안성시 미양면,경상사고,0,0,1,0,차대사람 - 길가장자리구역통행중,안전운전불이행,포장 - 건조,맑음,단일로 - 기타,화물,남,89세,상해없음,보행자,여,58세,경상
2021011400100323,2021년 1월 14일 15시,목요일,경기도 성남시 중원구 성남동,중상사고,0,1,0,0,차대사람 - 기타,안전운전불이행,포장 - 건조,맑음,단일로 - 기타,승용,여,47세,상해없음,보행자,여,67세,중상
2021011400100343,2021년 1월 14일 15시,목요일,경기도 동두천시 생연동,경상사고,0,0,1,0,차대사람 - 기타,안전운전불이행,포장 - 건조,맑음,단일로 - 기타,승용,여,63세,상해없음,보행자,여,63세,경상
2021011400100361,2021년 1월 14일 16시,목요일,경기도 김포시 장기동,중상사고,0,1,0,0,차대사람 - 횡단중,보행자보호의무위반,포장 - 건조,맑음,교차로 - 교차로안,승용,남,81세,상해없음,보행자,여,53세,중상
2021011400100381,2021년 1월 14일 16시,목요일,경기도 고양시 일산서구 주엽동,경상사고,0,0,1,0,차대사람 - 횡단중,보행자보호의무위반,포장 - 건조,맑음,단일로 - 기타,승용,남,72세,상해없음,보행자,남,5세,경상
2021011400100436,2021년 1월 14일 18시,목요일,경기도 수원시 장안구 천천동,경상사고,0,0,2,1,차대사람 - 기타,신호위반,포장 - 건조,맑음,단일로 - 기타,이륜,남,19세,부상신고,보행자,여,66세,경상
2021011400100442,2021년 1월 14일 18시,목요일,경기도 김포시 양촌읍,중상사고,0,1,0,0,차대사람 - 차도통행중,안전운전불이행,포장 - 건조,맑음,교차로 - 교차로부근,승용,남,43세,상해없음,보행자,남,54세,중상
2021011400100443,2021년 1월 14일 18시,목요일,경기도 양평군 양평읍,중상사고,0,1,0,0,차대사람 - 기타,안전운전불이행,포장 - 건조,맑음,단일로 - 기타,승용,여,46세,상해없음,보행자,여,81세,중상
2021011400100448,2021년 1월 14일 18시,목요일,경기도 수원시 권선구 세류동,경상사고,0,0,1,0,차대사람 - 기타,안전운전불이행,포장 - 건조,맑음,단일로 - 기타,승용,여,54세,상해없음,보행자,여,41세,경상
2021011400100478,2021년 1월 14일 18시,목요일,경기도 의정부시 호원동,중상사고,0,1,0,0,차대사람 - 횡단중,안전운전불이행,포장 - 건조,맑음,단일로 - 기타,승용,여,41세,상해없음,보행자,여,75세,중상
2021011400100503,2021년 1월 14일 19시,목요일,경기도 부천시 중동,경상사고,0,0,1,0,차대사람 - 횡단중,보행자보호의무위반,포장 - 건조,맑음,교차로 - 교차로횡단보도내,승용,남,40세,상해없음,보행자,여,27세,경상
2021011400100512,2021년 1월 14일 19시,목요일,경기도 부천시 원종동,중상사고,0,1,0,0,차대사람 - 횡단중,신호위반,포장 - 건조,흐림,단일로 - 기타,승용,남,63세,상해없음,보행자,여,62세,중상
2021011400100530,2021년 1월 14일 19시,목요일,경기도 파주시 조리읍,중상사고,0,1,0,0,차대사람 - 기타,안전운전불이행,포장 - 건조,맑음,교차로 - 교차로부근,승용,남,37세,상해없음,보행자,남,64세,중상
2021011400100542,2021년 1월 14일 20시,목요일,경기도 안산시 단원구 원곡동,중상사고,0,1,0,0,차대사람 - 길가장자리구역통행중,안전운전불이행,포장 - 건조,맑음,교차로 - 교차로부근,승용,남,29세,상해없음,보행자,남,75세,중상
2021011400100581,2021년 1월 14일 21시,목요일,경기도 용인시 기흥구 마북동,중상사고,0,1,0,0,차대사람 - 횡단중,안전운전불이행,포장 - 건조,맑음,단일로 - 기타,승용,여,71세,상해없음,보행자,남,42세,중상
2021011400100582,2021년 1월 14일 21시,목요일,경기도 화성시 영천동,중상사고,0,1,0,0,차대사람 - 기타,안전운전불이행,포장 - 건조,맑음,단일로 - 기타,승용,남,50세,상해없음,보행자,여,41세,중상
2021011400100618,2021년 1월 14일 22시,목요일,경기도 화성시 반월동,중상사고,0,1,0,0,차대사람 - 기타,불법유턴,포장 - 건조,맑음,단일로 - 기타,승용,남,66세,상해없음,보행자,여,51세,중상
2021011500100044,2021년 1월 15일 07시,금요일,경기도 평택시 장당동,중상사고,0,1,0,0,차대사람 - 기타,보행자보호의무위반,포장 - 건조,맑음,교차로 - 교차로횡단보도내,승용,남,30세,상해없음,보행자,여,33세,중상
2021011500100047,2021년 1월 15일 07시,금요일,경기도 부천시 역곡동,경상사고,0,0,1,0,차대사람 - 기타,보행자보호의무위반,포장 - 건조,맑음,교차로 - 교차로횡단보도내,승용,남,51세,상해없음,보행자,여,22세,경상
2021011500100081,2021년 1월 15일 08시,금요일,경기도 수원시 권선구 고색동,경상사고,0,0,1,0,차대사람 - 보도통행중,기타,포장 - 건조,맑음,단일로 - 기타,자전거,여,66세,상해없음,보행자,남,47세,경상
2021011500100093,2021년 1월 15일 09시,금요일,경기도 평택시 비전동,경상사고,0,0,1,0,차대사람 - 횡단중,안전운전불이행,포장 - 건조,맑음,단일로 - 기타,승용,남,66세,상해없음,보행자,여,42세,경상
2021011500100199,2021년 1월 15일 12시,금요일,경기도 의정부시 의정부동,경상사고,0,0,1,0,차대사람 - 기타,기타,포장 - 건조,맑음,단일로 - 기타,승합,남,49세,상해없음,보행자,여,61세,경상
2021011500100209,2021년 1월 15일 13시,금요일,경기도 성남시 수정구 수진동,경상사고,0,0,1,0,차대사람 - 기타,안전운전불이행,포장 - 건조,맑음,단일로 - 기타,승용,여,58세,상해없음,보행자,남,39세,경상
2021011500100216,2021년 1월 15일 13시,금요일,경기도 수원시 권선구 고색동,경상사고,0,0,1,0,차대사람 - 기타,안전운전불이행,포장 - 건조,맑음,단일로 - 기타,화물,남,54세,상해없음,보행자,남,24세,경상
2021011500100277,2021년 1월 15일 14시,금요일,경기도 남양주시 진접읍,사망사고,1,0,0,0,차대사람 - 횡단중,보행자보호의무위반,포장 - 건조,맑음,교차로 - 교차로횡단보도내,화물,남,32세,상해없음,보행자,여,72세,사망
2021011500100405,2021년 1월 15일 18시,금요일,경기도 광주시 경안동,중상사고,0,1,0,0,차대사람 - 횡단중,안전운전불이행,포장 - 건조,흐림,교차로 - 교차로안,승용,여,48세,상해없음,보행자,남,69세,중상
2021011500100408,2021년 1월 15일 18시,금요일,경기도 부천시 원미동,경상사고,0,0,1,0,차대사람 - 기타,안전운전불이행,포장 - 젖음/습기,흐림,교차로 - 교차로안,승용,여,40세,상해없음,보행자,남,41세,경상
2021011500100459,2021년 1월 15일 18시,금요일,경기도 파주시 금촌동,경상사고,0,0,1,0,차대사람 - 횡단중,보행자보호의무위반,포장 - 건조,맑음,교차로 - 교차로안,승합,남,78세,상해없음,보행자,여,82세,경상
2021011500100481,2021년 1월 15일 19시,금요일,경기도 오산시 오산동,중상사고,0,1,0,0,차대사람 - 기타,안전운전불이행,포장 - 건조,맑음,교차로 - 교차로안,승합,남,56세,상해없음,보행자,남,41세,중상
2021011500100482,2021년 1월 15일 19시,금요일,경기도 오산시 수청동,경상사고,0,0,1,0,차대사람 - 차도통행중,안전운전불이행,포장 - 건조,맑음,단일로 - 기타,승용,여,44세,상해없음,보행자,남,24세,경상
2021011500100510,2021년 1월 15일 19시,금요일,경기도 포천시 설운동,중상사고,0,1,0,0,차대사람 - 횡단중,안전운전불이행,포장 - 건조,맑음,교차로 - 교차로횡단보도내,승합,여,63세,상해없음,보행자,남,63세,중상
2021011500100523,2021년 1월 15일 20시,금요일,경기도 안양시 동안구 관양동,경상사고,0,0,1,0,차대사람 - 횡단중,안전운전불이행,포장 - 건조,맑음,교차로 - 교차로횡단보도내,승용,남,66세,상해없음,보행자,여,56세,경상
2021011500100526,2021년 1월 15일 20시,금요일,경기도 오산시 원동,중상사고,0,1,0,0,차대사람 - 기타,안전운전불이행,포장 - 건조,맑음,교차로 - 교차로안,화물,남,59세,상해없음,보행자,여,78세,중상
2021011500100527,2021년 1월 15일 20시,금요일,경기도 수원시 영통구 매탄동,중상사고,0,1,0,0,차대사람 - 차도통행중,안전운전불이행,포장 - 건조,맑음,단일로 - 기타,승용,남,63세,상해없음,보행자,여,47세,중상
2021011500100560,2021년 1월 15일 21시,금요일,경기도 수원시 장안구 조원동,부상신고사고,0,0,0,1,차대사람 - 기타,안전운전불이행,포장 - 건조,맑음,단일로 - 기타,원동기,남,28세,부상신고,보행자,남,45세,상해없음
2021011500100564,2021년 1월 15일 21시,금요일,경기도 광주시 초월읍,중상사고,0,1,0,0,차대사람 - 기타,안전운전불이행,포장 - 건조,맑음,기타 - 기타,승용,남,46세,상해없음,보행자,여,41세,중상
2021011500100567,2021년 1월 15일 21시,금요일,경기도 수원시 팔달구 인계동,경상사고,0,0,1,0,차대사람 - 기타,안전운전불이행,포장 - 건조,맑음,교차로 - 교차로부근,승용,남,36세,상해없음,보행자,남,17세,경상
2021011500100570,2021년 1월 15일 21시,금요일,경기도 수원시 권선구 서둔동,중상사고,0,1,0,0,차대사람 - 기타,안전운전불이행,포장 - 건조,맑음,교차로 - 교차로부근,이륜,남,52세,상해없음,보행자,남,13세,중상
2021011500100588,2021년 1월 15일 21시,금요일,경기도 파주시 야당동,중상사고,0,1,0,0,차대사람 - 횡단중,보행자보호의무위반,포장 - 건조,맑음,단일로 - 기타,승용,남,55세,상해없음,보행자,남,51세,중상
2021011500100599,2021년 1월 15일 22시,금요일,경기도 광주시 퇴촌면,사망사고,1,0,0,0,차대사람 - 차도통행중,안전운전불이행,포장 - 건조,맑음,단일로 - 기타,승용,여,46세,상해없음,보행자,남,63세,사망
2021011600100036,2021년 1월 16일 06시,토요일,경기도 부천시 송내동,경상사고,0,0,1,0,차대사람 - 기타,안전운전불이행,포장 - 건조,맑음,교차로 - 교차로안,승용,남,38세,상해없음,보행자,남,60세,경상
2021011600100063,2021년 1월 16일 09시,토요일,경기도 평택시 서정동,중상사고,0,1,0,0,차대사람 - 기타,보행자보호의무위반,포장 - 건조,맑음,교차로 - 교차로안,승용,남,58세,상해없음,보행자,남,58세,중상
2021011600100064,2021년 1월 16일 09시,토요일,경기도 광주시 경안동,경상사고,0,0,1,0,차대사람 - 횡단중,보행자보호의무위반,포장 - 건조,맑음,교차로 - 교차로안,화물,남,52세,상해없음,보행자,여,21세,경상
2021011600100182,2021년 1월 16일 14시,토요일,경기도 수원시 팔달구 지동,경상사고,0,0,1,0,차대사람 - 기타,안전운전불이행,포장 - 건조,맑음,단일로 - 기타,승용,여,59세,상해없음,보행자,남,50세,경상
2021011600100187,2021년 1월 16일 14시,토요일,경기도 성남시 중원구 중앙동,경상사고,0,0,1,0,차대사람 - 길가장자리구역통행중,안전운전불이행,포장 - 건조,맑음,단일로 - 기타,승용,남,48세,상해없음,보행자,여,59세,경상
2021011600100323,2021년 1월 16일 18시,토요일,경기도 성남시 수정구 신흥동,경상사고,0,0,1,0,차대사람 - 횡단중,신호위반,포장 - 기타,맑음,단일로 - 기타,승용,남,56세,상해없음,보행자,여,68세,경상
2021011600100326,2021년 1월 16일 18시,토요일,경기도 광주시 오포읍,경상사고,0,0,1,0,차대사람 - 기타,기타,포장 - 건조,맑음,교차로 - 교차로부근,승용,여,36세,상해없음,보행자,여,47세,경상
2021011600100357,2021년 1월 16일 18시,토요일,경기도 고양시 일산서구 일산동,경상사고,0,0,1,0,차대사람 - 기타,안전운전불이행,포장 - 건조,맑음,교차로 - 교차로안,승용,남,46세,상해없음,보행자,남,63세,경상
2021011600100371,2021년 1월 16일 19시,토요일,경기도 수원시 팔달구 인계동,경상사고,0,0,1,0,차대사람 - 기타,안전운전불이행,포장 - 건조,맑음,기타 - 기타,승용,남,28세,상해없음,보행자,남,42세,경상
2021011600100399,2021년 1월 16일 20시,토요일,경기도 용인시 처인구 마평동,사망사고,1,0,0,0,차대사람 - 기타,안전운전불이행,포장 - 건조,맑음,단일로 - 기타,승용,남,19세,상해없음,보행자,남,60세,사망
2021011600100424,2021년 1월 16일 21시,토요일,경기도 성남시 분당구 서현동,경상사고,0,0,1,0,차대사람 - 횡단중,보행자보호의무위반,포장 - 건조,맑음,단일로 - 기타,승용,남,41세,상해없음,보행자,남,63세,경상
2021011600100454,2021년 1월 16일 21시,토요일,경기도 양주시 백석읍,경상사고,0,0,1,0,차대사람 - 보도통행중,기타,포장 - 건조,맑음,단일로 - 기타,승용,남,63세,상해없음,보행자,여,50세,경상
2021011600100478,2021년 1월 16일 23시,토요일,경기도 광주시 탄벌동,중상사고,0,1,1,0,차대사람 - 보도통행중,기타,포장 - 건조,맑음,교차로 - 교차로안,승용,남,49세,상해없음,보행자,남,62세,중상
2021011700100076,2021년 1월 17일 12시,일요일,경기도 광주시 오포읍,경상사고,0,0,1,0,차대사람 - 기타,안전운전불이행,포장 - 건조,맑음,단일로 - 기타,화물,남,75세,상해없음,보행자,남,31세,경상
2021011700100109,2021년 1월 17일 13시,일요일,경기도 고양시 일산서구 대화동,경상사고,0,0,1,0,차대사람 - 차도통행중,안전운전불이행,포장 - 건조,맑음,단일로 - 기타,승용,여,57세,상해없음,보행자,여,22세,경상
2021011700100139,2021년 1월 17일 15시,일요일,경기도 광주시 초월읍,경상사고,0,0,1,0,차대사람 - 기타,안전운전불이행,포장 - 건조,맑음,단일로 - 기타,승용,남,29세,상해없음,보행자,여,7세,경상
2021011700100178,2021년 1월 17일 17시,일요일,경기도 평택시 지산동,부상신고사고,0,0,0,1,차대사람 - 횡단중,기타,포장 - 건조,맑음,교차로 - 교차로부근,승용,남,50세,상해없음,보행자,남,19세,부상신고
2021011700100180,2021년 1월 17일 17시,일요일,경기도 부천시 심곡동,경상사고,0,0,1,0,차대사람 - 횡단중,안전운전불이행,포장 - 건조,맑음,단일로 - 기타,승합,여,53세,상해없음,보행자,여,54세,경상
2021011700100211,2021년 1월 17일 18시,일요일,경기도 시흥시 대야동,중상사고,0,1,0,0,차대사람 - 차도통행중,안전운전불이행,포장 - 건조,맑음,단일로 - 기타,화물,남,56세,상해없음,보행자,남,54세,중상
2021011700100212,2021년 1월 17일 18시,일요일,경기도 화성시 기산동,중상사고,0,1,0,0,차대사람 - 차도통행중,안전운전불이행,포장 - 건조,맑음,교차로 - 교차로안,화물,남,48세,상해없음,보행자,남,60세,중상
2021011700100234,2021년 1월 17일 18시,일요일,경기도 가평군 가평읍,경상사고,0,0,1,0,차대사람 - 횡단중,보행자보호의무위반,포장 - 건조,흐림,교차로 - 교차로부근,승용,남,52세,상해없음,보행자,남,37세,경상
2021011700100277,2021년 1월 17일 21시,일요일,경기도 평택시 서정동,경상사고,0,0,1,0,차대사람 - 기타,신호위반,포장 - 건조,맑음,교차로 - 교차로안,승용,남,63세,상해없음,보행자,여,36세,경상
2021011700100278,2021년 1월 17일 21시,일요일,경기도 김포시 대곶면,중상사고,0,1,0,0,차대사람 - 차도통행중,안전운전불이행,포장 - 건조,맑음,단일로 - 기타,승용,남,52세,상해없음,보행자,여,85세,중상
2021011800100047,2021년 1월 18일 08시,월요일,경기도 용인시 기흥구 영덕동,경상사고,0,0,1,0,차대사람 - 횡단중,안전운전불이행,포장 - 적설,눈,단일로 - 기타,화물,남,74세,상해없음,보행자,여,45세,경상
2021011800100146,2021년 1월 18일 12시,월요일,경기도 부천시 상동,중상사고,0,1,0,0,차대사람 - 횡단중,보행자보호의무위반,포장 - 건조,흐림,교차로 - 교차로횡단보도내,승용,남,33세,상해없음,보행자,남,77세,중상
2021011800100168,2021년 1월 18일 13시,월요일,경기도 평택시 서탄면,경상사고,0,0,1,0,차대사람 - 기타,안전운전불이행,포장 - 건조,흐림,단일로 - 기타,화물,남,56세,상해없음,보행자,남,84세,경상
2021011800100169,2021년 1월 18일 13시,월요일,경기도 용인시 기흥구 상하동,경상사고,0,0,1,0,차대사람 - 기타,안전운전불이행,포장 - 건조,맑음,기타 - 기타,승용,여,40세,상해없음,보행자,남,12세,경상
2021011800100172,2021년 1월 18일 13시,월요일,경기도 수원시 영통구 매탄동,경상사고,0,0,1,0,차대사람 - 횡단중,보행자보호의무위반,포장 - 건조,맑음,교차로 - 교차로횡단보도내,화물,남,57세,상해없음,보행자,여,61세,경상
2021011800100186,2021년 1월 18일 14시,월요일,경기도 평택시 칠괴동,경상사고,0,0,1,0,차대사람 - 기타,안전운전불이행,포장 - 서리/결빙,눈,단일로 - 기타,승용,남,37세,상해없음,보행자,남,26세,경상
2021011800100187,2021년 1월 18일 14시,월요일,경기도 오산시 궐동,중상사고,0,1,0,0,차대사람 - 기타,중앙선침범,포장 - 젖음/습기,눈,단일로 - 기타,승용,남,48세,상해없음,보행자,남,28세,중상
2021011800100253,2021년 1월 18일 16시,월요일,경기도 고양시 일산서구 탄현동,중상사고,0,1,0,0,차대사람 - 횡단중,보행자보호의무위반,포장 - 건조,맑음,교차로 - 교차로안,자전거,여,62세,상해없음,보행자,여,77세,중상
2021011800100262,2021년 1월 18일 17시,월요일,경기도 수원시 장안구 연무동,부상신고사고,0,0,0,1,차대사람 - 기타,안전운전불이행,포장 - 젖음/습기,흐림,교차로 - 교차로안,화물,남,56세,상해없음,보행자,남,47세,부상신고
2021011800100267,2021년 1월 18일 17시,월요일,경기도 수원시 영통구 원천동,중상사고,0,1,0,0,차대사람 - 횡단중,신호위반,포장 - 건조,맑음,교차로 - 교차로횡단보도내,승용,여,56세,상해없음,보행자,여,52세,중상
2021011800100301,2021년 1월 18일 18시,월요일,경기도 수원시 장안구 정자동,경상사고,0,0,1,0,차대사람 - 기타,기타,포장 - 건조,맑음,단일로 - 기타,승합,남,63세,상해없음,보행자,여,26세,경상
2021011800100306,2021년 1월 18일 18시,월요일,경기도 광명시 철산동,경상사고,0,0,1,0,차대사람 - 기타,안전운전불이행,포장 - 건조,맑음,단일로 - 기타,승용,남,18세,상해없음,보행자,남,51세,경상
2021011800100308,2021년 1월 18일 18시,월요일,경기도 수원시 권선구 곡반정동,중상사고,0,1,0,0,차대사람 - 차도통행중,안전운전불이행,포장 - 젖음/습기,맑음,교차로 - 교차로안,화물,남,55세,상해없음,보행자,여,63세,중상
2021011800100309,2021년 1월 18일 18시,월요일,경기도 시흥시 신천동,경상사고,0,0,1,0,차대사람 - 횡단중,보행자보호의무위반,포장 - 건조,맑음,교차로 - 교차로안,승용,여,47세,상해없음,보행자,남,55세,경상
2021011800100311,2021년 1월 18일 18시,월요일,경기도 수원시 권선구 세류동,경상사고,0,0,1,0,차대사람 - 기타,안전운전불이행,포장 - 건조,맑음,단일로 - 기타,승용,여,56세,상해없음,보행자,남,7세,경상
2021011800100340,2021년 1월 18일 18시,월요일,경기도 남양주시 다산동,중상사고,0,1,0,0,차대사람 - 기타,안전운전불이행,포장 - 건조,기타,기타 - 기타,승용,남,35세,상해없음,보행자,남,80세,중상
2021011800100341,2021년 1월 18일 18시,월요일,경기도 파주시 문산읍,중상사고,0,1,0,0,차대사람 - 기타,보행자보호의무위반,포장 - 건조,맑음,단일로 - 기타,승용,남,54세,상해없음,보행자,남,56세,중상
2021011800100359,2021년 1월 18일 19시,월요일,경기도 안성시 원곡면,중상사고,0,1,0,0,차대사람 - 차도통행중,안전운전불이행,포장 - 젖음/습기,맑음,기타 - 기타,승용,남,27세,상해없음,보행자,남,45세,중상
2021011800100360,2021년 1월 18일 19시,월요일,경기도 부천시 소사본동,경상사고,0,0,1,0,차대사람 - 횡단중,신호위반,포장 - 건조,맑음,교차로 - 교차로안,이륜,남,23세,상해없음,보행자,여,49세,경상
2021011800100362,2021년 1월 18일 19시,월요일,경기도 오산시 벌음동,경상사고,0,0,1,0,차대사람 - 횡단중,안전운전불이행,포장 - 건조,맑음,교차로 - 교차로안,기타불명,기타불명,미분류,기타불명,보행자,남,10세,경상
2021011800100365,2021년 1월 18일 19시,월요일,경기도 성남시 분당구 야탑동,경상사고,0,0,1,0,차대사람 - 횡단중,신호위반,포장 - 건조,맑음,교차로 - 교차로횡단보도내,승용,남,60세,상해없음,보행자,남,15세,경상
2021011800100405,2021년 1월 18일 20시,월요일,경기도 광주시 오포읍,중상사고,0,1,0,0,차대사람 - 횡단중,신호위반,포장 - 젖음/습기,흐림,교차로 - 교차로안,이륜,남,31세,상해없음,보행자,남,49세,중상
2021011800100418,2021년 1월 18일 20시,월요일,경기도 포천시 소흘읍,경상사고,0,0,1,0,차대사람 - 횡단중,안전운전불이행,포장 - 건조,맑음,교차로 - 교차로횡단보도내,승용,여,54세,상해없음,보행자,남,56세,경상
2021011800100435,2021년 1월 18일 21시,월요일,경기도 평택시 이충동,사망사고,1,0,0,0,차대사람 - 횡단중,과속,포장 - 건조,맑음,교차로 - 교차로횡단보도내,승용,남,24세,상해없음,보행자,여,62세,사망
2021011800100463,2021년 1월 18일 22시,월요일,경기도 수원시 팔달구 팔달로3가,중상사고,0,1,0,0,차대사람 - 횡단중,보행자보호의무위반,포장 - 건조,맑음,교차로 - 교차로횡단보도내,승용,남,45세,상해없음,보행자,여,54세,중상
2021011800100467,2021년 1월 18일 22시,월요일,경기도 용인시 처인구 유방동,경상사고,0,0,1,0,차대사람 - 차도통행중,안전운전불이행,포장 - 적설,맑음,단일로 - 기타,승용,남,43세,상해없음,보행자,남,64세,경상
2021011900100037,2021년 1월 19일 06시,화요일,경기도 파주시 야당동,경상사고,0,0,1,0,차대사람 - 횡단중,보행자보호의무위반,포장 - 건조,맑음,교차로 - 교차로안,화물,남,76세,상해없음,보행자,여,27세,경상
2021011900100038,2021년 1월 19일 06시,화요일,경기도 남양주시 진접읍,중상사고,0,1,0,0,차대사람 - 기타,안전운전불이행,포장 - 건조,맑음,교차로 - 교차로부근,승용,여,57세,상해없음,보행자,남,45세,중상
2021011900100078,2021년 1월 19일 08시,화요일,경기도 안산시 상록구 사동,중상사고,0,1,0,0,차대사람 - 기타,안전운전불이행,포장 - 건조,맑음,기타 - 기타,자전거,남,39세,기타불명,보행자,여,62세,중상
2021011900100080,2021년 1월 19일 08시,화요일,경기도 부천시 삼정동,중상사고,0,1,0,0,차대사람 - 기타,신호위반,포장 - 건조,맑음,교차로 - 교차로횡단보도내,화물,남,63세,상해없음,보행자,여,60세,중상
2021011900100148,2021년 1월 19일 10시,화요일,경기도 하남시 상산곡동,경상사고,0,0,1,0,차대사람 - 횡단중,보행자보호의무위반,포장 - 건조,맑음,교차로 - 교차로횡단보도내,화물,남,70세,상해없음,보행자,남,31세,경상
2021011900100174,2021년 1월 19일 11시,화요일,경기도 평택시 비전동,경상사고,0,0,1,0,차대사람 - 횡단중,보행자보호의무위반,포장 - 건조,맑음,기타 - 기타,승용,여,46세,상해없음,보행자,여,30세,경상
2021011900100239,2021년 1월 19일 13시,화요일,경기도 안성시 서인동,중상사고,0,1,0,0,차대사람 - 기타,안전운전불이행,포장 - 건조,맑음,단일로 - 기타,승합,남,59세,상해없음,보행자,남,69세,중상
2021011900100245,2021년 1월 19일 13시,화요일,경기도 화성시 봉담읍,사망사고,1,0,0,0,차대사람 - 기타,안전운전불이행,포장 - 건조,맑음,단일로 - 기타,승용,남,58세,상해없음,보행자,여,79세,사망
2021011900100274,2021년 1월 19일 14시,화요일,경기도 군포시 산본동,경상사고,0,0,1,0,차대사람 - 기타,보행자보호의무위반,포장 - 건조,맑음,교차로 - 교차로횡단보도내,승용,남,65세,상해없음,보행자,남,17세,경상
2021011900100306,2021년 1월 19일 15시,화요일,경기도 오산시 원동,중상사고,0,1,0,0,차대사람 - 횡단중,보행자보호의무위반,포장 - 건조,맑음,교차로 - 교차로횡단보도내,승용,여,36세,상해없음,보행자,여,76세,중상
2021011900100308,2021년 1월 19일 15시,화요일,경기도 안양시 만안구 안양동,중상사고,0,1,0,0,차대사람 - 기타,안전운전불이행,포장 - 건조,맑음,단일로 - 기타,화물,남,61세,상해없음,보행자,남,77세,중상
2021011900100336,2021년 1월 19일 16시,화요일,경기도 시흥시 능곡동,경상사고,0,0,1,0,차대사람 - 기타,안전운전불이행,포장 - 건조,맑음,단일로 - 기타,승용,여,55세,상해없음,보행자,여,35세,경상
2021011900100377,2021년 1월 19일 17시,화요일,경기도 성남시 분당구 이매동,경상사고,0,0,1,0,차대사람 - 차도통행중,안전운전불이행,포장 - 건조,흐림,기타 - 기타,승용,여,33세,상해없음,보행자,여,21세,경상
2021011900100402,2021년 1월 19일 17시,화요일,경기도 고양시 덕양구 삼송동,경상사고,0,0,1,0,차대사람 - 기타,안전운전불이행,포장 - 건조,맑음,주차장 - 주차장,승용,남,40세,상해없음,보행자,여,51세,경상
2021011900100415,2021년 1월 19일 18시,화요일,경기도 성남시 수정구 태평동,경상사고,0,0,1,0,차대사람 - 기타,안전운전불이행,포장 - 건조,맑음,단일로 - 기타,승용,남,59세,상해없음,보행자,남,48세,경상
2021011900100419,2021년 1월 19일 18시,화요일,경기도 광주시 태전동,경상사고,0,0,1,0,차대사람 - 차도통행중,안전운전불이행,포장 - 건조,맑음,기타 - 기타,승용,남,56세,기타불명,보행자,남,62세,경상
2021011900100421,2021년 1월 19일 18시,화요일,경기도 김포시 구래동,경상사고,0,0,1,0,차대사람 - 기타,신호위반,포장 - 젖음/습기,맑음,교차로 - 교차로부근,이륜,남,23세,상해없음,보행자,남,59세,경상
2021011900100518,2021년 1월 19일 20시,화요일,경기도 평택시 신장동,경상사고,0,0,1,0,차대사람 - 기타,안전운전불이행,포장 - 건조,맑음,교차로 - 교차로부근,승용,여,48세,상해없음,보행자,여,17세,경상
2021011900100520,2021년 1월 19일 20시,화요일,경기도 성남시 중원구 중앙동,중상사고,0,1,0,1,차대사람 - 횡단중,신호위반,포장 - 젖음/습기,맑음,단일로 - 기타,이륜,남,30세,부상신고,보행자,여,29세,중상