사고번호,사고일시,요일,시군구,사고내용,사망자수,중상자수,경상자수,부상신고자수,사고유형,법규위반,노면상태,기상상태,도로형태,가해운전자 차종,가해운전자 성별,가해운전자 연령,가해운전자 상해정도,피해운전자 차종,피해운전자 성별,피해운전자 연령,피해운전자 상해정도
2021011900100588,2021년 1월 19일 21시,화요일,경기도 의정부시 의정부동,경상사고,0,0,1,0,차대사람 - 횡단중,안전운전불이행,포장 - 건조,맑음,단일로 - 지하차도(도로)내,이륜,남,29세,상해없음,보행자,남,58세,경상
2021011900100610,2021년 1월 19일 22시,화요일,경기도 파주시 문산읍,중상사고,0,1,0,0,차대사람 - 기타,안전운전불이행,포장 - 건조,맑음,단일로 - 기타,승용,남,46세,상해없음,보행자,남,82세,중상
2021012000100006,2021년 1월 20일 00시,수요일,경기도 성남시 중원구 하대원동,사망사고,1,0,0,0,차대사람 - 차도통행중,안전운전불이행,포장 - 건조,맑음,단일로 - 기타,승용,남,72세,상해없음,보행자,여,68세,사망
2021012000100041,2021년 1월 20일 06시,수요일,경기도 화성시 남양읍,경상사고,0,0,2,0,차대사람 - 횡단중,보행자보호의무위반,포장 - 건조,맑음,교차로 - 교차로안,승용,여,64세,상해없음,보행자,남,28세,경상
2021012000100060,2021년 1월 20일 07시,수요일,경기도 평택시 청북읍,부상신고사고,0,0,0,1,차대사람 - 기타,안전운전불이행,포장 - 건조,맑음,단일로 - 기타,승합,남,37세,상해없음,보행자,여,29세,부상신고
2021012000100066,2021년 1월 20일 07시,수요일,경기도 김포시 고촌읍,중상사고,0,1,1,0,차대사람 - 기타,안전운전불이행,포장 - 서리/결빙,맑음,단일로 - 기타,승용,남,65세,상해없음,보행자,남,38세,중상
2021012000100080,2021년 1월 20일 08시,수요일,경기도 수원시 장안구 송죽동,경상사고,0,0,1,0,차대사람 - 기타,신호위반,포장 - 건조,맑음,교차로 - 교차로안,승용,여,56세,상해없음,보행자,여,58세,경상
2021012000100084,2021년 1월 20일 08시,수요일,경기도 안양시 만안구 박달동,중상사고,0,1,0,0,차대사람 - 기타,안전운전불이행,포장 - 건조,맑음,단일로 - 기타,승용,여,45세,상해없음,보행자,여,71세,중상
2021012000100157,2021년 1월 20일 10시,수요일,경기도 용인시 처인구 김량장동,중상사고,0,1,0,0,차대사람 - 횡단중,보행자보호의무위반,포장 - 건조,맑음,교차로 - 교차로안,승용,남,38세,상해없음,보행자,여,27세,중상
2021012000100158,2021년 1월 20일 10시,수요일,경기도 수원시 권선구 권선동,중상사고,0,1,0,0,차대사람 - 기타,안전운전불이행,포장 - 기타,맑음,단일로 - 기타,승합,남,61세,상해없음,보행자,여,87세,중상
2021012000100159,2021년 1월 20일 10시,수요일,경기도 군포시 산본동,중상사고,0,1,0,0,차대사람 - 횡단중,안전운전불이행,포장 - 건조,맑음,교차로 - 교차로안,승용,남,24세,상해없음,보행자,여,78세,중상
2021012000100160,2021년 1월 20일 10시,수요일,경기도 안산시 상록구 사동,사망사고,1,0,0,0,차대사람 - 기타,과속,포장 - 건조,맑음,단일로 - 기타,승용,남,54세,상해없음,보행자,남,66세,사망
2021012000100192,2021년 1월 20일 11시,수요일,경기도 평택시 이충동,중상사고,0,1,0,0,차대사람 - 기타,보행자보호의무위반,포장 - 건조,맑음,단일로 - 기타,화물,남,50세,상해없음,보행자,여,81세,중상
2021012000100220,2021년 1월 20일 11시,수요일,경기도 남양주시 별내동,중상사고,0,1,0,0,차대사람 - 횡단중,안전운전불이행,포장 - 건조,맑음,교차로 - 교차로횡단보도내,승용,남,53세,상해없음,보행자,여,87세,중상
2021012000100239,2021년 1월 20일 12시,수요일,경기도 부천시 심곡본동,경상사고,0,0,1,0,차대사람 - 기타,기타,포장 - 기타,맑음,기타 - 기타,승용,남,22세,상해없음,보행자,남,57세,경상
2021012000100257,2021년 1월 20일 12시,수요일,경기도 고양시 일산서구 일산동,경상사고,0,0,1,0,차대사람 - 기타,안전운전불이행,포장 - 건조,맑음,단일로 - 기타,승용,여,48세,상해없음,보행자,여,73세,경상
2021012000100295,2021년 1월 20일 13시,수요일,경기도 남양주시 다산동,경상사고,0,0,1,0,차대사람 - 횡단중,기타,포장 - 건조,맑음,단일로 - 기타,화물,남,36세,상해없음,보행자,남,59세,경상
2021012000100296,2021년 1월 20일 13시,수요일,경기도 고양시 일산서구 주엽동,부상신고사고,0,0,0,1,차대사람 - 횡단중,보행자보호의무위반,포장 - 건조,맑음,교차로 - 교차로횡단보도내,승용,여,58세,상해없음,보행자,남,67세,부상신고
2021012000100309,2021년 1월 20일 14시,수요일,경기도 평택시 세교동,중상사고,0,1,0,0,차대사람 - 기타,안전운전불이행,포장 - 건조,맑음,단일로 - 기타,승합,남,50세,상해없음,보행자,여,67세,중상
2021012000100310,2021년 1월 20일 14시,수요일,경기도 이천시 갈산동,경상사고,0,0,1,0,차대사람 - 기타,안전운전불이행,포장 - 건조,맑음,기타 - 기타,승합,여,46세,상해없음,보행자,여,11세,경상
2021012000100311,2021년 1월 20일 14시,수요일,경기도 부천시 중동,경상사고,0,0,1,0,차대사람 - 보도통행중,안전운전불이행,포장 - 건조,맑음,단일로 - 기타,화물,남,62세,상해없음,보행자,여,39세,경상
2021012000100357,2021년 1월 20일 15시,수요일,경기도 파주시 금촌동,경상사고,0,0,1,0,차대사람 - 길가장자리구역통행중,안전운전불이행,포장 - 건조,맑음,단일로 - 기타,승용,여,50세,상해없음,보행자,남,65세,경상
2021012000100376,2021년 1월 20일 16시,수요일,경기도 화성시 안녕동,중상사고,0,1,0,0,차대사람 - 횡단중,보행자보호의무위반,포장 - 건조,맑음,단일로 - 기타,승합,여,56세,상해없음,보행자,여,73세,중상
2021012000100411,2021년 1월 20일 17시,수요일,경기도 안산시 상록구 부곡동,경상사고,0,0,1,0,차대사람 - 차도통행중,안전운전불이행,포장 - 건조,맑음,단일로 - 기타,화물,남,42세,상해없음,보행자,여,54세,경상
2021012000100414,2021년 1월 20일 17시,수요일,경기도 의왕시 오전동,경상사고,0,0,1,0,차대사람 - 횡단중,안전운전불이행,포장 - 건조,맑음,기타 - 기타,승용,여,39세,상해없음,보행자,여,65세,경상
2021012000100415,2021년 1월 20일 17시,수요일,경기도 부천시 내동,중상사고,0,1,0,0,차대사람 - 기타,안전운전불이행,포장 - 건조,맑음,단일로 - 기타,승용,남,64세,상해없음,보행자,여,57세,중상
2021012000100444,2021년 1월 20일 17시,수요일,경기도 고양시 덕양구 고양동,중상사고,0,1,0,0,차대사람 - 횡단중,보행자보호의무위반,포장 - 건조,맑음,교차로 - 교차로부근,승용,남,51세,상해없음,보행자,남,11세,중상
2021012000100474,2021년 1월 20일 18시,수요일,경기도 안성시 금광면,중상사고,0,1,0,0,차대사람 - 기타,안전운전불이행,포장 - 건조,맑음,단일로 - 기타,승용,여,48세,상해없음,보행자,여,59세,중상
2021012000100475,2021년 1월 20일 18시,수요일,경기도 광주시 중대동,경상사고,0,0,1,0,차대사람 - 기타,안전운전불이행,포장 - 건조,맑음,교차로 - 교차로부근,승용,남,56세,상해없음,보행자,여,70세,경상
2021012000100478,2021년 1월 20일 18시,수요일,경기도 부천시 도당동,경상사고,0,0,1,0,차대사람 - 보도통행중,안전운전불이행,포장 - 건조,맑음,교차로 - 교차로안,화물,남,67세,상해없음,보행자,남,50세,경상
2021012000100485,2021년 1월 20일 18시,수요일,경기도 화성시 봉담읍,경상사고,0,0,1,0,차대사람 - 횡단중,안전운전불이행,포장 - 기타,맑음,기타 - 기타,승용,남,40세,상해없음,보행자,남,63세,경상
2021012000100528,2021년 1월 20일 18시,수요일,경기도 의정부시 낙양동,경상사고,0,0,1,0,차대사람 - 기타,안전운전불이행,포장 - 건조,맑음,교차로 - 교차로안,승용,남,26세,상해없음,보행자,여,6세,경상
2021012000100590,2021년 1월 20일 20시,수요일,경기도 광주시 오포읍,중상사고,0,1,0,0,차대사람 - 횡단중,보행자보호의무위반,포장 - 건조,기타,단일로 - 기타,승용,남,58세,상해없음,보행자,여,58세,중상
2021012000100605,2021년 1월 20일 20시,수요일,경기도 고양시 덕양구 토당동,경상사고,0,0,1,0,차대사람 - 기타,안전운전불이행,포장 - 건조,맑음,단일로 - 기타,승용,남,67세,상해없음,보행자,남,65세,경상
2021012000100606,2021년 1월 20일 20시,수요일,경기도 남양주시 진접읍,경상사고,0,0,1,0,차대사람 - 기타,안전운전불이행,포장 - 건조,맑음,교차로 - 교차로횡단보도내,화물,남,51세,상해없음,보행자,남,56세,경상
2021012000100607,2021년 1월 20일 20시,수요일,경기도 남양주시 별내동,경상사고,0,0,1,0,차대사람 - 횡단중,안전운전불이행,포장 - 건조,맑음,교차로 - 교차로부근,승용,남,42세,상해없음,보행자,남,50세,경상
2021012000100634,2021년 1월 20일 21시,수요일,경기도 평택시 포승읍,경상사고,0,0,1,0,차대사람 - 기타,안전운전불이행,포장 - 건조,맑음,단일로 - 기타,승용,여,47세,기타불명,보행자,여,19세,경상
2021012000100635,2021년 1월 20일 21시,수요일,경기도 김포시 고촌읍,부상신고사고,0,0,0,1,차대사람 - 횡단중,안전운전불이행,포장 - 젖음/습기,맑음,단일로 - 교량,화물,남,49세,상해없음,보행자,남,60세,부상신고
2021012000100668,2021년 1월 20일 22시,수요일,경기도 수원시 권선구 구운동,경상사고,0,0,1,0,차대사람 - 기타,보행자보호의무위반,포장 - 건조,맑음,교차로 - 교차로부근,기타불명,기타불명,미분류,기타불명,보행자,남,46세,경상
2021012100100031,2021년 1월 21일 06시,목요일,경기도 부천시 고강동,중상사고,0,1,0,0,차대사람 - 기타,안전운전불이행,포장 - 건조,맑음,단일로 - 기타,승합,남,60세,상해없음,보행자,남,55세,중상
2021012100100129,2021년 1월 21일 10시,목요일,경기도 수원시 장안구 율전동,경상사고,0,0,1,0,차대사람 - 기타,안전운전불이행,포장 - 건조,맑음,단일로 - 기타,화물,남,41세,상해없음,보행자,여,25세,경상
2021012100100135,2021년 1월 21일 10시,목요일,경기도 안산시 단원구 선부동,중상사고,0,1,0,0,차대사람 - 기타,안전운전불이행,포장 - 건조,맑음,교차로 - 교차로부근,승용,여,63세,상해없음,보행자,여,74세,중상
2021012100100137,2021년 1월 21일 10시,목요일,경기도 화성시 봉담읍,중상사고,0,1,0,0,차대사람 - 기타,안전운전불이행,포장 - 건조,맑음,주차장 - 주차장,화물,남,64세,상해없음,보행자,남,71세,중상
2021012100100162,2021년 1월 21일 10시,목요일,경기도 고양시 덕양구 고양동,경상사고,0,0,1,0,차대사람 - 횡단중,보행자보호의무위반,포장 - 건조,맑음,교차로 - 교차로안,화물,남,47세,상해없음,보행자,남,67세,경상
2021012100100164,2021년 1월 21일 10시,목요일,경기도 구리시 교문동,사망사고,1,0,0,0,차대사람 - 보도통행중,보행자보호의무위반,포장 - 건조,흐림,교차로 - 교차로횡단보도내,승합,남,64세,상해없음,보행자,여,77세,사망
2021012100100211,2021년 1월 21일 12시,목요일,경기도 김포시 고촌읍,중상사고,0,1,0,0,차대사람 - 횡단중,보행자보호의무위반,포장 - 건조,맑음,교차로 - 교차로횡단보도내,승용,여,37세,상해없음,보행자,남,62세,중상
2021012100100243,2021년 1월 21일 13시,목요일,경기도 화성시 봉담읍,중상사고,0,1,0,0,차대사람 - 횡단중,신호위반,포장 - 젖음/습기,비,교차로 - 교차로횡단보도내,이륜,남,53세,상해없음,보행자,여,60세,중상
2021012100100244,2021년 1월 21일 13시,목요일,경기도 부천시 여월동,경상사고,0,0,1,0,차대사람 - 횡단중,안전운전불이행,포장 - 건조,맑음,교차로 - 교차로횡단보도내,승용,여,64세,상해없음,보행자,여,9세,경상
2021012100100267,2021년 1월 21일 14시,목요일,경기도 용인시 처인구 고림동,경상사고,0,0,1,0,차대사람 - 횡단중,안전운전불이행,포장 - 젖음/습기,흐림,단일로 - 기타,화물,여,57세,상해없음,보행자,남,7세,경상
2021012100100268,2021년 1월 21일 14시,목요일,경기도 성남시 중원구 금광동,중상사고,0,1,0,0,차대사람 - 횡단중,안전운전불이행,포장 - 건조,맑음,기타 - 기타,건설기계,남,57세,상해없음,보행자,여,74세,중상
2021012100100283,2021년 1월 21일 14시,목요일,경기도 파주시 적성면,경상사고,0,0,1,0,차대사람 - 횡단중,보행자보호의무위반,포장 - 건조,맑음,단일로 - 기타,원동기,남,18세,상해없음,보행자,여,60세,경상
2021012100100351,2021년 1월 21일 17시,목요일,경기도 안성시 아양동,중상사고,0,1,0,0,차대사람 - 기타,보행자보호의무위반,포장 - 젖음/습기,비,단일로 - 기타,화물,여,50세,상해없음,보행자,여,68세,중상
2021012100100397,2021년 1월 21일 18시,목요일,경기도 부천시 송내동,경상사고,0,0,1,0,차대사람 - 기타,보행자보호의무위반,포장 - 젖음/습기,비,교차로 - 교차로안,승용,여,38세,상해없음,보행자,남,49세,경상
2021012100100443,2021년 1월 21일 18시,목요일,경기도 파주시 조리읍,부상신고사고,0,0,0,1,차대사람 - 기타,안전운전불이행,포장 - 건조,맑음,단일로 - 기타,승용,남,57세,상해없음,보행자,여,23세,부상신고
2021012100100461,2021년 1월 21일 19시,목요일,경기도 부천시 소사본동,경상사고,0,0,1,0,차대사람 - 기타,보행자보호의무위반,포장 - 젖음/습기,맑음,단일로 - 기타,승용,남,46세,상해없음,보행자,남,71세,경상
2021012100100464,2021년 1월 21일 19시,목요일,경기도 하남시 덕풍동,중상사고,0,1,0,0,차대사람 - 횡단중,신호위반,포장 - 젖음/습기,비,교차로 - 교차로횡단보도내,원동기,남,56세,상해없음,보행자,여,66세,중상
2021012100100467,2021년 1월 21일 19시,목요일,경기도 용인시 수지구 상현동,경상사고,0,0,1,0,차대사람 - 횡단중,안전운전불이행,포장 - 젖음/습기,비,단일로 - 기타,승용,남,32세,상해없음,보행자,여,32세,경상
2021012100100505,2021년 1월 21일 20시,목요일,경기도 안산시 단원구 선부동,중상사고,0,1,0,0,차대사람 - 횡단중,안전운전불이행,포장 - 건조,맑음,교차로 - 교차로안,이륜,남,27세,상해없음,보행자,남,70세,중상
2021012100100506,2021년 1월 21일 20시,목요일,경기도 수원시 권선구 세류동,경상사고,0,0,1,0,차대사람 - 횡단중,보행자보호의무위반,포장 - 젖음/습기,비,교차로 - 교차로안,승용,여,32세,상해없음,보행자,남,57세,경상
2021012100100548,2021년 1월 21일 21시,목요일,경기도 오산시 오산동,경상사고,0,0,1,0,차대사람 - 차도통행중,안전운전불이행,포장 - 젖음/습기,비,교차로 - 교차로부근,승용,남,23세,상해없음,보행자,남,53세,경상
2021012100100550,2021년 1월 21일 21시,목요일,경기도 수원시 영통구 영통동,부상신고사고,0,0,0,1,차대사람 - 차도통행중,보행자보호의무위반,포장 - 젖음/습기,비,교차로 - 교차로횡단보도내,승용,여,59세,상해없음,보행자,남,21세,부상신고
2021012100100552,2021년 1월 21일 21시,목요일,경기도 군포시 도마교동,중상사고,0,1,1,0,차대사람 - 횡단중,안전운전불이행,포장 - 젖음/습기,비,단일로 - 기타,이륜,남,34세,경상,보행자,남,53세,중상
2021012100100592,2021년 1월 21일 22시,목요일,경기도 성남시 중원구 금광동,중상사고,0,1,0,0,차대사람 - 횡단중,보행자보호의무위반,포장 - 젖음/습기,비,단일로 - 기타,승용,남,39세,상해없음,보행자,남,67세,중상
2021012100100595,2021년 1월 21일 22시,목요일,경기도 안산시 상록구 본오동,경상사고,0,0,1,0,차대사람 - 횡단중,신호위반,포장 - 젖음/습기,비,단일로 - 기타,원동기,남,27세,상해없음,보행자,남,17세,경상
2021012200100021,2021년 1월 22일 05시,금요일,경기도 평택시 모곡동,경상사고,0,0,1,0,차대사람 - 기타,보행자보호의무위반,포장 - 건조,맑음,교차로 - 교차로횡단보도내,승합,남,50세,상해없음,보행자,남,75세,경상
2021012200100051,2021년 1월 22일 07시,금요일,경기도 화성시 양감면,중상사고,0,1,0,0,차대사람 - 기타,안전운전불이행,포장 - 젖음/습기,흐림,교차로 - 교차로안,승용,남,52세,상해없음,보행자,남,75세,중상
2021012200100062,2021년 1월 22일 07시,금요일,경기도 포천시 일동면,사망사고,1,0,0,0,차대사람 - 기타,안전운전불이행,포장 - 서리/결빙,비,교차로 - 교차로부근,승용,남,58세,상해없음,보행자,남,45세,사망
2021012200100070,2021년 1월 22일 08시,금요일,경기도 안양시 만안구 안양동,부상신고사고,0,0,0,1,차대사람 - 차도통행중,안전운전불이행,포장 - 건조,맑음,단일로 - 기타,승용,남,70세,상해없음,보행자,남,55세,부상신고
2021012200100116,2021년 1월 22일 10시,금요일,경기도 평택시 비전동,중상사고,0,1,0,0,차대사람 - 횡단중,보행자보호의무위반,포장 - 건조,맑음,교차로 - 교차로횡단보도내,승용,남,52세,상해없음,보행자,남,77세,중상
2021012200100241,2021년 1월 22일 15시,금요일,경기도 군포시 산본동,경상사고,0,0,1,1,차대사람 - 횡단중,신호위반,포장 - 건조,맑음,단일로 - 기타,이륜,남,25세,부상신고,보행자,여,35세,경상
2021012200100274,2021년 1월 22일 16시,금요일,경기도 용인시 처인구 김량장동,경상사고,0,0,1,0,차대사람 - 횡단중,보행자보호의무위반,포장 - 건조,맑음,교차로 - 교차로안,승용,남,74세,상해없음,보행자,남,49세,경상
2021012200100318,2021년 1월 22일 17시,금요일,경기도 부천시 도당동,중상사고,0,1,0,0,차대사람 - 횡단중,보행자보호의무위반,포장 - 건조,흐림,교차로 - 교차로횡단보도내,승용,여,26세,상해없음,보행자,여,79세,중상
2021012200100361,2021년 1월 22일 18시,금요일,경기도 광주시 초월읍,중상사고,0,1,0,0,차대사람 - 기타,안전운전불이행,포장 - 건조,맑음,기타 - 기타,승용,남,50세,상해없음,보행자,여,49세,중상
2021012200100378,2021년 1월 22일 18시,금요일,경기도 화성시 안녕동,중상사고,0,1,0,0,차대사람 - 횡단중,안전운전불이행,포장 - 건조,맑음,단일로 - 기타,승용,남,33세,상해없음,보행자,남,30세,중상
2021012200100452,2021년 1월 22일 19시,금요일,경기도 용인시 처인구 모현읍,사망사고,1,0,0,0,차대사람 - 횡단중,안전운전불이행,포장 - 건조,맑음,단일로 - 기타,승용,남,54세,상해없음,보행자,남,65세,사망
2021012200100454,2021년 1월 22일 19시,금요일,경기도 시흥시 장곡동,부상신고사고,0,0,0,1,차대사람 - 기타,안전운전불이행,포장 - 건조,맑음,단일로 - 기타,승용,남,45세,상해없음,보행자,여,13세,부상신고
2021012200100529,2021년 1월 22일 21시,금요일,경기도 광주시 태전동,중상사고,0,1,0,0,차대사람 - 횡단중,보행자보호의무위반,포장 - 젖음/습기,흐림,교차로 - 교차로횡단보도내,승용,남,68세,상해없음,보행자,여,68세,중상
2021012200100533,2021년 1월 22일 21시,금요일,경기도 안산시 단원구 선부동,경상사고,0,0,2,0,차대사람 - 기타,기타,포장 - 건조,맑음,단일로 - 기타,자전거,남,37세,상해없음,보행자,남,26세,경상
2021012200100534,2021년 1월 22일 21시,금요일,경기도 안산시 단원구 고잔동,경상사고,0,0,1,0,차대사람 - 기타,안전운전불이행,포장 - 건조,맑음,단일로 - 기타,승용,남,50세,상해없음,보행자,여,18세,경상
2021012200100570,2021년 1월 22일 22시,금요일,경기도 성남시 분당구 야탑동,부상신고사고,0,0,0,1,차대사람 - 기타,안전운전불이행,포장 - 건조,맑음,단일로 - 기타,승용,남,25세,상해없음,보행자,남,45세,부상신고
2021012200100572,2021년 1월 22일 22시,금요일,경기도 안산시 상록구 본오동,경상사고,0,0,1,0,차대사람 - 횡단중,신호위반,포장 - 건조,맑음,교차로 - 교차로횡단보도내,원동기,남,42세,상해없음,보행자,남,20세,경상
2021012200100593,2021년 1월 22일 23시,금요일,경기도 군포시 산본동,중상사고,0,1,0,0,차대사람 - 횡단중,과속,포장 - 건조,맑음,교차로 - 교차로횡단보도내,승용,남,41세,상해없음,보행자,남,23세,중상
2021012200100595,2021년 1월 22일 23시,금요일,경기도 시흥시 장곡동,경상사고,0,0,1,0,차대사람 - 횡단중,안전운전불이행,포장 - 건조,맑음,교차로 - 교차로횡단보도내,승용,남,24세,상해없음,보행자,남,4세,경상
2021012200100596,2021년 1월 22일 23시,금요일,경기도 하남시 신장동,중상사고,0,1,0,0,차대사람 - 횡단중,안전운전불이행,포장 - 건조,맑음,단일로 - 기타,이륜,남,21세,상해없음,보행자,여,77세,중상
2021012300100040,2021년 1월 23일 07시,토요일,경기도 화성시 병점동,중상사고,0,1,0,0,차대사람 - 횡단중,안전운전불이행,포장 - 건조,맑음,교차로 - 교차로부근,승용,남,68세,상해없음,보행자,여,38세,중상
2021012300100081,2021년 1월 23일 10시,토요일,경기도 수원시 팔달구 매산로3가,경상사고,0,0,1,0,차대사람 - 차도통행중,보행자보호의무위반,포장 - 건조,맑음,교차로 - 교차로부근,승합,남,68세,상해없음,보행자,남,75세,경상
2021012300100095,2021년 1월 23일 10시,토요일,경기도 고양시 덕양구 성사동,경상사고,0,0,1,0,차대사람 - 기타,보행자보호의무위반,포장 - 건조,맑음,교차로 - 교차로부근,승용,남,35세,상해없음,보행자,여,41세,경상
2021012300100115,2021년 1월 23일 11시,토요일,경기도 시흥시 거모동,경상사고,0,0,1,0,차대사람 - 횡단중,보행자보호의무위반,포장 - 건조,맑음,교차로 - 교차로안,승용,여,49세,상해없음,보행자,남,38세,경상
2021012300100126,2021년 1월 23일 11시,토요일,경기도 동두천시 상봉암동,경상사고,0,0,1,0,차대사람 - 기타,안전운전불이행,포장 - 건조,맑음,단일로 - 기타,승용,여,75세,상해없음,보행자,남,61세,경상
2021012300100127,2021년 1월 23일 11시,토요일,경기도 포천시 소흘읍,중상사고,0,1,0,0,차대사람 - 길가장자리구역통행중,안전운전불이행,포장 - 건조,맑음,단일로 - 기타,승용,여,26세,상해없음,보행자,여,54세,중상
2021012300100208,2021년 1월 23일 14시,토요일,경기도 수원시 팔달구 매산로1가,경상사고,0,0,1,0,차대사람 - 차도통행중,안전운전불이행,포장 - 건조,맑음,단일로 - 기타,승합,남,65세,상해없음,보행자,여,21세,경상
2021012300100231,2021년 1월 23일 14시,토요일,경기도 파주시 금촌동,경상사고,0,0,1,0,차대사람 - 기타,안전운전불이행,비포장 - 건조,맑음,단일로 - 기타,승용,남,39세,상해없음,보행자,여,46세,경상
2021012300100241,2021년 1월 23일 15시,토요일,경기도 부천시 상동,중상사고,0,1,0,0,차대사람 - 기타,기타,포장 - 건조,맑음,단일로 - 기타,화물,남,46세,상해없음,보행자,남,81세,중상
2021012300100274,2021년 1월 23일 16시,토요일,경기도 광명시 철산동,경상사고,0,0,1,0,차대사람 - 횡단중,신호위반,포장 - 건조,맑음,교차로 - 교차로횡단보도내,이륜,남,17세,기타불명,보행자,여,52세,경상
2021012300100275,2021년 1월 23일 16시,토요일,경기도 성남시 중원구 성남동,경상사고,0,0,1,0,차대사람 - 기타,안전운전불이행,포장 - 건조,맑음,단일로 - 기타,승용,남,50세,상해없음,보행자,남,43세,경상
2021012300100277,2021년 1월 23일 16시,토요일,경기도 성남시 분당구 정자동,경상사고,0,0,1,0,차대사람 - 횡단중,보행자보호의무위반,포장 - 건조,맑음,교차로 - 교차로횡단보도내,승용,여,46세,기타불명,보행자,남,32세,경상
2021012300100294,2021년 1월 23일 16시,토요일,경기도 의정부시 의정부동,중상사고,0,1,0,0,차대사람 - 기타,안전운전불이행,포장 - 건조,맑음,교차로 - 교차로부근,승용,남,46세,상해없음,보행자,여,79세,중상
2021012300100346,2021년 1월 23일 18시,토요일,경기도 화성시 안녕동,경상사고,0,0,1,0,차대사람 - 기타,기타,포장 - 건조,맑음,단일로 - 기타,승용,여,54세,상해없음,보행자,남,46세,경상
2021012300100387,2021년 1월 23일 19시,토요일,경기도 수원시 장안구 율전동,중상사고,0,1,0,0,차대사람 - 횡단중,안전운전불이행,포장 - 건조,맑음,교차로 - 교차로안,승용,남,46세,상해없음,보행자,남,27세,중상
2021012300100390,2021년 1월 23일 19시,토요일,경기도 부천시 옥길동,경상사고,0,0,2,0,차대사람 - 기타,신호위반,포장 - 건조,맑음,단일로 - 기타,이륜,남,25세,상해없음,보행자,남,37세,경상
2021012300100402,2021년 1월 23일 19시,토요일,경기도 파주시 금촌동,중상사고,0,1,0,0,차대사람 - 차도통행중,안전운전불이행,포장 - 건조,맑음,교차로 - 교차로안,이륜,남,18세,상해없음,보행자,여,67세,중상
2021012300100444,2021년 1월 23일 21시,토요일,경기도 부천시 원미동,경상사고,0,0,1,0,차대사람 - 횡단중,보행자보호의무위반,포장 - 건조,맑음,교차로 - 교차로횡단보도내,승용,여,57세,상해없음,보행자,남,47세,경상
2021012300100446,2021년 1월 23일 21시,토요일,경기도 광명시 광명동,중상사고,0,1,0,0,차대사람 - 횡단중,보행자보호의무위반,포장 - 건조,맑음,교차로 - 교차로횡단보도내,승용,남,33세,상해없음,보행자,여,52세,중상
2021012300100474,2021년 1월 23일 21시,토요일,경기도 남양주시 화도읍,경상사고,0,0,1,0,차대사람 - 기타,안전운전불이행,포장 - 건조,맑음,교차로 - 교차로안,승용,남,43세,상해없음,보행자,남,30세,경상
2021012300100480,2021년 1월 23일 22시,토요일,경기도 하남시 신장동,부상신고사고,0,0,0,1,차대사람 - 기타,안전운전불이행,포장 - 건조,맑음,교차로 - 교차로안,기타불명,기타불명,미분류,기타불명,보행자,남,60세,부상신고
2021012300100494,2021년 1월 23일 23시,토요일,경기도 수원시 장안구 정자동,중상사고,0,1,0,0,차대사람 - 횡단중,안전운전불이행,포장 - 건조,맑음,교차로 - 교차로부근,승용,남,59세,상해없음,보행자,남,35세,중상
2021012400100010,2021년 1월 24일 01시,일요일,경기도 평택시 용이동,사망사고,1,0,0,0,차대사람 - 기타,안전운전불이행,포장 - 건조,맑음,기타 - 기타,승용,남,25세,상해없음,보행자,남,22세,사망
2021012400100046,2021년 1월 24일 08시,일요일,경기도 양주시 광적면,중상사고,0,1,0,0,차대사람 - 횡단중,신호위반,포장 - 건조,맑음,교차로 - 교차로횡단보도내,화물,남,62세,상해없음,보행자,여,73세,중상
2021012400100093,2021년 1월 24일 12시,일요일,경기도 수원시 팔달구 고등동,경상사고,0,0,1,0,차대사람 - 기타,안전운전불이행,포장 - 건조,맑음,단일로 - 기타,승용,남,41세,상해없음,보행자,남,66세,경상
2021012400100131,2021년 1월 24일 13시,일요일,경기도 남양주시 진건읍,중상사고,0,2,0,0,차대사람 - 기타,안전운전불이행,포장 - 건조,맑음,단일로 - 기타,화물,남,59세,상해없음,보행자,남,55세,중상
2021012400100143,2021년 1월 24일 14시,일요일,경기도 안산시 단원구 원곡동,경상사고,0,0,1,0,차대사람 - 기타,안전운전불이행,포장 - 기타,기타,기타 - 기타,승용,남,45세,상해없음,보행자,남,41세,경상
2021012400100189,2021년 1월 24일 16시,일요일,경기도 성남시 수정구 신흥동,부상신고사고,0,0,0,1,차대사람 - 기타,안전운전불이행,포장 - 건조,맑음,단일로 - 기타,승용,남,27세,상해없음,보행자,남,36세,부상신고
2021012400100191,2021년 1월 24일 16시,일요일,경기도 양평군 양평읍,중상사고,0,1,0,0,차대사람 - 기타,안전운전불이행,포장 - 건조,맑음,단일로 - 기타,자전거,남,21세,상해없음,보행자,남,61세,중상
2021012400100193,2021년 1월 24일 16시,일요일,경기도 안산시 단원구 선부동,경상사고,0,0,1,0,차대사람 - 횡단중,보행자보호의무위반,포장 - 건조,맑음,교차로 - 교차로안,승용,여,53세,상해없음,보행자,여,67세,경상
2021012400100262,2021년 1월 24일 18시,일요일,경기도 고양시 일산동구 백석동,경상사고,0,0,1,0,차대사람 - 횡단중,보행자보호의무위반,포장 - 건조,맑음,단일로 - 기타,승용,남,66세,상해없음,보행자,남,18세,경상
2021012400100269,2021년 1월 24일 19시,일요일,경기도 시흥시 신천동,경상사고,0,0,1,0,차대사람 - 차도통행중,안전운전불이행,포장 - 건조,맑음,교차로 - 교차로부근,승용,여,35세,상해없음,보행자,여,55세,경상