사고번호,사고일시,요일,시군구,사고내용,사망자수,중상자수,경상자수,부상신고자수,사고유형,법규위반,노면상태,기상상태,도로형태,가해운전자 차종,가해운전자 성별,가해운전자 연령,가해운전자 상해정도,피해운전자 차종,피해운전자 성별,피해운전자 연령,피해운전자 상해정도
2021012400100287,2021년 1월 24일 19시,일요일,경기도 남양주시 화도읍,경상사고,0,0,1,0,차대사람 - 횡단중,신호위반,포장 - 건조,맑음,교차로 - 교차로부근,이륜,남,19세,상해없음,보행자,남,22세,경상
2021012400100299,2021년 1월 24일 20시,일요일,경기도 안산시 단원구 신길동,경상사고,0,0,1,0,차대사람 - 보도통행중,안전운전불이행,포장 - 기타,기타,기타 - 기타,기타불명,기타불명,미분류,기타불명,보행자,남,32세,경상
2021012400100302,2021년 1월 24일 20시,일요일,경기도 하남시 풍산동,중상사고,0,1,0,0,차대사람 - 횡단중,신호위반,포장 - 건조,맑음,교차로 - 교차로횡단보도내,이륜,남,21세,상해없음,보행자,남,43세,중상
2021012400100325,2021년 1월 24일 21시,일요일,경기도 평택시 독곡동,중상사고,0,1,0,1,차대사람 - 횡단중,안전운전불이행,포장 - 건조,맑음,단일로 - 기타,이륜,남,39세,부상신고,보행자,남,21세,중상
2021012400100327,2021년 1월 24일 21시,일요일,경기도 광주시 오포읍,부상신고사고,0,0,0,2,차대사람 - 횡단중,신호위반,포장 - 젖음/습기,기타,교차로 - 교차로안,승용,여,40세,상해없음,보행자,여,44세,부상신고
2021012400100362,2021년 1월 24일 23시,일요일,경기도 수원시 팔달구 고등동,경상사고,0,0,1,0,차대사람 - 기타,안전운전불이행,포장 - 건조,맑음,단일로 - 기타,승용,여,28세,상해없음,보행자,남,28세,경상
2021012500100017,2021년 1월 25일 06시,월요일,경기도 수원시 권선구 세류동,경상사고,0,0,1,0,차대사람 - 횡단중,보행자보호의무위반,포장 - 건조,맑음,교차로 - 교차로안,승합,남,70세,상해없음,보행자,여,29세,경상
2021012500100019,2021년 1월 25일 06시,월요일,경기도 군포시 산본동,중상사고,0,1,0,0,차대사람 - 기타,안전운전불이행,포장 - 건조,맑음,단일로 - 기타,승용,남,54세,상해없음,보행자,남,42세,중상
2021012500100040,2021년 1월 25일 07시,월요일,경기도 부천시 괴안동,중상사고,0,1,0,0,차대사람 - 횡단중,안전운전불이행,포장 - 건조,맑음,교차로 - 교차로부근,승용,여,48세,상해없음,보행자,여,78세,중상
2021012500100045,2021년 1월 25일 07시,월요일,경기도 부천시 고강동,경상사고,0,0,1,0,차대사람 - 기타,안전운전불이행,포장 - 건조,맑음,교차로 - 교차로부근,승용,남,70세,상해없음,보행자,여,71세,경상
2021012500100159,2021년 1월 25일 11시,월요일,경기도 안양시 동안구 관양동,경상사고,0,0,1,0,차대사람 - 길가장자리구역통행중,안전운전불이행,포장 - 건조,맑음,주차장 - 주차장,승용,남,49세,상해없음,보행자,여,45세,경상
2021012500100196,2021년 1월 25일 12시,월요일,경기도 화성시 송산면,경상사고,0,0,1,0,차대사람 - 기타,안전운전불이행,포장 - 기타,맑음,기타 - 기타,승용,남,68세,상해없음,보행자,남,20세,경상
2021012500100227,2021년 1월 25일 13시,월요일,경기도 부천시 심곡본동,중상사고,0,1,0,0,차대사람 - 차도통행중,안전운전불이행,포장 - 건조,맑음,기타 - 기타,승용,남,30세,상해없음,보행자,남,74세,중상
2021012500100266,2021년 1월 25일 14시,월요일,경기도 안성시 금산동,중상사고,0,1,0,0,차대사람 - 기타,보행자보호의무위반,포장 - 건조,맑음,교차로 - 교차로부근,승합,여,52세,상해없음,보행자,남,67세,중상
2021012500100273,2021년 1월 25일 14시,월요일,경기도 화성시 청계동,중상사고,0,1,0,0,차대사람 - 횡단중,보행자보호의무위반,포장 - 건조,맑음,단일로 - 기타,승용,여,37세,상해없음,보행자,남,11세,중상
2021012500100305,2021년 1월 25일 15시,월요일,경기도 안양시 동안구 관양동,경상사고,0,0,1,0,차대사람 - 차도통행중,안전운전불이행,포장 - 건조,맑음,교차로 - 교차로안,승용,여,34세,상해없음,보행자,남,24세,경상
2021012500100308,2021년 1월 25일 15시,월요일,경기도 광명시 광명동,경상사고,0,0,1,0,차대사람 - 기타,안전운전불이행,포장 - 건조,맑음,기타 - 기타,자전거,남,24세,기타불명,보행자,남,62세,경상
2021012500100338,2021년 1월 25일 16시,월요일,경기도 양평군 옥천면,부상신고사고,0,0,0,1,차대사람 - 기타,안전운전불이행,포장 - 건조,맑음,주차장 - 주차장,승용,남,79세,기타불명,보행자,남,14세,부상신고
2021012500100339,2021년 1월 25일 16시,월요일,경기도 양평군 양평읍,경상사고,0,0,1,0,차대사람 - 기타,안전운전불이행,포장 - 건조,맑음,단일로 - 기타,자전거,여,18세,상해없음,보행자,여,69세,경상
2021012500100340,2021년 1월 25일 16시,월요일,경기도 안산시 단원구 와동,경상사고,0,0,1,0,차대사람 - 기타,안전운전불이행,포장 - 건조,맑음,기타 - 기타,승용,여,44세,상해없음,보행자,남,42세,경상
2021012500100341,2021년 1월 25일 16시,월요일,경기도 성남시 분당구 구미동,부상신고사고,0,0,0,1,차대사람 - 기타,중앙선침범,포장 - 건조,맑음,단일로 - 기타,승용,여,69세,상해없음,보행자,남,59세,부상신고
2021012500100362,2021년 1월 25일 16시,월요일,경기도 고양시 일산동구 백석동,경상사고,0,0,1,0,차대사람 - 기타,안전운전불이행,포장 - 건조,맑음,단일로 - 기타,승용,남,35세,상해없음,보행자,여,50세,경상
2021012500100376,2021년 1월 25일 17시,월요일,경기도 용인시 기흥구 보라동,경상사고,0,0,2,0,차대사람 - 횡단중,보행자보호의무위반,포장 - 건조,맑음,교차로 - 교차로횡단보도내,자전거,남,14세,경상,보행자,여,44세,경상
2021012500100377,2021년 1월 25일 17시,월요일,경기도 군포시 산본동,사망사고,1,0,0,0,차대사람 - 횡단중,안전운전불이행,포장 - 건조,맑음,단일로 - 기타,승용,여,49세,상해없음,보행자,남,66세,사망
2021012500100381,2021년 1월 25일 17시,월요일,경기도 안양시 만안구 안양동,중상사고,0,1,0,0,차대사람 - 횡단중,안전운전불이행,포장 - 건조,맑음,교차로 - 교차로안,승용,여,42세,상해없음,보행자,여,75세,중상
2021012500100426,2021년 1월 25일 18시,월요일,경기도 하남시 풍산동,중상사고,0,1,0,0,차대사람 - 횡단중,보행자보호의무위반,포장 - 건조,맑음,교차로 - 교차로횡단보도내,승용,여,64세,상해없음,보행자,남,58세,중상
2021012500100452,2021년 1월 25일 18시,월요일,경기도 고양시 일산동구 장항동,경상사고,0,0,1,0,차대사람 - 횡단중,안전운전불이행,포장 - 건조,맑음,단일로 - 기타,승용,남,26세,상해없음,보행자,남,24세,경상
2021012500100467,2021년 1월 25일 19시,월요일,경기도 의왕시 오전동,중상사고,0,1,0,0,차대사람 - 횡단중,신호위반,포장 - 건조,맑음,교차로 - 교차로안,승합,남,53세,상해없음,보행자,여,48세,중상
2021012500100468,2021년 1월 25일 19시,월요일,경기도 용인시 수지구 죽전동,중상사고,0,1,0,0,차대사람 - 횡단중,보행자보호의무위반,포장 - 건조,맑음,교차로 - 교차로횡단보도내,승용,남,64세,상해없음,보행자,여,49세,중상
2021012500100522,2021년 1월 25일 20시,월요일,경기도 가평군 조종면,경상사고,0,0,1,0,차대사람 - 길가장자리구역통행중,안전운전불이행,포장 - 건조,흐림,교차로 - 교차로안,승용,남,55세,상해없음,보행자,여,35세,경상
2021012500100566,2021년 1월 25일 22시,월요일,경기도 안산시 단원구 와동,경상사고,0,0,1,0,차대사람 - 횡단중,안전운전불이행,포장 - 건조,맑음,교차로 - 교차로안,승용,남,45세,상해없음,보행자,여,41세,경상
2021012600100003,2021년 1월 26일 00시,화요일,경기도 안양시 동안구 관양동,경상사고,0,0,1,0,차대사람 - 기타,신호위반,포장 - 건조,맑음,교차로 - 교차로안,승용,남,62세,상해없음,보행자,남,34세,경상
2021012600100009,2021년 1월 26일 00시,화요일,경기도 고양시 일산서구 일산동,경상사고,0,0,1,0,차대사람 - 차도통행중,안전운전불이행,포장 - 젖음/습기,기타,단일로 - 기타,승용,남,55세,상해없음,보행자,남,47세,경상
2021012600100031,2021년 1월 26일 05시,화요일,경기도 부천시 상동,경상사고,0,0,1,0,차대사람 - 차도통행중,보행자보호의무위반,포장 - 건조,맑음,교차로 - 교차로횡단보도내,기타불명,기타불명,미분류,기타불명,보행자,남,32세,경상
2021012600100091,2021년 1월 26일 08시,화요일,경기도 안산시 단원구 초지동,중상사고,0,1,0,0,차대사람 - 횡단중,안전운전불이행,포장 - 젖음/습기,비,단일로 - 기타,승용,여,33세,상해없음,보행자,여,57세,중상
2021012600100092,2021년 1월 26일 08시,화요일,경기도 의왕시 오전동,중상사고,0,1,0,0,차대사람 - 보도통행중,보행자보호의무위반,포장 - 건조,흐림,교차로 - 교차로횡단보도내,승용,여,45세,상해없음,보행자,여,72세,중상
2021012600100093,2021년 1월 26일 08시,화요일,경기도 용인시 수지구 죽전동,중상사고,0,1,0,0,차대사람 - 횡단중,보행자보호의무위반,포장 - 건조,맑음,단일로 - 기타,승용,남,79세,상해없음,보행자,여,43세,중상
2021012600100113,2021년 1월 26일 08시,화요일,경기도 고양시 일산서구 대화동,경상사고,0,0,1,0,차대사람 - 횡단중,안전운전불이행,포장 - 건조,맑음,단일로 - 기타,승용,남,62세,상해없음,보행자,남,31세,경상
2021012600100181,2021년 1월 26일 11시,화요일,경기도 화성시 능동,중상사고,0,1,0,1,차대사람 - 보도통행중,기타,포장 - 건조,맑음,기타 - 기타,이륜,남,41세,부상신고,보행자,남,26세,중상
2021012600100199,2021년 1월 26일 12시,화요일,경기도 평택시 지제동,경상사고,0,0,1,0,차대사람 - 기타,안전운전불이행,포장 - 건조,맑음,주차장 - 주차장,화물,남,40세,상해없음,보행자,남,31세,경상
2021012600100228,2021년 1월 26일 13시,화요일,경기도 평택시 포승읍,중상사고,0,1,0,0,차대사람 - 기타,안전운전불이행,포장 - 건조,맑음,기타 - 기타,특수,남,58세,상해없음,보행자,남,42세,중상
2021012600100229,2021년 1월 26일 13시,화요일,경기도 평택시 용이동,경상사고,0,0,1,0,차대사람 - 보도통행중,안전운전불이행,포장 - 건조,맑음,기타 - 기타,화물,남,52세,상해없음,보행자,여,30세,경상
2021012600100259,2021년 1월 26일 14시,화요일,경기도 양평군 양평읍,경상사고,0,0,1,0,차대사람 - 보도통행중,안전운전불이행,포장 - 건조,맑음,주차장 - 주차장,승용,남,63세,상해없음,보행자,여,24세,경상
2021012600100297,2021년 1월 26일 15시,화요일,경기도 부천시 중동,경상사고,0,0,1,0,차대사람 - 횡단중,보행자보호의무위반,포장 - 건조,맑음,교차로 - 교차로횡단보도내,화물,남,58세,상해없음,보행자,여,48세,경상
2021012600100299,2021년 1월 26일 15시,화요일,경기도 군포시 산본동,중상사고,0,1,0,0,차대사람 - 횡단중,신호위반,포장 - 건조,맑음,교차로 - 교차로안,승용,여,46세,상해없음,보행자,여,48세,중상
2021012600100316,2021년 1월 26일 15시,화요일,경기도 고양시 일산서구 대화동,중상사고,0,1,0,0,차대사람 - 횡단중,보행자보호의무위반,포장 - 건조,맑음,교차로 - 교차로횡단보도내,승용,여,54세,상해없음,보행자,남,41세,중상
2021012600100323,2021년 1월 26일 16시,화요일,경기도 수원시 권선구 구운동,경상사고,0,0,1,0,차대사람 - 기타,안전운전불이행,포장 - 젖음/습기,흐림,교차로 - 교차로안,승용,남,54세,상해없음,보행자,여,61세,경상
2021012600100325,2021년 1월 26일 16시,화요일,경기도 안양시 만안구 안양동,경상사고,0,0,1,0,차대사람 - 기타,안전운전불이행,포장 - 젖음/습기,흐림,교차로 - 교차로안,승용,남,58세,상해없음,보행자,남,60세,경상
2021012600100352,2021년 1월 26일 17시,화요일,경기도 김포시 고촌읍,중상사고,0,1,0,0,차대사람 - 횡단중,보행자보호의무위반,포장 - 젖음/습기,흐림,교차로 - 교차로횡단보도내,승용,남,49세,상해없음,보행자,여,43세,중상
2021012600100353,2021년 1월 26일 17시,화요일,경기도 안산시 단원구 선부동,경상사고,0,0,1,0,차대사람 - 횡단중,신호위반,포장 - 건조,맑음,교차로 - 교차로부근,승용,남,32세,상해없음,보행자,여,12세,경상
2021012600100435,2021년 1월 26일 18시,화요일,경기도 포천시 선단동,경상사고,0,0,1,0,차대사람 - 기타,안전운전불이행,포장 - 젖음/습기,흐림,단일로 - 기타,승용,남,63세,상해없음,보행자,남,55세,경상
2021012600100451,2021년 1월 26일 19시,화요일,경기도 성남시 중원구 상대원동,경상사고,0,0,1,0,차대사람 - 기타,보행자보호의무위반,포장 - 건조,맑음,단일로 - 기타,승용,남,40세,상해없음,보행자,남,44세,경상
2021012600100479,2021년 1월 26일 19시,화요일,경기도 의정부시 의정부동,중상사고,0,1,0,0,차대사람 - 기타,기타,포장 - 젖음/습기,흐림,단일로 - 기타,기타불명,기타불명,미분류,기타불명,보행자,여,44세,중상
2021012600100482,2021년 1월 26일 19시,화요일,경기도 고양시 일산서구 가좌동,경상사고,0,0,1,0,차대사람 - 횡단중,보행자보호의무위반,포장 - 건조,흐림,교차로 - 교차로횡단보도내,승용,남,49세,상해없음,보행자,남,26세,경상
2021012600100492,2021년 1월 26일 20시,화요일,경기도 성남시 분당구 서현동,중상사고,0,1,0,0,차대사람 - 횡단중,안전운전불이행,포장 - 건조,맑음,단일로 - 기타,승용,남,23세,상해없음,보행자,남,65세,중상
2021012600100493,2021년 1월 26일 20시,화요일,경기도 수원시 권선구 탑동,경상사고,0,0,1,0,차대사람 - 횡단중,안전운전불이행,포장 - 건조,맑음,교차로 - 교차로안,승합,남,61세,상해없음,보행자,여,68세,경상
2021012600100531,2021년 1월 26일 21시,화요일,경기도 의정부시 민락동,경상사고,0,0,1,0,차대사람 - 횡단중,안전운전불이행,포장 - 건조,맑음,교차로 - 교차로부근,이륜,남,22세,상해없음,보행자,남,52세,경상
2021012700100039,2021년 1월 27일 06시,수요일,경기도 고양시 일산서구 일산동,중상사고,0,1,0,0,차대사람 - 횡단중,안전운전불이행,포장 - 건조,맑음,교차로 - 교차로횡단보도내,승용,남,73세,상해없음,보행자,남,71세,중상
2021012700100046,2021년 1월 27일 07시,수요일,경기도 광주시 쌍령동,중상사고,0,1,0,0,차대사람 - 횡단중,보행자보호의무위반,포장 - 건조,맑음,기타 - 기타,승용,남,54세,상해없음,보행자,여,53세,중상
2021012700100099,2021년 1월 27일 09시,수요일,경기도 수원시 영통구 매탄동,경상사고,0,0,1,0,차대사람 - 횡단중,보행자보호의무위반,포장 - 건조,맑음,단일로 - 기타,화물,남,55세,상해없음,보행자,남,54세,경상
2021012700100167,2021년 1월 27일 12시,수요일,경기도 용인시 처인구 포곡읍,중상사고,0,1,0,0,차대사람 - 횡단중,보행자보호의무위반,포장 - 건조,맑음,교차로 - 교차로부근,화물,남,52세,상해없음,보행자,남,77세,중상
2021012700100190,2021년 1월 27일 13시,수요일,경기도 김포시 운양동,중상사고,0,1,0,0,차대사람 - 기타,안전운전불이행,포장 - 건조,맑음,단일로 - 기타,승용,남,34세,상해없음,보행자,여,42세,중상
2021012700100192,2021년 1월 27일 13시,수요일,경기도 부천시 소사본동,중상사고,0,1,0,0,차대사람 - 길가장자리구역통행중,안전운전불이행,포장 - 건조,맑음,교차로 - 교차로부근,화물,남,51세,상해없음,보행자,여,53세,중상
2021012700100193,2021년 1월 27일 13시,수요일,경기도 시흥시 정왕동,경상사고,0,0,1,0,차대사람 - 기타,안전운전불이행,포장 - 건조,맑음,교차로 - 교차로횡단보도내,승용,남,50세,상해없음,보행자,남,5세,경상
2021012700100231,2021년 1월 27일 14시,수요일,경기도 부천시 소사동,경상사고,0,0,1,0,차대사람 - 기타,안전운전불이행,포장 - 건조,맑음,기타 - 기타,승합,남,58세,상해없음,보행자,남,83세,경상
2021012700100232,2021년 1월 27일 14시,수요일,경기도 광명시 광명동,중상사고,0,1,0,0,차대사람 - 차도통행중,안전운전불이행,포장 - 건조,맑음,단일로 - 기타,승용,여,61세,상해없음,보행자,남,53세,중상
2021012700100295,2021년 1월 27일 16시,수요일,경기도 용인시 기흥구 보정동,부상신고사고,0,0,0,1,차대사람 - 기타,안전운전불이행,포장 - 건조,맑음,단일로 - 기타,승합,남,53세,기타불명,보행자,여,74세,부상신고
2021012700100314,2021년 1월 27일 16시,수요일,경기도 포천시 가산면,경상사고,0,0,1,0,차대사람 - 횡단중,안전운전불이행,포장 - 건조,맑음,단일로 - 기타,화물,남,41세,상해없음,보행자,남,7세,경상
2021012700100344,2021년 1월 27일 17시,수요일,경기도 의정부시 의정부동,경상사고,0,0,1,0,차대사람 - 길가장자리구역통행중,안전운전불이행,포장 - 건조,맑음,단일로 - 기타,승용,여,37세,상해없음,보행자,여,28세,경상
2021012700100366,2021년 1월 27일 18시,수요일,경기도 안성시 보개면,경상사고,0,0,1,0,차대사람 - 기타,안전운전불이행,포장 - 건조,맑음,기타 - 기타,승용,남,59세,상해없음,보행자,남,61세,경상
2021012700100370,2021년 1월 27일 18시,수요일,경기도 김포시 사우동,중상사고,0,1,0,0,차대사람 - 횡단중,교차로운행방법위반,포장 - 건조,맑음,교차로 - 교차로안,승용,남,52세,상해없음,보행자,남,20세,중상
2021012700100372,2021년 1월 27일 18시,수요일,경기도 안산시 단원구 원곡동,중상사고,0,1,0,0,차대사람 - 횡단중,신호위반,포장 - 건조,맑음,교차로 - 교차로횡단보도내,이륜,남,46세,상해없음,보행자,남,27세,중상
2021012700100401,2021년 1월 27일 18시,수요일,경기도 남양주시 평내동,경상사고,0,0,1,0,차대사람 - 횡단중,보행자보호의무위반,포장 - 건조,맑음,교차로 - 교차로횡단보도내,승용,여,52세,상해없음,보행자,남,51세,경상
2021012700100415,2021년 1월 27일 19시,수요일,경기도 이천시 모가면,부상신고사고,0,0,0,1,차대사람 - 기타,안전운전불이행,포장 - 건조,맑음,단일로 - 기타,승합,남,49세,상해없음,보행자,남,46세,부상신고
2021012700100455,2021년 1월 27일 20시,수요일,경기도 용인시 기흥구 구갈동,중상사고,0,1,0,0,차대사람 - 횡단중,보행자보호의무위반,포장 - 건조,맑음,교차로 - 교차로안,이륜,남,45세,상해없음,보행자,여,46세,중상
2021012800100024,2021년 1월 28일 06시,목요일,경기도 평택시 합정동,부상신고사고,0,0,0,1,차대사람 - 기타,안전운전불이행,포장 - 건조,맑음,교차로 - 교차로부근,승용,남,46세,상해없음,보행자,여,83세,부상신고
2021012800100025,2021년 1월 28일 06시,목요일,경기도 용인시 수지구 성복동,경상사고,0,0,1,0,차대사람 - 횡단중,보행자보호의무위반,포장 - 건조,맑음,단일로 - 기타,승용,남,42세,상해없음,보행자,남,40세,경상
2021012800100049,2021년 1월 28일 08시,목요일,경기도 성남시 분당구 백현동,중상사고,0,1,0,0,차대사람 - 횡단중,안전운전불이행,포장 - 건조,맑음,교차로 - 교차로부근,승용,남,58세,상해없음,보행자,여,37세,중상
2021012800100073,2021년 1월 28일 09시,목요일,경기도 부천시 상동,경상사고,0,0,1,0,차대사람 - 횡단중,보행자보호의무위반,포장 - 적설,눈,교차로 - 교차로횡단보도내,승합,남,51세,상해없음,보행자,여,27세,경상
2021012800100103,2021년 1월 28일 10시,목요일,경기도 수원시 팔달구 화서동,경상사고,0,0,1,0,차대사람 - 횡단중,보행자보호의무위반,포장 - 적설,눈,교차로 - 교차로안,승용,여,45세,상해없음,보행자,여,33세,경상
2021012800100249,2021년 1월 28일 14시,목요일,경기도 용인시 처인구 김량장동,경상사고,0,0,1,0,차대사람 - 횡단중,안전운전불이행,포장 - 건조,맑음,교차로 - 교차로안,승용,여,25세,상해없음,보행자,남,70세,경상
2021012800100338,2021년 1월 28일 17시,목요일,경기도 광주시 오포읍,경상사고,0,0,1,0,차대사람 - 기타,안전운전불이행,포장 - 건조,맑음,교차로 - 교차로부근,승용,여,63세,상해없음,보행자,여,51세,경상
2021012800100343,2021년 1월 28일 17시,목요일,경기도 성남시 중원구 중앙동,경상사고,0,0,1,0,차대사람 - 기타,신호위반,포장 - 건조,맑음,교차로 - 교차로안,승용,남,60세,기타불명,보행자,여,53세,경상
2021012800100362,2021년 1월 28일 17시,목요일,경기도 양주시 남면,중상사고,0,1,0,0,차대사람 - 차도통행중,안전운전불이행,포장 - 건조,맑음,교차로 - 교차로안,승용,여,31세,상해없음,보행자,여,17세,중상
2021012800100371,2021년 1월 28일 18시,목요일,경기도 평택시 안중읍,중상사고,0,1,0,0,차대사람 - 횡단중,보행자보호의무위반,포장 - 건조,맑음,단일로 - 기타,승용,남,65세,상해없음,보행자,여,47세,중상
2021012800100378,2021년 1월 28일 18시,목요일,경기도 오산시 금암동,경상사고,0,0,1,0,차대사람 - 기타,안전운전불이행,포장 - 건조,맑음,단일로 - 기타,승용,남,28세,상해없음,보행자,남,20세,경상
2021012800100382,2021년 1월 28일 18시,목요일,경기도 수원시 권선구 세류동,부상신고사고,0,0,0,1,차대사람 - 기타,안전운전불이행,포장 - 젖음/습기,흐림,단일로 - 기타,승용,남,55세,상해없음,보행자,여,70세,부상신고
2021012800100409,2021년 1월 28일 18시,목요일,경기도 남양주시 별내동,중상사고,0,1,0,0,차대사람 - 차도통행중,안전운전불이행,포장 - 적설,흐림,기타 - 기타,승합,남,46세,상해없음,보행자,여,71세,중상
2021012800100424,2021년 1월 28일 19시,목요일,경기도 안산시 단원구 고잔동,경상사고,0,0,1,0,차대사람 - 횡단중,보행자보호의무위반,포장 - 건조,기타,단일로 - 기타,승용,남,25세,상해없음,보행자,여,27세,경상
2021012800100429,2021년 1월 28일 19시,목요일,경기도 수원시 팔달구 매산로2가,경상사고,0,0,2,0,차대사람 - 횡단중,보행자보호의무위반,포장 - 젖음/습기,맑음,교차로 - 교차로부근,이륜,남,44세,경상,보행자,남,45세,경상
2021012800100463,2021년 1월 28일 20시,목요일,경기도 용인시 기흥구 상갈동,중상사고,0,1,0,0,차대사람 - 횡단중,안전운전불이행,포장 - 건조,맑음,교차로 - 교차로안,승합,남,55세,상해없음,보행자,남,59세,중상
2021012800100465,2021년 1월 28일 20시,목요일,경기도 용인시 수지구 죽전동,경상사고,0,0,1,0,차대사람 - 횡단중,보행자보호의무위반,포장 - 건조,맑음,교차로 - 교차로안,화물,남,50세,상해없음,보행자,여,74세,경상
2021012900100041,2021년 1월 29일 06시,금요일,경기도 화성시 봉담읍,중상사고,0,1,0,0,차대사람 - 기타,안전운전불이행,포장 - 기타,맑음,단일로 - 기타,승용,여,68세,상해없음,보행자,남,58세,중상
2021012900100058,2021년 1월 29일 07시,금요일,경기도 평택시 용이동,경상사고,0,0,1,0,차대사람 - 횡단중,안전운전불이행,포장 - 건조,맑음,단일로 - 기타,이륜,남,50세,상해없음,보행자,남,53세,경상
2021012900100061,2021년 1월 29일 07시,금요일,경기도 안산시 상록구 일동,경상사고,0,0,1,0,차대사람 - 횡단중,신호위반,포장 - 건조,맑음,교차로 - 교차로횡단보도내,승용,남,65세,상해없음,보행자,여,18세,경상
2021012900100084,2021년 1월 29일 08시,금요일,경기도 평택시 지제동,경상사고,0,0,1,0,차대사람 - 길가장자리구역통행중,안전운전불이행,포장 - 건조,맑음,단일로 - 기타,승용,여,56세,상해없음,보행자,여,49세,경상
2021012900100090,2021년 1월 29일 08시,금요일,경기도 하남시 덕풍동,중상사고,0,1,0,0,차대사람 - 기타,안전운전불이행,포장 - 건조,맑음,교차로 - 교차로부근,승용,남,70세,상해없음,보행자,여,56세,중상
2021012900100125,2021년 1월 29일 09시,금요일,경기도 안성시 인지동,중상사고,0,1,0,0,차대사람 - 길가장자리구역통행중,안전운전불이행,포장 - 건조,맑음,단일로 - 기타,승용,여,45세,상해없음,보행자,남,76세,중상
2021012900100145,2021년 1월 29일 09시,금요일,경기도 의정부시 녹양동,경상사고,0,0,1,0,차대사람 - 기타,불법유턴,포장 - 건조,맑음,단일로 - 기타,기타불명,기타불명,미분류,기타불명,보행자,남,21세,경상
2021012900100161,2021년 1월 29일 10시,금요일,경기도 성남시 중원구 상대원동,경상사고,0,0,1,0,차대사람 - 길가장자리구역통행중,안전운전불이행,포장 - 건조,맑음,교차로 - 교차로부근,승용,여,59세,상해없음,보행자,여,43세,경상
2021012900100194,2021년 1월 29일 11시,금요일,경기도 화성시 청계동,부상신고사고,0,0,0,1,차대사람 - 보도통행중,보행자보호의무위반,포장 - 건조,맑음,교차로 - 교차로안,자전거,남,9세,상해없음,보행자,여,13세,부상신고
2021012900100224,2021년 1월 29일 12시,금요일,경기도 성남시 중원구 성남동,경상사고,0,0,1,0,차대사람 - 길가장자리구역통행중,안전운전불이행,포장 - 건조,맑음,교차로 - 교차로부근,승용,남,77세,상해없음,보행자,여,41세,경상
2021012900100258,2021년 1월 29일 13시,금요일,경기도 수원시 팔달구 우만동,중상사고,0,1,0,0,차대사람 - 횡단중,안전운전불이행,포장 - 건조,맑음,교차로 - 교차로안,승용,남,74세,상해없음,보행자,여,84세,중상
2021012900100306,2021년 1월 29일 15시,금요일,경기도 광명시 광명동,경상사고,0,0,1,0,차대사람 - 횡단중,신호위반,포장 - 건조,맑음,단일로 - 기타,승용,남,61세,상해없음,보행자,여,65세,경상
2021012900100393,2021년 1월 29일 17시,금요일,경기도 파주시 문산읍,경상사고,0,0,1,0,차대사람 - 길가장자리구역통행중,안전운전불이행,포장 - 건조,맑음,단일로 - 기타,화물,남,45세,상해없음,보행자,남,59세,경상
2021012900100412,2021년 1월 29일 18시,금요일,경기도 부천시 괴안동,경상사고,0,0,1,0,차대사람 - 횡단중,안전운전불이행,포장 - 건조,맑음,단일로 - 기타,승용,여,50세,상해없음,보행자,남,49세,경상
2021012900100421,2021년 1월 29일 18시,금요일,경기도 화성시 영천동,경상사고,0,0,1,0,차대사람 - 횡단중,보행자보호의무위반,포장 - 건조,맑음,교차로 - 교차로횡단보도내,승용,여,42세,상해없음,보행자,남,25세,경상
2021012900100522,2021년 1월 29일 20시,금요일,경기도 고양시 일산서구 대화동,경상사고,0,0,1,0,차대사람 - 횡단중,신호위반,포장 - 건조,맑음,기타 - 기타,승용,남,51세,상해없음,보행자,남,37세,경상
2021012900100536,2021년 1월 29일 21시,금요일,경기도 광주시 경안동,경상사고,0,0,1,0,차대사람 - 횡단중,안전운전불이행,포장 - 건조,맑음,교차로 - 교차로안,승용,남,18세,상해없음,보행자,남,22세,경상
2021012900100542,2021년 1월 29일 21시,금요일,경기도 광명시 하안동,사망사고,1,0,0,0,차대사람 - 횡단중,안전운전불이행,포장 - 건조,맑음,교차로 - 교차로횡단보도내,원동기,남,25세,상해없음,보행자,여,91세,사망
2021012900100543,2021년 1월 29일 21시,금요일,경기도 광명시 광명동,경상사고,0,0,1,0,차대사람 - 기타,안전운전불이행,포장 - 건조,맑음,단일로 - 기타,승용,남,66세,상해없음,보행자,남,54세,경상
2021012900100548,2021년 1월 29일 21시,금요일,경기도 안산시 상록구 본오동,경상사고,0,0,1,0,차대사람 - 기타,안전운전불이행,포장 - 건조,맑음,단일로 - 기타,승합,남,67세,상해없음,보행자,남,20세,경상
2021012900100551,2021년 1월 29일 21시,금요일,경기도 안양시 만안구 안양동,중상사고,0,1,0,0,차대사람 - 기타,기타,포장 - 건조,맑음,단일로 - 기타,승합,남,60세,상해없음,보행자,여,38세,중상
2021012900100590,2021년 1월 29일 22시,금요일,경기도 평택시 평택동,경상사고,0,0,1,0,차대사람 - 기타,안전운전불이행,포장 - 건조,맑음,단일로 - 기타,승용,남,20세,상해없음,보행자,남,26세,경상
2021013000100032,2021년 1월 30일 05시,토요일,경기도 안양시 만안구 안양동,경상사고,0,0,1,0,차대사람 - 횡단중,신호위반,포장 - 건조,맑음,교차로 - 교차로부근,화물,남,53세,상해없음,보행자,남,77세,경상