사고번호,사고일시,요일,시군구,사고내용,사망자수,중상자수,경상자수,부상신고자수,사고유형,법규위반,노면상태,기상상태,도로형태,가해운전자 차종,가해운전자 성별,가해운전자 연령,가해운전자 상해정도,피해운전자 차종,피해운전자 성별,피해운전자 연령,피해운전자 상해정도
2021020500100111,2021년 2월 5일 10시,금요일,경기도 수원시 권선구 오목천동,경상사고,0,0,1,0,차대사람 - 횡단중,신호위반,포장 - 건조,맑음,교차로 - 교차로안,화물,남,63세,상해없음,보행자,남,17세,경상
2021020500100124,2021년 2월 5일 10시,금요일,경기도 고양시 덕양구 관산동,중상사고,0,1,0,0,차대사람 - 횡단중,보행자보호의무위반,포장 - 건조,맑음,교차로 - 교차로횡단보도내,화물,남,52세,상해없음,보행자,여,63세,중상
2021020500100176,2021년 2월 5일 12시,금요일,경기도 안산시 상록구 월피동,중상사고,0,1,0,0,차대사람 - 기타,안전운전불이행,포장 - 건조,맑음,교차로 - 교차로안,승용,남,48세,상해없음,보행자,여,82세,중상
2021020500100213,2021년 2월 5일 13시,금요일,경기도 광주시 곤지암읍,경상사고,0,0,1,0,차대사람 - 횡단중,안전운전불이행,포장 - 젖음/습기,기타,기타 - 기타,화물,남,30세,상해없음,보행자,남,61세,경상
2021020500100218,2021년 2월 5일 13시,금요일,경기도 안산시 상록구 사동,경상사고,0,0,1,0,차대사람 - 기타,안전운전불이행,포장 - 건조,맑음,단일로 - 기타,승용,여,51세,상해없음,보행자,여,10세,경상
2021020500100262,2021년 2월 5일 14시,금요일,경기도 용인시 처인구 김량장동,경상사고,0,0,1,0,차대사람 - 횡단중,보행자보호의무위반,포장 - 건조,맑음,단일로 - 기타,화물,남,46세,기타불명,보행자,여,29세,경상
2021020500100359,2021년 2월 5일 16시,금요일,경기도 남양주시 화도읍,경상사고,0,0,1,0,차대사람 - 기타,안전운전불이행,포장 - 건조,맑음,기타 - 기타,승용,남,50세,상해없음,보행자,여,73세,경상
2021020500100375,2021년 2월 5일 17시,금요일,경기도 용인시 처인구 마평동,부상신고사고,0,0,0,1,차대사람 - 기타,안전운전불이행,포장 - 건조,맑음,단일로 - 기타,자전거,남,35세,상해없음,보행자,여,60세,부상신고
2021020500100382,2021년 2월 5일 17시,금요일,경기도 수원시 권선구 권선동,경상사고,0,0,1,0,차대사람 - 기타,안전운전불이행,포장 - 건조,맑음,단일로 - 기타,승용,남,46세,상해없음,보행자,여,29세,경상
2021020500100415,2021년 2월 5일 17시,금요일,경기도 남양주시 오남읍,중상사고,0,1,0,0,차대사람 - 횡단중,안전운전불이행,포장 - 건조,맑음,단일로 - 기타,승용,여,52세,상해없음,보행자,남,57세,중상
2021020500100431,2021년 2월 5일 18시,금요일,경기도 이천시 마장면,중상사고,0,1,0,0,차대사람 - 횡단중,신호위반,포장 - 건조,맑음,교차로 - 교차로안,승합,남,47세,상해없음,보행자,남,70세,중상
2021020500100443,2021년 2월 5일 18시,금요일,경기도 용인시 수지구 성복동,중상사고,0,1,0,0,차대사람 - 차도통행중,안전운전불이행,포장 - 건조,맑음,단일로 - 기타,승용,여,29세,기타불명,보행자,남,62세,중상
2021020500100470,2021년 2월 5일 18시,금요일,경기도 양주시 고암동,경상사고,0,0,1,0,차대사람 - 기타,교차로운행방법위반,포장 - 건조,맑음,교차로 - 교차로안,승용,여,48세,상해없음,보행자,여,78세,경상
2021020500100491,2021년 2월 5일 19시,금요일,경기도 수원시 장안구 영화동,중상사고,0,1,0,0,차대사람 - 횡단중,안전운전불이행,포장 - 건조,맑음,단일로 - 기타,화물,남,43세,상해없음,보행자,여,68세,중상
2021020500100493,2021년 2월 5일 19시,금요일,경기도 평택시 평택동,중상사고,0,1,0,0,차대사람 - 횡단중,보행자보호의무위반,포장 - 건조,맑음,단일로 - 기타,승용,남,35세,상해없음,보행자,여,64세,중상
2021020500100501,2021년 2월 5일 19시,금요일,경기도 부천시 약대동,경상사고,0,0,1,0,차대사람 - 횡단중,안전운전불이행,포장 - 건조,맑음,교차로 - 교차로횡단보도내,승용,남,36세,상해없음,보행자,여,26세,경상
2021020500100506,2021년 2월 5일 19시,금요일,경기도 화성시 장안면,중상사고,0,2,0,0,차대사람 - 차도통행중,안전운전불이행,포장 - 건조,맑음,단일로 - 기타,이륜,남,19세,중상,보행자,남,61세,중상
2021020500100543,2021년 2월 5일 20시,금요일,경기도 수원시 장안구 율전동,경상사고,0,0,1,0,차대사람 - 기타,안전운전불이행,포장 - 건조,맑음,단일로 - 기타,승용,여,61세,상해없음,보행자,여,23세,경상
2021020500100545,2021년 2월 5일 20시,금요일,경기도 광주시 송정동,중상사고,0,1,1,0,차대사람 - 횡단중,보행자보호의무위반,포장 - 젖음/습기,기타,교차로 - 교차로안,승용,여,56세,상해없음,보행자,여,10세,중상
2021020500100547,2021년 2월 5일 20시,금요일,경기도 광명시 하안동,중상사고,0,1,0,0,차대사람 - 횡단중,신호위반,포장 - 건조,맑음,단일로 - 기타,이륜,남,20세,상해없음,보행자,남,54세,중상
2021020500100597,2021년 2월 5일 21시,금요일,경기도 용인시 기흥구 동백동,경상사고,0,0,1,0,차대사람 - 횡단중,안전운전불이행,포장 - 건조,맑음,교차로 - 교차로부근,승합,남,57세,상해없음,보행자,남,27세,경상
2021020500100599,2021년 2월 5일 21시,금요일,경기도 시흥시 대야동,중상사고,0,1,0,0,차대사람 - 횡단중,보행자보호의무위반,포장 - 건조,맑음,단일로 - 기타,승용,남,31세,상해없음,보행자,남,42세,중상
2021020500100622,2021년 2월 5일 21시,금요일,경기도 파주시 야당동,경상사고,0,0,1,0,차대사람 - 보도통행중,안전운전불이행,포장 - 적설,흐림,단일로 - 기타,승용,남,23세,상해없음,보행자,남,38세,경상
2021020600100017,2021년 2월 6일 02시,토요일,경기도 평택시 포승읍,경상사고,0,0,1,0,차대사람 - 횡단중,안전운전불이행,포장 - 건조,맑음,단일로 - 기타,승용,여,37세,상해없음,보행자,남,33세,경상
2021020600100018,2021년 2월 6일 02시,토요일,경기도 광주시 곤지암읍,사망사고,1,0,0,0,차대사람 - 횡단중,신호위반,포장 - 젖음/습기,흐림,교차로 - 교차로부근,승용,남,28세,상해없음,보행자,남,14세,사망
2021020600100032,2021년 2월 6일 06시,토요일,경기도 용인시 기흥구 마북동,중상사고,0,1,0,0,차대사람 - 차도통행중,안전운전불이행,포장 - 건조,맑음,단일로 - 기타,승용,남,58세,상해없음,보행자,여,71세,중상
2021020600100051,2021년 2월 6일 08시,토요일,경기도 화성시 오산동,경상사고,0,0,1,0,차대사람 - 횡단중,신호위반,포장 - 건조,맑음,교차로 - 교차로안,건설기계,남,52세,상해없음,보행자,여,29세,경상
2021020600100077,2021년 2월 6일 10시,토요일,경기도 수원시 장안구 연무동,중상사고,0,1,0,0,차대사람 - 기타,안전운전불이행,포장 - 건조,맑음,단일로 - 기타,승용,남,27세,상해없음,보행자,여,80세,중상
2021020600100180,2021년 2월 6일 13시,토요일,경기도 수원시 영통구 영통동,경상사고,0,0,1,1,차대사람 - 횡단중,중앙선침범,포장 - 건조,맑음,단일로 - 기타,이륜,남,25세,부상신고,보행자,남,19세,경상
2021020600100181,2021년 2월 6일 13시,토요일,경기도 성남시 분당구 이매동,중상사고,0,1,0,0,차대사람 - 기타,보행자보호의무위반,포장 - 건조,맑음,교차로 - 교차로부근,승용,남,24세,상해없음,보행자,여,56세,중상
2021020600100244,2021년 2월 6일 15시,토요일,경기도 성남시 수정구 태평동,경상사고,0,0,1,0,차대사람 - 길가장자리구역통행중,안전운전불이행,포장 - 건조,맑음,단일로 - 기타,승용,여,52세,상해없음,보행자,여,31세,경상
2021020600100343,2021년 2월 6일 18시,토요일,경기도 안양시 동안구 관양동,중상사고,0,1,0,0,차대사람 - 기타,안전운전불이행,포장 - 건조,맑음,기타 - 기타,승용,남,47세,상해없음,보행자,남,57세,중상
2021020600100345,2021년 2월 6일 18시,토요일,경기도 김포시 구래동,경상사고,0,0,1,0,차대사람 - 기타,안전운전불이행,포장 - 건조,맑음,교차로 - 교차로부근,승용,남,46세,상해없음,보행자,여,49세,경상
2021020600100347,2021년 2월 6일 18시,토요일,경기도 오산시 오산동,경상사고,0,0,1,0,차대사람 - 기타,신호위반,포장 - 건조,맑음,교차로 - 교차로횡단보도내,이륜,남,36세,상해없음,보행자,여,17세,경상
2021020600100349,2021년 2월 6일 18시,토요일,경기도 광명시 철산동,중상사고,0,1,0,0,차대사람 - 기타,기타,포장 - 건조,맑음,단일로 - 기타,승용,여,51세,상해없음,보행자,여,53세,중상
2021020600100354,2021년 2월 6일 18시,토요일,경기도 화성시 진안동,경상사고,0,0,1,0,차대사람 - 횡단중,신호위반,포장 - 건조,맑음,교차로 - 교차로안,승용,여,64세,상해없음,보행자,여,54세,경상
2021020600100417,2021년 2월 6일 20시,토요일,경기도 시흥시 신천동,경상사고,0,0,1,0,차대사람 - 횡단중,안전운전불이행,포장 - 건조,맑음,교차로 - 교차로안,이륜,남,30세,상해없음,보행자,여,67세,경상
2021020600100442,2021년 2월 6일 20시,토요일,경기도 고양시 덕양구 행신동,중상사고,0,2,0,0,차대사람 - 횡단중,신호위반,포장 - 건조,맑음,교차로 - 교차로안,화물,남,45세,상해없음,보행자,여,43세,중상
2021020600100452,2021년 2월 6일 21시,토요일,경기도 안성시 대덕면,경상사고,0,0,1,0,차대사람 - 길가장자리구역통행중,안전운전불이행,포장 - 건조,맑음,단일로 - 기타,화물,남,63세,상해없음,보행자,남,47세,경상
2021020600100453,2021년 2월 6일 21시,토요일,경기도 광주시 목현동,중상사고,0,1,0,0,차대사람 - 기타,안전운전불이행,포장 - 건조,맑음,단일로 - 기타,화물,남,53세,상해없음,보행자,남,29세,중상
2021020600100454,2021년 2월 6일 21시,토요일,경기도 용인시 처인구 김량장동,중상사고,0,1,0,0,차대사람 - 보도통행중,보행자보호의무위반,포장 - 건조,맑음,교차로 - 교차로안,승용,여,35세,상해없음,보행자,남,60세,중상
2021020600100457,2021년 2월 6일 21시,토요일,경기도 김포시 대곶면,경상사고,0,0,1,0,차대사람 - 차도통행중,안전운전불이행,포장 - 건조,맑음,교차로 - 교차로안,승용,남,70세,상해없음,보행자,남,22세,경상
2021020600100508,2021년 2월 6일 22시,토요일,경기도 남양주시 진접읍,중상사고,0,1,0,0,차대사람 - 기타,안전운전불이행,포장 - 건조,맑음,단일로 - 기타,승합,남,47세,상해없음,보행자,여,17세,중상
2021020700100034,2021년 2월 7일 05시,일요일,경기도 성남시 중원구 성남동,경상사고,0,0,1,0,차대사람 - 보도통행중,신호위반,포장 - 건조,맑음,교차로 - 교차로횡단보도내,승용,남,82세,상해없음,보행자,여,52세,경상
2021020700100082,2021년 2월 7일 10시,일요일,경기도 고양시 덕양구 화정동,중상사고,0,1,0,0,차대사람 - 보도통행중,기타,포장 - 건조,맑음,기타 - 기타,기타불명,기타불명,미분류,기타불명,보행자,남,65세,중상
2021020700100088,2021년 2월 7일 11시,일요일,경기도 여주시 대신면,중상사고,0,1,0,0,차대사람 - 기타,안전운전불이행,포장 - 건조,맑음,기타 - 기타,자전거,여,53세,상해없음,보행자,여,64세,중상
2021020700100089,2021년 2월 7일 11시,일요일,경기도 양평군 양평읍,중상사고,0,1,0,0,차대사람 - 횡단중,보행자보호의무위반,포장 - 건조,맑음,단일로 - 기타,이륜,남,23세,상해없음,보행자,여,72세,중상
2021020700100105,2021년 2월 7일 12시,일요일,경기도 군포시 금정동,경상사고,0,0,1,0,차대사람 - 기타,안전운전불이행,포장 - 건조,맑음,단일로 - 기타,승용,남,35세,상해없음,보행자,여,66세,경상
2021020700100171,2021년 2월 7일 14시,일요일,경기도 파주시 법원읍,경상사고,0,0,1,0,차대사람 - 횡단중,보행자보호의무위반,포장 - 건조,맑음,교차로 - 교차로안,승용,남,21세,상해없음,보행자,여,66세,경상
2021020700100189,2021년 2월 7일 15시,일요일,경기도 부천시 상동,중상사고,0,1,0,0,차대사람 - 기타,안전운전불이행,포장 - 건조,맑음,단일로 - 기타,승용,남,33세,상해없음,보행자,여,59세,중상
2021020700100209,2021년 2월 7일 15시,일요일,경기도 양주시 덕정동,경상사고,0,0,1,0,차대사람 - 기타,안전운전불이행,포장 - 건조,맑음,단일로 - 기타,자전거,남,13세,상해없음,보행자,여,70세,경상
2021020700100241,2021년 2월 7일 16시,일요일,경기도 고양시 일산동구 백석동,사망사고,1,0,0,0,차대사람 - 기타,신호위반,포장 - 건조,맑음,교차로 - 교차로횡단보도내,승용,여,30세,상해없음,보행자,남,60세,사망
2021020700100250,2021년 2월 7일 17시,일요일,경기도 수원시 장안구 천천동,경상사고,0,0,1,0,차대사람 - 기타,기타,포장 - 건조,맑음,교차로 - 교차로안,승용,남,47세,기타불명,보행자,여,38세,경상
2021020700100274,2021년 2월 7일 18시,일요일,경기도 수원시 팔달구 인계동,경상사고,0,0,1,0,차대사람 - 기타,안전운전불이행,포장 - 건조,맑음,단일로 - 기타,승용,여,19세,상해없음,보행자,남,20세,경상
2021020700100297,2021년 2월 7일 18시,일요일,경기도 남양주시 화도읍,경상사고,0,0,1,0,차대사람 - 횡단중,보행자보호의무위반,포장 - 건조,맑음,교차로 - 교차로안,승용,남,38세,상해없음,보행자,남,52세,경상
2021020700100340,2021년 2월 7일 20시,일요일,경기도 평택시 서정동,중상사고,0,1,0,0,차대사람 - 횡단중,보행자보호의무위반,포장 - 건조,맑음,단일로 - 기타,이륜,남,34세,상해없음,보행자,여,49세,중상
2021020700100370,2021년 2월 7일 21시,일요일,경기도 평택시 지산동,경상사고,0,0,1,0,차대사람 - 기타,안전운전불이행,포장 - 건조,맑음,단일로 - 기타,승용,남,29세,상해없음,보행자,남,32세,경상
2021020700100371,2021년 2월 7일 21시,일요일,경기도 용인시 처인구 역북동,경상사고,0,0,1,0,차대사람 - 횡단중,보행자보호의무위반,포장 - 건조,맑음,교차로 - 교차로안,승용,남,37세,상해없음,보행자,남,23세,경상
2021020700100373,2021년 2월 7일 21시,일요일,경기도 오산시 원동,경상사고,0,0,1,0,차대사람 - 횡단중,신호위반,포장 - 건조,맑음,교차로 - 교차로횡단보도내,이륜,남,43세,상해없음,보행자,여,20세,경상
2021020700100375,2021년 2월 7일 21시,일요일,경기도 부천시 작동,경상사고,0,0,1,0,차대사람 - 횡단중,보행자보호의무위반,포장 - 건조,맑음,교차로 - 교차로횡단보도내,승합,남,64세,상해없음,보행자,남,63세,경상
2021020700100389,2021년 2월 7일 22시,일요일,경기도 광명시 광명동,경상사고,0,0,1,0,차대사람 - 차도통행중,안전운전불이행,포장 - 건조,맑음,교차로 - 교차로부근,승용,남,44세,상해없음,보행자,여,16세,경상
2021020800100012,2021년 2월 8일 05시,월요일,경기도 오산시 금암동,경상사고,0,0,1,0,차대사람 - 횡단중,안전운전불이행,포장 - 건조,맑음,교차로 - 교차로횡단보도내,승용,남,58세,상해없음,보행자,남,72세,경상
2021020800100014,2021년 2월 8일 05시,월요일,경기도 부천시 내동,중상사고,0,1,0,0,차대사람 - 횡단중,안전운전불이행,포장 - 건조,맑음,단일로 - 기타,승용,남,53세,상해없음,보행자,여,64세,중상
2021020800100018,2021년 2월 8일 05시,월요일,경기도 고양시 덕양구 주교동,경상사고,0,0,1,0,차대사람 - 횡단중,신호위반,포장 - 건조,맑음,단일로 - 기타,화물,남,46세,상해없음,보행자,남,68세,경상
2021020800100026,2021년 2월 8일 06시,월요일,경기도 수원시 팔달구 남수동,경상사고,0,0,1,0,차대사람 - 횡단중,보행자보호의무위반,포장 - 건조,맑음,단일로 - 기타,승용,남,44세,상해없음,보행자,여,25세,경상
2021020800100028,2021년 2월 8일 06시,월요일,경기도 수원시 팔달구 매산로1가,중상사고,0,1,0,0,차대사람 - 보도통행중,보행자보호의무위반,포장 - 건조,맑음,교차로 - 교차로부근,승용,남,43세,상해없음,보행자,남,50세,중상
2021020800100035,2021년 2월 8일 06시,월요일,경기도 고양시 일산서구 일산동,중상사고,0,1,0,0,차대사람 - 횡단중,보행자보호의무위반,포장 - 건조,맑음,교차로 - 교차로횡단보도내,승용,남,70세,상해없음,보행자,남,74세,중상
2021020800100118,2021년 2월 8일 09시,월요일,경기도 수원시 팔달구 인계동,경상사고,0,0,1,0,차대사람 - 기타,보행자보호의무위반,포장 - 건조,맑음,교차로 - 교차로횡단보도내,승용,남,56세,상해없음,보행자,남,80세,경상
2021020800100175,2021년 2월 8일 11시,월요일,경기도 오산시 오산동,경상사고,0,0,1,0,차대사람 - 기타,안전운전불이행,포장 - 건조,맑음,교차로 - 교차로부근,승용,남,63세,상해없음,보행자,여,57세,경상
2021020800100213,2021년 2월 8일 12시,월요일,경기도 안양시 동안구 비산동,중상사고,0,1,0,0,차대사람 - 차도통행중,안전운전불이행,포장 - 건조,맑음,주차장 - 주차장,승용,남,49세,상해없음,보행자,여,89세,중상
2021020800100214,2021년 2월 8일 12시,월요일,경기도 부천시 상동,중상사고,0,1,0,0,차대사람 - 횡단중,안전운전불이행,포장 - 건조,맑음,단일로 - 기타,이륜,남,52세,상해없음,보행자,여,53세,중상
2021020800100218,2021년 2월 8일 12시,월요일,경기도 시흥시 정왕동,경상사고,0,0,1,0,차대사람 - 기타,안전운전불이행,포장 - 건조,맑음,기타 - 기타,화물,남,29세,상해없음,보행자,남,45세,경상
2021020800100255,2021년 2월 8일 12시,월요일,경기도 고양시 일산서구 대화동,경상사고,0,0,1,0,차대사람 - 횡단중,보행자보호의무위반,포장 - 건조,맑음,교차로 - 교차로횡단보도내,승합,여,55세,상해없음,보행자,여,75세,경상
2021020800100264,2021년 2월 8일 13시,월요일,경기도 수원시 팔달구 화서동,중상사고,0,1,0,0,차대사람 - 길가장자리구역통행중,안전운전불이행,포장 - 건조,맑음,단일로 - 기타,승용,여,24세,상해없음,보행자,남,56세,중상
2021020800100312,2021년 2월 8일 14시,월요일,경기도 용인시 처인구 모현읍,경상사고,0,0,1,0,차대사람 - 길가장자리구역통행중,안전운전불이행,포장 - 건조,맑음,단일로 - 기타,승용,여,26세,상해없음,보행자,남,30세,경상
2021020800100384,2021년 2월 8일 16시,월요일,경기도 하남시 덕풍동,경상사고,0,0,1,0,차대사람 - 길가장자리구역통행중,안전운전불이행,포장 - 건조,맑음,기타 - 기타,승용,여,56세,상해없음,보행자,여,47세,경상
2021020800100408,2021년 2월 8일 16시,월요일,경기도 동두천시 지행동,경상사고,0,0,1,0,차대사람 - 횡단중,신호위반,포장 - 건조,맑음,교차로 - 교차로횡단보도내,승용,남,70세,상해없음,보행자,남,32세,경상
2021020800100458,2021년 2월 8일 17시,월요일,경기도 파주시 문산읍,중상사고,0,1,0,0,차대사람 - 차도통행중,기타,포장 - 건조,맑음,교차로 - 교차로부근,화물,남,49세,상해없음,보행자,여,65세,중상
2021020800100471,2021년 2월 8일 18시,월요일,경기도 평택시 평택동,중상사고,0,1,0,0,차대사람 - 횡단중,신호위반,포장 - 건조,맑음,교차로 - 교차로횡단보도내,승용,남,67세,상해없음,보행자,남,47세,중상
2021020800100478,2021년 2월 8일 18시,월요일,경기도 화성시 남양읍,경상사고,0,0,1,0,차대사람 - 기타,안전운전불이행,포장 - 건조,맑음,주차장 - 주차장,승용,남,29세,기타불명,보행자,남,48세,경상
2021020800100479,2021년 2월 8일 18시,월요일,경기도 의왕시 내손동,경상사고,0,0,1,0,차대사람 - 횡단중,보행자보호의무위반,포장 - 건조,맑음,교차로 - 교차로횡단보도내,승합,남,65세,상해없음,보행자,남,10세,경상
2021020800100482,2021년 2월 8일 18시,월요일,경기도 화성시 진안동,중상사고,0,1,0,0,차대사람 - 기타,기타,포장 - 건조,맑음,기타 - 기타,승용,남,48세,상해없음,보행자,남,19세,중상
2021020800100516,2021년 2월 8일 19시,월요일,경기도 성남시 중원구 성남동,경상사고,0,0,1,0,차대사람 - 기타,안전운전불이행,포장 - 기타,기타,기타 - 기타,승용,여,31세,상해없음,보행자,여,41세,경상
2021020800100547,2021년 2월 8일 19시,월요일,경기도 고양시 일산동구 장항동,경상사고,0,0,1,0,차대사람 - 횡단중,보행자보호의무위반,포장 - 건조,맑음,교차로 - 교차로안,승용,남,67세,상해없음,보행자,여,20세,경상
2021020800100548,2021년 2월 8일 19시,월요일,경기도 남양주시 금곡동,중상사고,0,1,0,0,차대사람 - 길가장자리구역통행중,안전운전불이행,포장 - 건조,맑음,단일로 - 기타,승용,여,48세,상해없음,보행자,여,61세,중상
2021020800100557,2021년 2월 8일 20시,월요일,경기도 여주시 현암동,중상사고,0,1,0,0,차대사람 - 기타,안전운전불이행,포장 - 건조,맑음,단일로 - 기타,승용,남,48세,상해없음,보행자,남,49세,중상
2021020800100596,2021년 2월 8일 21시,월요일,경기도 평택시 지산동,경상사고,0,0,1,0,차대사람 - 횡단중,보행자보호의무위반,포장 - 건조,맑음,기타 - 기타,승용,남,31세,상해없음,보행자,여,30세,경상
2021020800100597,2021년 2월 8일 21시,월요일,경기도 평택시 오성면,경상사고,0,0,1,0,차대사람 - 기타,안전운전불이행,포장 - 건조,맑음,단일로 - 기타,기타불명,기타불명,미분류,기타불명,보행자,남,26세,경상
2021020900100005,2021년 2월 9일 01시,화요일,경기도 이천시 부발읍,경상사고,0,0,1,0,차대사람 - 횡단중,안전운전불이행,포장 - 건조,맑음,교차로 - 교차로부근,기타불명,기타불명,미분류,기타불명,보행자,남,58세,경상
2021020900100031,2021년 2월 9일 06시,화요일,경기도 부천시 도당동,중상사고,0,1,0,0,차대사람 - 횡단중,신호위반,포장 - 건조,흐림,교차로 - 교차로횡단보도내,승용,여,61세,상해없음,보행자,남,63세,중상
2021020900100075,2021년 2월 9일 08시,화요일,경기도 성남시 중원구 성남동,경상사고,0,0,1,0,차대사람 - 기타,안전운전불이행,포장 - 건조,맑음,단일로 - 기타,화물,남,62세,상해없음,보행자,여,54세,경상
2021020900100105,2021년 2월 9일 09시,화요일,경기도 양평군 용문면,중상사고,0,1,0,0,차대사람 - 길가장자리구역통행중,중앙선침범,포장 - 건조,맑음,단일로 - 기타,승용,남,78세,상해없음,보행자,남,76세,중상
2021020900100185,2021년 2월 9일 11시,화요일,경기도 평택시 포승읍,경상사고,0,0,1,0,차대사람 - 기타,안전운전불이행,포장 - 건조,맑음,단일로 - 기타,건설기계,남,53세,상해없음,보행자,남,45세,경상
2021020900100213,2021년 2월 9일 11시,화요일,경기도 고양시 덕양구 원흥동,경상사고,0,0,1,0,차대사람 - 횡단중,신호위반,포장 - 젖음/습기,맑음,교차로 - 교차로횡단보도내,이륜,남,29세,상해없음,보행자,여,63세,경상
2021020900100219,2021년 2월 9일 12시,화요일,경기도 수원시 장안구 연무동,중상사고,0,1,0,0,차대사람 - 횡단중,보행자보호의무위반,포장 - 건조,맑음,교차로 - 교차로횡단보도내,건설기계,남,51세,상해없음,보행자,여,37세,중상
2021020900100220,2021년 2월 9일 12시,화요일,경기도 안성시 양성면,중상사고,0,1,0,0,차대사람 - 기타,안전운전불이행,포장 - 건조,맑음,기타 - 기타,화물,남,63세,상해없음,보행자,여,73세,중상
2021020900100265,2021년 2월 9일 13시,화요일,경기도 화성시 방교동,중상사고,0,1,0,0,차대사람 - 횡단중,안전운전불이행,포장 - 건조,맑음,단일로 - 기타,승용,남,39세,상해없음,보행자,남,57세,중상
2021020900100300,2021년 2월 9일 14시,화요일,경기도 평택시 서정동,중상사고,0,1,0,0,차대사람 - 기타,보행자보호의무위반,포장 - 건조,맑음,교차로 - 교차로횡단보도내,화물,남,46세,상해없음,보행자,여,68세,중상
2021020900100303,2021년 2월 9일 14시,화요일,경기도 광주시 장지동,경상사고,0,0,1,0,차대사람 - 기타,안전운전불이행,포장 - 건조,맑음,단일로 - 기타,승합,남,60세,상해없음,보행자,여,51세,경상
2021020900100309,2021년 2월 9일 14시,화요일,경기도 수원시 권선구 세류동,중상사고,0,1,0,0,차대사람 - 기타,안전운전불이행,포장 - 건조,맑음,교차로 - 교차로횡단보도내,건설기계,남,40세,상해없음,보행자,여,89세,중상
2021020900100400,2021년 2월 9일 16시,화요일,경기도 안성시 동본동,경상사고,0,0,1,0,차대사람 - 차도통행중,안전운전불이행,포장 - 건조,맑음,교차로 - 교차로안,승용,남,68세,상해없음,보행자,남,15세,경상
2021020900100404,2021년 2월 9일 16시,화요일,경기도 수원시 영통구 망포동,중상사고,0,1,0,0,차대사람 - 기타,안전운전불이행,포장 - 건조,맑음,단일로 - 기타,승용,여,45세,상해없음,보행자,남,56세,중상
2021020900100405,2021년 2월 9일 16시,화요일,경기도 성남시 중원구 상대원동,경상사고,0,0,1,0,차대사람 - 길가장자리구역통행중,안전운전불이행,포장 - 건조,맑음,단일로 - 기타,승용,남,72세,상해없음,보행자,남,30세,경상
2021020900100448,2021년 2월 9일 17시,화요일,경기도 양평군 양평읍,중상사고,0,1,0,0,차대사람 - 기타,안전운전불이행,포장 - 건조,맑음,단일로 - 기타,승용,여,67세,상해없음,보행자,남,40세,중상
2021020900100449,2021년 2월 9일 17시,화요일,경기도 안산시 단원구 고잔동,경상사고,0,0,1,0,차대사람 - 횡단중,안전운전불이행,포장 - 건조,맑음,기타 - 기타,승용,여,60세,상해없음,보행자,남,56세,경상
2021020900100476,2021년 2월 9일 17시,화요일,경기도 파주시 문산읍,경상사고,0,0,1,0,차대사람 - 기타,안전운전불이행,포장 - 건조,맑음,단일로 - 기타,승용,남,28세,상해없음,보행자,여,46세,경상
2021020900100477,2021년 2월 9일 17시,화요일,경기도 양주시 고암동,경상사고,0,0,1,0,차대사람 - 기타,안전운전불이행,포장 - 건조,맑음,주차장 - 주차장,승용,여,35세,상해없음,보행자,남,53세,경상
2021020900100498,2021년 2월 9일 18시,화요일,경기도 평택시 군문동,경상사고,0,0,1,0,차대사람 - 기타,안전운전불이행,포장 - 건조,맑음,교차로 - 교차로안,승용,남,71세,상해없음,보행자,여,79세,경상
2021020900100502,2021년 2월 9일 18시,화요일,경기도 오산시 수청동,중상사고,0,1,0,0,차대사람 - 횡단중,보행자보호의무위반,포장 - 건조,맑음,교차로 - 교차로안,승용,남,56세,상해없음,보행자,여,60세,중상
2021020900100504,2021년 2월 9일 18시,화요일,경기도 성남시 분당구 정자동,중상사고,0,1,0,0,차대사람 - 기타,보행자보호의무위반,포장 - 건조,맑음,단일로 - 기타,승용,남,31세,상해없음,보행자,여,39세,중상
2021020900100531,2021년 2월 9일 18시,화요일,경기도 의정부시 가능동,경상사고,0,0,1,0,차대사람 - 기타,안전운전불이행,포장 - 건조,맑음,교차로 - 교차로안,승용,여,48세,상해없음,보행자,남,36세,경상
2021020900100562,2021년 2월 9일 19시,화요일,경기도 광주시 초월읍,중상사고,0,2,0,0,차대사람 - 횡단중,보행자보호의무위반,포장 - 건조,맑음,교차로 - 교차로횡단보도내,승용,남,70세,상해없음,보행자,여,34세,중상
2021020900100563,2021년 2월 9일 19시,화요일,경기도 오산시 오산동,중상사고,0,1,0,0,차대사람 - 횡단중,보행자보호의무위반,포장 - 건조,맑음,교차로 - 교차로횡단보도내,승용,여,31세,상해없음,보행자,남,20세,중상
2021020900100564,2021년 2월 9일 19시,화요일,경기도 부천시 상동,경상사고,0,0,1,0,차대사람 - 기타,신호위반,포장 - 건조,맑음,단일로 - 기타,승합,남,58세,상해없음,보행자,남,49세,경상
2021020900100566,2021년 2월 9일 19시,화요일,경기도 수원시 권선구 세류동,중상사고,0,1,0,0,차대사람 - 횡단중,안전운전불이행,포장 - 건조,맑음,교차로 - 교차로횡단보도내,승합,남,66세,상해없음,보행자,남,59세,중상
2021020900100584,2021년 2월 9일 19시,화요일,경기도 의정부시 의정부동,경상사고,0,0,2,0,차대사람 - 횡단중,안전운전불이행,포장 - 건조,맑음,단일로 - 기타,자전거,남,57세,경상,보행자,여,47세,경상
2021020900100601,2021년 2월 9일 20시,화요일,경기도 수원시 장안구 정자동,중상사고,0,1,0,0,차대사람 - 횡단중,신호위반,포장 - 건조,맑음,교차로 - 교차로횡단보도내,이륜,남,22세,상해없음,보행자,남,38세,중상