사고번호,사고일시,요일,시군구,사고내용,사망자수,중상자수,경상자수,부상신고자수,사고유형,법규위반,노면상태,기상상태,도로형태,가해운전자 차종,가해운전자 성별,가해운전자 연령,가해운전자 상해정도,피해운전자 차종,피해운전자 성별,피해운전자 연령,피해운전자 상해정도
2021022600100473,2021년 2월 26일 19시,금요일,경기도 이천시 창전동,경상사고,0,0,1,0,차대사람 - 기타,안전운전불이행,포장 - 건조,맑음,단일로 - 기타,승용,남,32세,상해없음,보행자,남,42세,경상
2021022600100474,2021년 2월 26일 19시,금요일,경기도 용인시 처인구 역북동,중상사고,0,1,0,0,차대사람 - 횡단중,보행자보호의무위반,포장 - 건조,맑음,교차로 - 교차로횡단보도내,승용,남,38세,상해없음,보행자,여,61세,중상
2021022600100475,2021년 2월 26일 19시,금요일,경기도 오산시 원동,경상사고,0,0,1,0,차대사람 - 보도통행중,안전운전불이행,포장 - 건조,맑음,기타 - 기타,승용,여,61세,상해없음,보행자,남,33세,경상
2021022600100512,2021년 2월 26일 19시,금요일,경기도 고양시 덕양구 고양동,경상사고,0,0,1,0,차대사람 - 횡단중,보행자보호의무위반,포장 - 건조,맑음,교차로 - 교차로횡단보도내,화물,남,48세,상해없음,보행자,남,72세,경상
2021022600100527,2021년 2월 26일 20시,금요일,경기도 부천시 상동,경상사고,0,0,1,0,차대사람 - 기타,기타,포장 - 건조,맑음,교차로 - 교차로부근,자전거,남,12세,상해없음,보행자,남,67세,경상
2021022600100549,2021년 2월 26일 20시,금요일,경기도 남양주시 진접읍,경상사고,0,0,1,0,차대사람 - 횡단중,보행자보호의무위반,포장 - 건조,맑음,교차로 - 교차로횡단보도내,승합,남,59세,상해없음,보행자,여,29세,경상
2021022600100558,2021년 2월 26일 21시,금요일,경기도 수원시 장안구 율전동,경상사고,0,0,1,0,차대사람 - 차도통행중,안전운전불이행,포장 - 건조,맑음,단일로 - 기타,승용,남,21세,상해없음,보행자,남,26세,경상
2021022600100559,2021년 2월 26일 21시,금요일,경기도 성남시 수정구 태평동,경상사고,0,0,1,0,차대사람 - 기타,보행자보호의무위반,포장 - 건조,맑음,교차로 - 교차로안,화물,남,45세,상해없음,보행자,남,25세,경상
2021022600100588,2021년 2월 26일 22시,금요일,경기도 부천시 심곡동,중상사고,0,1,0,0,차대사람 - 기타,안전운전불이행,포장 - 건조,맑음,단일로 - 기타,승용,남,40세,상해없음,보행자,남,32세,중상
2021022600100593,2021년 2월 26일 22시,금요일,경기도 용인시 수지구 풍덕천동,경상사고,0,0,1,0,차대사람 - 횡단중,보행자보호의무위반,포장 - 젖음/습기,흐림,단일로 - 기타,승용,여,77세,상해없음,보행자,여,50세,경상
2021022700100007,2021년 2월 27일 00시,토요일,경기도 남양주시 화도읍,경상사고,0,0,1,0,차대사람 - 차도통행중,안전운전불이행,포장 - 건조,맑음,기타 - 기타,승용,여,60세,상해없음,보행자,여,24세,경상
2021022700100041,2021년 2월 27일 06시,토요일,경기도 시흥시 과림동,중상사고,0,1,0,0,차대사람 - 횡단중,보행자보호의무위반,포장 - 건조,맑음,교차로 - 교차로횡단보도내,승용,남,45세,상해없음,보행자,남,66세,중상
2021022700100126,2021년 2월 27일 11시,토요일,경기도 성남시 수정구 태평동,경상사고,0,0,1,0,차대사람 - 기타,안전운전불이행,포장 - 건조,맑음,단일로 - 기타,승용,남,34세,상해없음,보행자,남,36세,경상
2021022700100127,2021년 2월 27일 11시,토요일,경기도 평택시 세교동,경상사고,0,0,1,0,차대사람 - 길가장자리구역통행중,안전운전불이행,포장 - 건조,맑음,교차로 - 교차로안,기타불명,기타불명,미분류,기타불명,보행자,남,80세,경상
2021022700100182,2021년 2월 27일 12시,토요일,경기도 의정부시 가능동,중상사고,0,1,0,0,차대사람 - 횡단중,보행자보호의무위반,포장 - 건조,맑음,교차로 - 교차로횡단보도내,승용,남,43세,상해없음,보행자,여,77세,중상
2021022700100197,2021년 2월 27일 13시,토요일,경기도 수원시 장안구 정자동,중상사고,0,1,0,0,차대사람 - 기타,안전운전불이행,포장 - 건조,맑음,단일로 - 기타,승용,여,62세,상해없음,보행자,여,65세,중상
2021022700100249,2021년 2월 27일 14시,토요일,경기도 김포시 마산동,경상사고,0,0,1,0,차대사람 - 기타,안전운전불이행,포장 - 건조,맑음,교차로 - 교차로안,승용,남,45세,상해없음,보행자,남,54세,경상
2021022700100253,2021년 2월 27일 14시,토요일,경기도 수원시 영통구 원천동,경상사고,0,0,1,0,차대사람 - 기타,신호위반,포장 - 건조,맑음,교차로 - 교차로안,승용,남,61세,상해없음,보행자,남,58세,경상
2021022700100256,2021년 2월 27일 14시,토요일,경기도 안산시 상록구 본오동,경상사고,0,0,1,0,차대사람 - 횡단중,보행자보호의무위반,포장 - 건조,맑음,교차로 - 교차로안,승용,남,25세,상해없음,보행자,여,74세,경상
2021022700100285,2021년 2월 27일 15시,토요일,경기도 광주시 역동,경상사고,0,0,1,0,차대사람 - 차도통행중,안전운전불이행,포장 - 건조,맑음,기타 - 기타,화물,남,61세,상해없음,보행자,여,36세,경상
2021022700100290,2021년 2월 27일 15시,토요일,경기도 시흥시 군자동,경상사고,0,0,1,0,차대사람 - 기타,안전운전불이행,포장 - 건조,맑음,교차로 - 교차로부근,건설기계,남,50세,상해없음,보행자,남,60세,경상
2021022700100320,2021년 2월 27일 16시,토요일,경기도 오산시 오산동,경상사고,0,0,1,0,차대사람 - 기타,안전운전불이행,포장 - 건조,맑음,단일로 - 기타,승용,여,58세,상해없음,보행자,남,46세,경상
2021022700100455,2021년 2월 27일 19시,토요일,경기도 연천군 전곡읍,경상사고,0,0,1,0,차대사람 - 횡단중,보행자보호의무위반,포장 - 건조,맑음,교차로 - 교차로안,승용,남,45세,상해없음,보행자,남,71세,경상
2021022700100522,2021년 2월 27일 22시,토요일,경기도 수원시 팔달구 인계동,경상사고,0,0,1,0,차대사람 - 길가장자리구역통행중,안전운전불이행,포장 - 건조,맑음,단일로 - 기타,이륜,남,19세,상해없음,보행자,남,19세,경상
2021022700100523,2021년 2월 27일 22시,토요일,경기도 안산시 상록구 월피동,경상사고,0,0,1,1,차대사람 - 길가장자리구역통행중,안전운전불이행,포장 - 건조,맑음,교차로 - 교차로부근,이륜,남,18세,상해없음,보행자,남,56세,부상신고
2021022700100525,2021년 2월 27일 22시,토요일,경기도 부천시 원종동,경상사고,0,0,1,0,차대사람 - 차도통행중,안전운전불이행,포장 - 건조,맑음,교차로 - 교차로안,승용,남,47세,상해없음,보행자,남,47세,경상
2021022800100006,2021년 2월 28일 00시,일요일,경기도 평택시 지산동,경상사고,0,0,1,0,차대사람 - 기타,안전운전불이행,포장 - 건조,맑음,교차로 - 교차로안,승용,남,20세,상해없음,보행자,남,42세,경상
2021022800100019,2021년 2월 28일 02시,일요일,경기도 성남시 중원구 금광동,부상신고사고,0,0,0,1,차대사람 - 기타,안전운전불이행,포장 - 건조,맑음,기타 - 기타,승용,여,45세,상해없음,보행자,남,63세,부상신고
2021022800100045,2021년 2월 28일 06시,일요일,경기도 수원시 권선구 곡반정동,경상사고,0,0,1,0,차대사람 - 횡단중,안전운전불이행,포장 - 건조,맑음,기타 - 기타,승용,남,69세,상해없음,보행자,남,23세,경상
2021022800100059,2021년 2월 28일 08시,일요일,경기도 부천시 고강동,경상사고,0,0,1,0,차대사람 - 횡단중,보행자보호의무위반,포장 - 건조,맑음,교차로 - 교차로횡단보도내,승합,남,61세,상해없음,보행자,여,76세,경상
2021022800100117,2021년 2월 28일 12시,일요일,경기도 시흥시 도창동,사망사고,1,0,0,0,차대사람 - 기타,안전운전불이행,포장 - 건조,맑음,단일로 - 기타,화물,남,60세,상해없음,보행자,여,78세,사망
2021022800100174,2021년 2월 28일 14시,일요일,경기도 광주시 오포읍,중상사고,0,1,0,0,차대사람 - 기타,안전운전불이행,포장 - 건조,맑음,기타 - 기타,승합,남,46세,상해없음,보행자,여,70세,중상
2021022800100201,2021년 2월 28일 15시,일요일,경기도 이천시 마장면,경상사고,0,0,1,0,차대사람 - 횡단중,보행자보호의무위반,포장 - 건조,맑음,교차로 - 교차로부근,승용,남,51세,상해없음,보행자,남,3세,경상
2021022800100204,2021년 2월 28일 15시,일요일,경기도 부천시 원종동,경상사고,0,0,1,0,차대사람 - 횡단중,안전운전불이행,포장 - 건조,맑음,교차로 - 교차로부근,화물,남,64세,상해없음,보행자,남,50세,경상
2021022800100220,2021년 2월 28일 15시,일요일,경기도 의정부시 가능동,경상사고,0,0,1,0,차대사람 - 횡단중,안전운전불이행,포장 - 건조,맑음,교차로 - 교차로안,이륜,남,27세,상해없음,보행자,남,29세,경상
2021022800100273,2021년 2월 28일 18시,일요일,경기도 부천시 괴안동,경상사고,0,0,1,0,차대사람 - 기타,안전운전불이행,포장 - 건조,맑음,단일로 - 기타,승용,남,65세,상해없음,보행자,남,26세,경상
2021022800100324,2021년 2월 28일 20시,일요일,경기도 성남시 중원구 성남동,경상사고,0,0,1,0,차대사람 - 길가장자리구역통행중,안전운전불이행,포장 - 건조,맑음,단일로 - 기타,승용,남,33세,상해없음,보행자,남,32세,경상
2021022800100326,2021년 2월 28일 20시,일요일,경기도 화성시 진안동,중상사고,0,1,0,0,차대사람 - 횡단중,중앙선침범,포장 - 건조,맑음,단일로 - 기타,화물,남,27세,상해없음,보행자,남,59세,중상
2021022800100352,2021년 2월 28일 21시,일요일,경기도 의왕시 삼동,중상사고,0,3,0,0,차대사람 - 횡단중,안전운전불이행,포장 - 건조,흐림,단일로 - 기타,승용,남,64세,상해없음,보행자,여,65세,중상
2021022800100359,2021년 2월 28일 21시,일요일,경기도 파주시 목동동,경상사고,0,0,1,0,차대사람 - 횡단중,신호위반,포장 - 건조,맑음,교차로 - 교차로횡단보도내,승용,여,49세,상해없음,보행자,여,5세,경상
2021022800100364,2021년 2월 28일 22시,일요일,경기도 화성시 향남읍,중상사고,0,2,0,0,차대사람 - 횡단중,신호위반,포장 - 건조,맑음,교차로 - 교차로횡단보도내,승용,남,24세,상해없음,보행자,남,40세,중상
2021022800100388,2021년 2월 28일 23시,일요일,경기도 수원시 팔달구 인계동,경상사고,0,0,1,0,차대사람 - 횡단중,보행자보호의무위반,포장 - 건조,기타,기타 - 기타,승용,남,24세,상해없음,보행자,여,21세,경상
2021030100100087,2021년 3월 1일 12시,월요일,경기도 성남시 수정구 창곡동,경상사고,0,0,1,0,차대사람 - 기타,보행자보호의무위반,포장 - 젖음/습기,비,단일로 - 기타,승용,남,71세,상해없음,보행자,남,32세,경상
2021030100100089,2021년 3월 1일 12시,월요일,경기도 광주시 경안동,경상사고,0,0,1,0,차대사람 - 기타,기타,포장 - 젖음/습기,비,단일로 - 기타,승합,남,52세,상해없음,보행자,여,24세,경상
2021030100100114,2021년 3월 1일 13시,월요일,경기도 부천시 심곡동,중상사고,0,1,0,0,차대사람 - 기타,안전운전불이행,포장 - 젖음/습기,비,단일로 - 기타,승용,남,42세,상해없음,보행자,남,41세,중상
2021030100100222,2021년 3월 1일 16시,월요일,경기도 파주시 금촌동,경상사고,0,0,1,0,차대사람 - 횡단중,보행자보호의무위반,포장 - 젖음/습기,비,단일로 - 기타,승용,남,38세,상해없음,보행자,여,35세,경상
2021030100100268,2021년 3월 1일 18시,월요일,경기도 평택시 포승읍,중상사고,0,1,0,0,차대사람 - 차도통행중,안전운전불이행,포장 - 젖음/습기,비,교차로 - 교차로안,승용,남,31세,상해없음,보행자,남,55세,중상
2021030100100271,2021년 3월 1일 18시,월요일,경기도 안성시 석정동,사망사고,1,0,0,0,차대사람 - 보도통행중,보행자보호의무위반,포장 - 젖음/습기,비,교차로 - 교차로횡단보도내,승용,남,52세,상해없음,보행자,여,60세,사망
2021030100100274,2021년 3월 1일 18시,월요일,경기도 김포시 구래동,중상사고,0,1,0,0,차대사람 - 횡단중,보행자보호의무위반,포장 - 젖음/습기,흐림,교차로 - 교차로안,이륜,남,29세,상해없음,보행자,남,25세,중상
2021030100100275,2021년 3월 1일 18시,월요일,경기도 김포시 감정동,중상사고,0,1,0,0,차대사람 - 기타,보행자보호의무위반,포장 - 젖음/습기,비,교차로 - 교차로안,승용,남,57세,상해없음,보행자,남,43세,중상
2021030100100303,2021년 3월 1일 18시,월요일,경기도 의정부시 호원동,중상사고,0,1,0,0,차대사람 - 횡단중,신호위반,포장 - 젖음/습기,눈,교차로 - 교차로안,승용,남,67세,상해없음,보행자,남,55세,중상
2021030100100304,2021년 3월 1일 18시,월요일,경기도 고양시 일산동구 마두동,중상사고,0,1,0,0,차대사람 - 횡단중,안전운전불이행,포장 - 젖음/습기,비,단일로 - 기타,승용,남,30세,상해없음,보행자,여,42세,중상
2021030100100306,2021년 3월 1일 18시,월요일,경기도 남양주시 퇴계원읍,경상사고,0,0,1,0,차대사람 - 횡단중,보행자보호의무위반,포장 - 젖음/습기,비,교차로 - 교차로부근,승용,여,65세,상해없음,보행자,여,24세,경상
2021030100100327,2021년 3월 1일 19시,월요일,경기도 성남시 분당구 정자동,경상사고,0,0,1,0,차대사람 - 기타,안전운전불이행,포장 - 젖음/습기,비,교차로 - 교차로안,이륜,남,51세,상해없음,보행자,남,43세,경상
2021030100100329,2021년 3월 1일 19시,월요일,경기도 시흥시 신천동,중상사고,0,1,0,0,차대사람 - 차도통행중,안전운전불이행,포장 - 젖음/습기,흐림,교차로 - 교차로안,승용,남,68세,상해없음,보행자,남,58세,중상
2021030100100330,2021년 3월 1일 19시,월요일,경기도 안산시 상록구 본오동,부상신고사고,0,0,0,1,차대사람 - 횡단중,안전운전불이행,포장 - 건조,맑음,교차로 - 교차로부근,승용,여,26세,상해없음,보행자,남,59세,부상신고
2021030100100385,2021년 3월 1일 20시,월요일,경기도 고양시 덕양구 원흥동,경상사고,0,0,1,0,차대사람 - 횡단중,신호위반,포장 - 건조,맑음,교차로 - 교차로안,원동기,남,51세,상해없음,보행자,남,50세,경상
2021030100100395,2021년 3월 1일 21시,월요일,경기도 용인시 기흥구 고매동,경상사고,0,0,1,0,차대사람 - 보도통행중,안전운전불이행,포장 - 젖음/습기,비,단일로 - 기타,승용,남,32세,상해없음,보행자,남,75세,경상
2021030100100396,2021년 3월 1일 21시,월요일,경기도 양평군 양평읍,경상사고,0,0,2,0,차대사람 - 차도통행중,안전운전불이행,포장 - 젖음/습기,눈,교차로 - 교차로안,원동기,남,38세,경상,보행자,여,57세,경상
2021030200100023,2021년 3월 2일 05시,화요일,경기도 안산시 상록구 사동,중상사고,0,1,1,0,차대사람 - 횡단중,안전운전불이행,포장 - 건조,맑음,교차로 - 교차로안,승용,남,62세,상해없음,보행자,남,20세,경상
2021030200100091,2021년 3월 2일 08시,화요일,경기도 남양주시 화도읍,부상신고사고,0,0,0,1,차대사람 - 기타,안전운전불이행,포장 - 건조,맑음,교차로 - 교차로안,화물,남,78세,상해없음,보행자,여,23세,부상신고
2021030200100097,2021년 3월 2일 09시,화요일,경기도 평택시 통복동,중상사고,0,1,0,0,차대사람 - 횡단중,보행자보호의무위반,포장 - 건조,맑음,교차로 - 교차로횡단보도내,화물,남,31세,상해없음,보행자,남,85세,중상
2021030200100159,2021년 3월 2일 11시,화요일,경기도 부천시 작동,경상사고,0,0,1,0,차대사람 - 기타,안전운전불이행,포장 - 건조,맑음,단일로 - 기타,승용,남,56세,상해없음,보행자,여,34세,경상
2021030200100274,2021년 3월 2일 15시,화요일,경기도 수원시 팔달구 인계동,경상사고,0,0,1,0,차대사람 - 기타,안전운전불이행,포장 - 건조,맑음,교차로 - 교차로안,승용,남,50세,상해없음,보행자,여,64세,경상
2021030200100303,2021년 3월 2일 16시,화요일,경기도 평택시 신장동,경상사고,0,0,1,0,차대사람 - 기타,안전운전불이행,포장 - 건조,맑음,단일로 - 기타,승용,남,78세,상해없음,보행자,남,60세,경상
2021030200100307,2021년 3월 2일 16시,화요일,경기도 과천시 중앙동,경상사고,0,0,1,0,차대사람 - 횡단중,신호위반,포장 - 건조,맑음,교차로 - 교차로횡단보도내,승용,남,68세,상해없음,보행자,여,13세,경상
2021030200100368,2021년 3월 2일 17시,화요일,경기도 파주시 당하동,경상사고,0,0,1,0,차대사람 - 횡단중,안전운전불이행,포장 - 건조,맑음,단일로 - 기타,승용,여,45세,상해없음,보행자,남,9세,경상
2021030200100430,2021년 3월 2일 19시,화요일,경기도 부천시 고강동,경상사고,0,0,1,0,차대사람 - 기타,안전운전불이행,포장 - 건조,맑음,단일로 - 기타,승용,남,65세,상해없음,보행자,남,51세,경상
2021030200100456,2021년 3월 2일 20시,화요일,경기도 여주시 북내면,경상사고,0,0,1,0,차대사람 - 기타,안전운전불이행,포장 - 건조,맑음,단일로 - 기타,승용,여,53세,상해없음,보행자,남,57세,경상
2021030200100460,2021년 3월 2일 20시,화요일,경기도 부천시 고강동,경상사고,0,0,1,0,차대사람 - 기타,안전운전불이행,포장 - 건조,맑음,교차로 - 교차로부근,화물,남,61세,상해없음,보행자,남,50세,경상
2021030200100504,2021년 3월 2일 22시,화요일,경기도 부천시 중동,부상신고사고,0,0,0,1,차대사람 - 기타,안전운전불이행,포장 - 건조,맑음,단일로 - 기타,승용,남,63세,상해없음,보행자,남,57세,부상신고
2021030300100059,2021년 3월 3일 07시,수요일,경기도 안양시 만안구 안양동,중상사고,0,1,0,0,차대사람 - 횡단중,안전운전불이행,포장 - 건조,맑음,교차로 - 교차로부근,승용,남,21세,상해없음,보행자,여,65세,중상
2021030300100089,2021년 3월 3일 08시,수요일,경기도 성남시 중원구 중앙동,중상사고,0,1,0,0,차대사람 - 차도통행중,안전운전불이행,포장 - 건조,맑음,단일로 - 기타,승용,남,59세,상해없음,보행자,남,17세,중상
2021030300100116,2021년 3월 3일 08시,수요일,경기도 가평군 가평읍,경상사고,0,0,1,0,차대사람 - 횡단중,보행자보호의무위반,포장 - 건조,맑음,단일로 - 기타,승용,여,28세,상해없음,보행자,여,31세,경상
2021030300100127,2021년 3월 3일 09시,수요일,경기도 화성시 청계동,중상사고,0,1,0,0,차대사람 - 횡단중,안전운전불이행,포장 - 건조,맑음,교차로 - 교차로횡단보도내,승용,여,35세,상해없음,보행자,남,42세,중상
2021030300100148,2021년 3월 3일 10시,수요일,경기도 평택시 세교동,중상사고,0,1,0,0,차대사람 - 길가장자리구역통행중,안전운전불이행,포장 - 건조,맑음,기타 - 기타,승합,여,46세,상해없음,보행자,남,52세,중상
2021030300100150,2021년 3월 3일 10시,수요일,경기도 용인시 기흥구 영덕동,경상사고,0,0,1,0,차대사람 - 기타,안전운전불이행,포장 - 건조,맑음,기타 - 기타,건설기계,남,24세,상해없음,보행자,남,60세,경상
2021030300100197,2021년 3월 3일 11시,수요일,경기도 포천시 일동면,경상사고,0,0,1,0,차대사람 - 기타,안전운전불이행,포장 - 건조,맑음,기타 - 기타,승용,남,47세,상해없음,보행자,남,30세,경상
2021030300100208,2021년 3월 3일 12시,수요일,경기도 평택시 안중읍,중상사고,0,1,0,0,차대사람 - 차도통행중,기타,포장 - 건조,맑음,단일로 - 기타,자전거,남,94세,상해없음,보행자,여,80세,중상
2021030300100214,2021년 3월 3일 12시,수요일,경기도 안산시 단원구 원곡동,중상사고,0,1,0,0,차대사람 - 횡단중,안전운전불이행,포장 - 건조,맑음,단일로 - 기타,승합,남,46세,상해없음,보행자,여,75세,중상
2021030300100245,2021년 3월 3일 13시,수요일,경기도 김포시 사우동,부상신고사고,0,0,0,1,차대사람 - 기타,안전운전불이행,포장 - 건조,맑음,교차로 - 교차로안,승용,여,38세,상해없음,보행자,남,49세,부상신고
2021030300100263,2021년 3월 3일 13시,수요일,경기도 고양시 덕양구 용두동,경상사고,0,0,1,0,차대사람 - 기타,안전운전불이행,포장 - 건조,맑음,단일로 - 기타,승용,남,74세,상해없음,보행자,여,54세,경상
2021030300100280,2021년 3월 3일 14시,수요일,경기도 안산시 상록구 이동,중상사고,0,1,0,0,차대사람 - 기타,안전운전불이행,포장 - 건조,맑음,교차로 - 교차로안,화물,남,31세,상해없음,보행자,남,59세,중상
2021030300100305,2021년 3월 3일 15시,수요일,경기도 수원시 장안구 율전동,경상사고,0,0,1,0,차대사람 - 기타,안전운전불이행,포장 - 건조,맑음,단일로 - 기타,승용,남,44세,상해없음,보행자,여,33세,경상
2021030300100307,2021년 3월 3일 15시,수요일,경기도 안성시 동본동,경상사고,0,0,1,0,차대사람 - 차도통행중,안전운전불이행,포장 - 건조,맑음,단일로 - 기타,승용,남,22세,상해없음,보행자,여,38세,경상
2021030300100340,2021년 3월 3일 16시,수요일,경기도 용인시 처인구 모현읍,경상사고,0,0,1,0,차대사람 - 횡단중,안전운전불이행,포장 - 건조,맑음,교차로 - 교차로안,승용,여,42세,상해없음,보행자,여,1세,경상
2021030300100363,2021년 3월 3일 17시,수요일,경기도 안산시 상록구 부곡동,사망사고,1,0,0,0,차대사람 - 차도통행중,안전운전불이행,포장 - 건조,맑음,교차로 - 교차로안,승용,남,48세,상해없음,보행자,여,87세,사망
2021030300100411,2021년 3월 3일 18시,수요일,경기도 파주시 법원읍,중상사고,0,1,0,0,차대사람 - 차도통행중,안전운전불이행,포장 - 건조,맑음,교차로 - 교차로부근,승용,남,28세,상해없음,보행자,여,69세,중상
2021030300100423,2021년 3월 3일 19시,수요일,경기도 평택시 고덕면,경상사고,0,0,1,0,차대사람 - 기타,안전운전불이행,포장 - 건조,맑음,교차로 - 교차로안,승용,남,28세,상해없음,보행자,여,53세,경상
2021030300100454,2021년 3월 3일 20시,수요일,경기도 부천시 중동,경상사고,0,0,1,0,차대사람 - 횡단중,신호위반,포장 - 건조,맑음,교차로 - 교차로횡단보도내,기타불명,기타불명,미분류,기타불명,보행자,여,15세,경상
2021030300100477,2021년 3월 3일 21시,수요일,경기도 김포시 구래동,경상사고,0,0,1,0,차대사람 - 기타,보행자보호의무위반,포장 - 기타,맑음,단일로 - 기타,이륜,남,37세,상해없음,보행자,여,74세,경상
2021030300100482,2021년 3월 3일 21시,수요일,경기도 수원시 권선구 호매실동,중상사고,0,1,0,0,차대사람 - 횡단중,신호위반,포장 - 건조,흐림,교차로 - 교차로횡단보도내,이륜,남,19세,상해없음,보행자,남,30세,중상
2021030300100505,2021년 3월 3일 22시,수요일,경기도 평택시 서정동,경상사고,0,0,1,0,차대사람 - 차도통행중,안전운전불이행,포장 - 건조,기타,단일로 - 기타,이륜,남,48세,상해없음,보행자,남,29세,경상
2021030300100521,2021년 3월 3일 22시,수요일,경기도 파주시 금촌동,경상사고,0,0,1,0,차대사람 - 기타,안전운전불이행,포장 - 건조,맑음,기타 - 기타,승용,남,22세,상해없음,보행자,남,42세,경상
2021030300100522,2021년 3월 3일 22시,수요일,경기도 양주시 고암동,중상사고,0,1,0,0,차대사람 - 기타,안전운전불이행,포장 - 건조,맑음,교차로 - 교차로안,승용,남,46세,상해없음,보행자,남,50세,중상
2021030400100023,2021년 3월 4일 04시,목요일,경기도 의정부시 용현동,경상사고,0,0,1,0,차대사람 - 횡단중,보행자보호의무위반,포장 - 건조,맑음,교차로 - 교차로횡단보도내,승용,남,46세,상해없음,보행자,여,68세,경상
2021030400100025,2021년 3월 4일 05시,목요일,경기도 화성시 진안동,중상사고,0,1,0,0,차대사람 - 보도통행중,기타,포장 - 건조,맑음,단일로 - 기타,기타불명,기타불명,미분류,기타불명,보행자,여,81세,중상
2021030400100033,2021년 3월 4일 06시,목요일,경기도 성남시 분당구 삼평동,중상사고,0,1,0,0,차대사람 - 횡단중,신호위반,포장 - 건조,맑음,교차로 - 교차로부근,승용,남,38세,상해없음,보행자,남,42세,중상
2021030400100034,2021년 3월 4일 06시,목요일,경기도 시흥시 신천동,부상신고사고,0,0,0,1,차대사람 - 기타,안전운전불이행,포장 - 건조,맑음,단일로 - 기타,승합,남,46세,상해없음,보행자,남,76세,부상신고
2021030400100064,2021년 3월 4일 07시,목요일,경기도 양주시 회정동,경상사고,0,0,1,0,차대사람 - 차도통행중,안전운전불이행,포장 - 건조,맑음,단일로 - 기타,승용,남,27세,상해없음,보행자,남,65세,경상
2021030400100077,2021년 3월 4일 08시,목요일,경기도 김포시 풍무동,중상사고,0,1,0,0,차대사람 - 횡단중,보행자보호의무위반,포장 - 건조,맑음,교차로 - 교차로안,승용,여,30세,상해없음,보행자,남,21세,중상
2021030400100080,2021년 3월 4일 08시,목요일,경기도 수원시 영통구 매탄동,경상사고,0,0,1,0,차대사람 - 기타,안전운전불이행,포장 - 건조,맑음,단일로 - 기타,승용,여,25세,상해없음,보행자,여,64세,경상
2021030400100137,2021년 3월 4일 10시,목요일,경기도 김포시 풍무동,경상사고,0,0,1,0,차대사람 - 기타,안전운전불이행,포장 - 건조,맑음,기타 - 기타,승용,여,53세,상해없음,보행자,남,57세,경상
2021030400100153,2021년 3월 4일 10시,목요일,경기도 고양시 덕양구 행신동,경상사고,0,0,1,0,차대사람 - 차도통행중,안전운전불이행,포장 - 건조,맑음,교차로 - 교차로안,승용,남,25세,상해없음,보행자,여,21세,경상
2021030400100176,2021년 3월 4일 12시,목요일,경기도 용인시 처인구 모현읍,경상사고,0,0,1,0,차대사람 - 기타,안전운전불이행,포장 - 건조,맑음,주차장 - 주차장,화물,남,47세,상해없음,보행자,남,67세,경상
2021030400100231,2021년 3월 4일 13시,목요일,경기도 포천시 소흘읍,경상사고,0,0,1,0,차대사람 - 기타,안전운전불이행,포장 - 건조,맑음,단일로 - 기타,승용,남,47세,상해없음,보행자,남,31세,경상
2021030400100236,2021년 3월 4일 14시,목요일,경기도 김포시 대곶면,경상사고,0,0,1,0,차대사람 - 횡단중,안전운전불이행,포장 - 건조,맑음,교차로 - 교차로안,승용,여,56세,상해없음,보행자,남,74세,경상
2021030400100285,2021년 3월 4일 16시,목요일,경기도 시흥시 신천동,경상사고,0,0,1,0,차대사람 - 차도통행중,안전운전불이행,포장 - 건조,맑음,기타 - 기타,승용,남,31세,상해없음,보행자,여,50세,경상
2021030400100337,2021년 3월 4일 18시,목요일,경기도 안양시 동안구 비산동,경상사고,0,0,1,0,차대사람 - 횡단중,안전운전불이행,포장 - 건조,맑음,교차로 - 교차로부근,승용,남,35세,상해없음,보행자,여,45세,경상
2021030400100339,2021년 3월 4일 18시,목요일,경기도 성남시 중원구 금광동,중상사고,0,1,0,0,차대사람 - 기타,보행자보호의무위반,포장 - 건조,맑음,단일로 - 기타,승용,여,60세,상해없음,보행자,여,63세,중상
2021030400100364,2021년 3월 4일 18시,목요일,경기도 의정부시 민락동,경상사고,0,0,1,0,차대사람 - 횡단중,중앙선침범,포장 - 건조,맑음,교차로 - 교차로부근,승용,남,41세,상해없음,보행자,여,37세,경상
2021030400100427,2021년 3월 4일 20시,목요일,경기도 김포시 통진읍,경상사고,0,0,1,0,차대사람 - 길가장자리구역통행중,안전운전불이행,포장 - 건조,맑음,교차로 - 교차로안,승용,여,34세,상해없음,보행자,여,62세,경상
2021030400100446,2021년 3월 4일 20시,목요일,경기도 고양시 덕양구 행신동,경상사고,0,0,1,0,차대사람 - 기타,안전운전불이행,포장 - 건조,맑음,주차장 - 주차장,승용,남,58세,상해없음,보행자,남,31세,경상
2021030400100483,2021년 3월 4일 22시,목요일,경기도 오산시 오산동,경상사고,0,0,1,0,차대사람 - 기타,교차로운행방법위반,포장 - 건조,맑음,교차로 - 교차로부근,승용,남,62세,상해없음,보행자,남,40세,경상
2021030400100488,2021년 3월 4일 22시,목요일,경기도 성남시 중원구 중앙동,부상신고사고,0,0,0,1,차대사람 - 기타,안전운전불이행,포장 - 건조,맑음,단일로 - 기타,승용,남,29세,상해없음,보행자,남,41세,부상신고
2021030400100527,2021년 3월 4일 23시,목요일,경기도 고양시 덕양구 행신동,사망사고,1,0,0,0,차대사람 - 기타,안전운전불이행,포장 - 건조,맑음,교차로 - 교차로안,승용,여,59세,상해없음,보행자,남,55세,사망