사고번호,사고일시,요일,시군구,사고내용,사망자수,중상자수,경상자수,부상신고자수,사고유형,법규위반,노면상태,기상상태,도로형태,가해운전자 차종,가해운전자 성별,가해운전자 연령,가해운전자 상해정도,피해운전자 차종,피해운전자 성별,피해운전자 연령,피해운전자 상해정도
2021030500100027,2021년 3월 5일 03시,금요일,경기도 광주시 역동,중상사고,0,1,0,0,차대사람 - 기타,안전운전불이행,포장 - 건조,맑음,기타 - 기타,승용,남,57세,상해없음,보행자,남,20세,중상
2021030500100043,2021년 3월 5일 06시,금요일,경기도 평택시 팽성읍,중상사고,0,1,0,0,차대사람 - 횡단중,중앙선침범,포장 - 건조,맑음,단일로 - 기타,승용,남,49세,상해없음,보행자,남,64세,중상
2021030500100059,2021년 3월 5일 07시,금요일,경기도 평택시 팽성읍,경상사고,0,0,1,0,차대사람 - 기타,안전운전불이행,포장 - 건조,맑음,단일로 - 기타,승용,남,46세,상해없음,보행자,남,56세,경상
2021030500100083,2021년 3월 5일 08시,금요일,경기도 수원시 장안구 정자동,경상사고,0,0,1,0,차대사람 - 길가장자리구역통행중,안전운전불이행,포장 - 건조,맑음,단일로 - 기타,승용,여,31세,상해없음,보행자,여,82세,경상
2021030500100092,2021년 3월 5일 08시,금요일,경기도 성남시 중원구 성남동,중상사고,0,1,0,0,차대사람 - 기타,안전운전불이행,포장 - 건조,맑음,단일로 - 기타,승용,남,26세,상해없음,보행자,여,51세,중상
2021030500100093,2021년 3월 5일 08시,금요일,경기도 화성시 능동,경상사고,0,0,1,0,차대사람 - 보도통행중,보행자보호의무위반,포장 - 건조,맑음,교차로 - 교차로횡단보도내,승용,남,69세,상해없음,보행자,여,45세,경상
2021030500100122,2021년 3월 5일 08시,금요일,경기도 동두천시 생연동,경상사고,0,0,1,0,차대사람 - 기타,안전운전불이행,포장 - 건조,맑음,단일로 - 기타,이륜,남,73세,상해없음,보행자,남,78세,경상
2021030500100164,2021년 3월 5일 10시,금요일,경기도 안산시 상록구 본오동,경상사고,0,0,1,0,차대사람 - 길가장자리구역통행중,안전운전불이행,포장 - 건조,맑음,교차로 - 교차로부근,승용,여,43세,상해없음,보행자,남,59세,경상
2021030500100188,2021년 3월 5일 11시,금요일,경기도 이천시 중리동,경상사고,0,0,1,0,차대사람 - 횡단중,안전운전불이행,포장 - 건조,맑음,교차로 - 교차로안,화물,남,56세,상해없음,보행자,여,74세,경상
2021030500100192,2021년 3월 5일 11시,금요일,경기도 의왕시 오전동,중상사고,0,1,0,0,차대사람 - 차도통행중,안전운전불이행,포장 - 건조,맑음,단일로 - 기타,승용,남,70세,상해없음,보행자,여,52세,중상
2021030500100193,2021년 3월 5일 11시,금요일,경기도 용인시 수지구 풍덕천동,경상사고,0,0,1,0,차대사람 - 기타,안전운전불이행,포장 - 건조,맑음,기타 - 기타,승용,남,82세,상해없음,보행자,여,48세,경상
2021030500100220,2021년 3월 5일 12시,금요일,경기도 부천시 상동,경상사고,0,0,1,0,차대사람 - 기타,신호위반,포장 - 건조,맑음,교차로 - 교차로부근,이륜,남,60세,상해없음,보행자,남,2세,경상
2021030500100243,2021년 3월 5일 13시,금요일,경기도 용인시 기흥구 보라동,경상사고,0,0,1,0,차대사람 - 횡단중,안전운전불이행,포장 - 건조,맑음,교차로 - 교차로부근,승용,여,70세,상해없음,보행자,여,31세,경상
2021030500100276,2021년 3월 5일 14시,금요일,경기도 성남시 분당구 판교동,중상사고,0,1,0,0,차대사람 - 기타,보행자보호의무위반,포장 - 건조,맑음,교차로 - 교차로횡단보도내,승용,남,75세,상해없음,보행자,여,9세,중상
2021030500100279,2021년 3월 5일 14시,금요일,경기도 하남시 신장동,중상사고,0,1,0,0,차대사람 - 차도통행중,안전운전불이행,포장 - 건조,맑음,단일로 - 기타,승용,여,48세,상해없음,보행자,여,69세,중상
2021030500100301,2021년 3월 5일 14시,금요일,경기도 동두천시 생연동,경상사고,0,0,1,0,차대사람 - 횡단중,보행자보호의무위반,포장 - 건조,맑음,교차로 - 교차로안,승용,남,49세,기타불명,보행자,남,57세,경상
2021030500100314,2021년 3월 5일 15시,금요일,경기도 김포시 구래동,중상사고,0,1,0,0,차대사람 - 보도통행중,보행자보호의무위반,포장 - 건조,맑음,교차로 - 교차로횡단보도내,승합,남,59세,상해없음,보행자,여,43세,중상
2021030500100316,2021년 3월 5일 15시,금요일,경기도 화성시 산척동,경상사고,0,0,1,0,차대사람 - 횡단중,보행자보호의무위반,포장 - 건조,맑음,교차로 - 교차로횡단보도내,승용,남,69세,상해없음,보행자,여,29세,경상
2021030500100416,2021년 3월 5일 17시,금요일,경기도 의정부시 의정부동,경상사고,0,0,1,0,차대사람 - 기타,안전운전불이행,포장 - 건조,맑음,단일로 - 기타,승용,여,31세,상해없음,보행자,남,17세,경상
2021030500100430,2021년 3월 5일 18시,금요일,경기도 용인시 기흥구 하갈동,경상사고,0,0,1,0,차대사람 - 차도통행중,안전운전불이행,포장 - 건조,맑음,기타 - 기타,승용,남,60세,상해없음,보행자,남,41세,경상
2021030500100544,2021년 3월 5일 21시,금요일,경기도 용인시 수지구 동천동,경상사고,0,0,1,0,차대사람 - 횡단중,신호위반,포장 - 건조,맑음,교차로 - 교차로횡단보도내,이륜,남,55세,상해없음,보행자,여,10세,경상
2021030500100573,2021년 3월 5일 22시,금요일,경기도 광주시 송정동,중상사고,0,1,0,0,차대사람 - 기타,안전운전불이행,포장 - 건조,맑음,기타 - 기타,승용,남,34세,기타불명,보행자,남,52세,중상
2021030500100574,2021년 3월 5일 22시,금요일,경기도 부천시 심곡동,경상사고,0,0,1,0,차대사람 - 기타,안전운전불이행,포장 - 건조,맑음,단일로 - 기타,승용,남,18세,기타불명,보행자,남,24세,경상
2021030500100579,2021년 3월 5일 22시,금요일,경기도 화성시 정남면,부상신고사고,0,0,0,1,차대사람 - 기타,안전운전불이행,포장 - 건조,맑음,기타 - 기타,승용,남,27세,상해없음,보행자,남,61세,부상신고
2021030600100051,2021년 3월 6일 06시,토요일,경기도 화성시 안녕동,중상사고,0,1,0,0,차대사람 - 기타,보행자보호의무위반,포장 - 건조,맑음,교차로 - 교차로안,승용,남,75세,상해없음,보행자,여,64세,중상
2021030600100060,2021년 3월 6일 06시,토요일,경기도 파주시 야당동,경상사고,0,0,1,0,차대사람 - 횡단중,안전운전불이행,포장 - 건조,맑음,단일로 - 기타,기타불명,기타불명,미분류,기타불명,보행자,남,57세,경상
2021030600100078,2021년 3월 6일 09시,토요일,경기도 성남시 수정구 태평동,부상신고사고,0,0,0,1,차대사람 - 기타,안전운전불이행,포장 - 건조,맑음,교차로 - 교차로부근,화물,남,52세,상해없음,보행자,남,61세,부상신고
2021030600100108,2021년 3월 6일 10시,토요일,경기도 광명시 소하동,경상사고,0,0,1,0,차대사람 - 횡단중,보행자보호의무위반,포장 - 건조,맑음,교차로 - 교차로안,승용,남,35세,상해없음,보행자,남,24세,경상
2021030600100129,2021년 3월 6일 10시,토요일,경기도 파주시 금촌동,경상사고,0,0,1,0,차대사람 - 기타,안전운전불이행,포장 - 건조,맑음,기타 - 기타,화물,남,56세,상해없음,보행자,여,32세,경상
2021030600100138,2021년 3월 6일 11시,토요일,경기도 평택시 독곡동,경상사고,0,0,1,0,차대사람 - 보도통행중,기타,포장 - 건조,맑음,기타 - 기타,화물,남,67세,상해없음,보행자,남,29세,경상
2021030600100185,2021년 3월 6일 12시,토요일,경기도 포천시 소흘읍,경상사고,0,0,1,0,차대사람 - 기타,안전운전불이행,포장 - 건조,맑음,단일로 - 기타,이륜,남,20세,상해없음,보행자,여,63세,경상
2021030600100290,2021년 3월 6일 16시,토요일,경기도 안산시 상록구 사동,경상사고,0,0,1,0,차대사람 - 횡단중,보행자보호의무위반,포장 - 건조,맑음,교차로 - 교차로횡단보도내,화물,남,56세,상해없음,보행자,여,43세,경상
2021030600100324,2021년 3월 6일 17시,토요일,경기도 군포시 부곡동,경상사고,0,0,1,0,차대사람 - 횡단중,신호위반,포장 - 건조,맑음,단일로 - 기타,이륜,남,23세,상해없음,보행자,여,29세,경상
2021030600100326,2021년 3월 6일 17시,토요일,경기도 용인시 수지구 성복동,경상사고,0,0,1,0,차대사람 - 보도통행중,기타,포장 - 건조,맑음,기타 - 기타,승용,여,44세,상해없음,보행자,여,34세,경상
2021030600100353,2021년 3월 6일 18시,토요일,경기도 용인시 수지구 죽전동,경상사고,0,0,1,0,차대사람 - 횡단중,보행자보호의무위반,포장 - 건조,맑음,교차로 - 교차로안,승용,남,23세,상해없음,보행자,여,18세,경상
2021030600100392,2021년 3월 6일 19시,토요일,경기도 부천시 심곡동,중상사고,0,1,0,0,차대사람 - 길가장자리구역통행중,안전운전불이행,포장 - 건조,맑음,단일로 - 기타,승용,남,19세,상해없음,보행자,여,61세,중상
2021030600100394,2021년 3월 6일 19시,토요일,경기도 성남시 중원구 금광동,경상사고,0,0,1,0,차대사람 - 보도통행중,안전운전불이행,포장 - 건조,맑음,단일로 - 기타,이륜,남,44세,상해없음,보행자,남,41세,경상
2021030600100415,2021년 3월 6일 19시,토요일,경기도 고양시 일산서구 탄현동,경상사고,0,0,1,0,차대사람 - 횡단중,안전운전불이행,포장 - 건조,맑음,단일로 - 기타,승용,남,54세,상해없음,보행자,여,25세,경상
2021030600100439,2021년 3월 6일 21시,토요일,경기도 수원시 권선구 권선동,부상신고사고,0,0,0,1,차대사람 - 횡단중,보행자보호의무위반,포장 - 건조,맑음,교차로 - 교차로횡단보도내,자전거,남,17세,기타불명,보행자,여,62세,부상신고
2021030600100463,2021년 3월 6일 22시,토요일,경기도 안양시 동안구 호계동,경상사고,0,0,2,0,차대사람 - 차도통행중,신호위반,포장 - 건조,맑음,교차로 - 교차로안,승용,남,60세,상해없음,보행자,여,50세,경상
2021030700100055,2021년 3월 7일 10시,일요일,경기도 용인시 기흥구 신갈동,경상사고,0,0,1,0,차대사람 - 기타,안전운전불이행,포장 - 건조,맑음,단일로 - 기타,화물,남,58세,상해없음,보행자,남,23세,경상
2021030700100073,2021년 3월 7일 11시,일요일,경기도 용인시 처인구 모현읍,중상사고,0,1,0,0,차대사람 - 횡단중,안전운전불이행,포장 - 건조,맑음,단일로 - 기타,승용,여,65세,상해없음,보행자,남,57세,중상
2021030700100126,2021년 3월 7일 13시,일요일,경기도 화성시 우정읍,경상사고,0,0,1,0,차대사람 - 횡단중,보행자보호의무위반,포장 - 건조,맑음,교차로 - 교차로횡단보도내,화물,남,48세,상해없음,보행자,남,70세,경상
2021030700100183,2021년 3월 7일 15시,일요일,경기도 김포시 마산동,부상신고사고,0,0,0,1,차대사람 - 기타,기타,포장 - 건조,맑음,기타 - 기타,자전거,남,72세,상해없음,보행자,남,4세,부상신고
2021030700100185,2021년 3월 7일 15시,일요일,경기도 성남시 분당구 구미동,경상사고,0,0,1,0,차대사람 - 횡단중,안전운전불이행,포장 - 건조,기타,기타 - 기타,자전거,남,36세,상해없음,보행자,여,48세,경상
2021030700100205,2021년 3월 7일 15시,일요일,경기도 동두천시 보산동,중상사고,0,1,0,0,차대사람 - 횡단중,안전운전불이행,포장 - 건조,맑음,교차로 - 교차로부근,승용,남,24세,상해없음,보행자,남,77세,중상
2021030700100212,2021년 3월 7일 16시,일요일,경기도 평택시 이충동,경상사고,0,0,1,0,차대사람 - 차도통행중,안전운전불이행,포장 - 건조,맑음,교차로 - 교차로안,승용,여,55세,상해없음,보행자,남,83세,경상
2021030700100241,2021년 3월 7일 17시,일요일,경기도 수원시 장안구 파장동,중상사고,0,1,0,0,차대사람 - 횡단중,안전운전불이행,포장 - 건조,맑음,단일로 - 기타,승용,남,45세,상해없음,보행자,여,77세,중상
2021030700100257,2021년 3월 7일 17시,일요일,경기도 의정부시 용현동,경상사고,0,0,1,0,차대사람 - 차도통행중,안전운전불이행,포장 - 건조,맑음,단일로 - 기타,승용,여,50세,상해없음,보행자,남,14세,경상
2021030700100258,2021년 3월 7일 17시,일요일,경기도 파주시 탄현면,경상사고,0,0,1,0,차대사람 - 기타,안전운전불이행,포장 - 건조,맑음,단일로 - 기타,승용,여,52세,상해없음,보행자,여,51세,경상
2021030700100286,2021년 3월 7일 18시,일요일,경기도 양주시 만송동,경상사고,0,0,1,0,차대사람 - 기타,안전운전불이행,포장 - 건조,맑음,단일로 - 터널,승용,여,36세,상해없음,보행자,남,28세,경상
2021030700100324,2021년 3월 7일 20시,일요일,경기도 성남시 중원구 성남동,경상사고,0,0,2,0,차대사람 - 기타,안전운전불이행,포장 - 건조,맑음,단일로 - 기타,승용,남,56세,상해없음,보행자,남,43세,경상
2021030700100359,2021년 3월 7일 21시,일요일,경기도 파주시 목동동,경상사고,0,0,1,0,차대사람 - 기타,안전운전불이행,포장 - 건조,맑음,교차로 - 교차로부근,승용,남,32세,상해없음,보행자,남,38세,경상
2021030700100366,2021년 3월 7일 22시,일요일,경기도 이천시 부발읍,경상사고,0,0,1,0,차대사람 - 횡단중,신호위반,포장 - 건조,맑음,교차로 - 교차로안,승용,여,46세,상해없음,보행자,남,52세,경상
2021030700100391,2021년 3월 7일 23시,일요일,경기도 의정부시 신곡동,경상사고,0,0,1,0,차대사람 - 기타,기타,포장 - 건조,맑음,기타 - 기타,승합,남,59세,상해없음,보행자,여,60세,경상
2021030800100014,2021년 3월 8일 04시,월요일,경기도 용인시 처인구 김량장동,중상사고,0,1,0,0,차대사람 - 기타,안전운전불이행,포장 - 건조,맑음,단일로 - 기타,화물,남,52세,상해없음,보행자,남,31세,중상
2021030800100036,2021년 3월 8일 06시,월요일,경기도 의정부시 호원동,경상사고,0,0,1,0,차대사람 - 횡단중,보행자보호의무위반,포장 - 건조,맑음,교차로 - 교차로횡단보도내,승용,여,55세,상해없음,보행자,남,81세,경상
2021030800100037,2021년 3월 8일 06시,월요일,경기도 고양시 덕양구 토당동,중상사고,0,1,0,0,차대사람 - 횡단중,안전운전불이행,포장 - 건조,맑음,단일로 - 기타,화물,남,47세,상해없음,보행자,여,73세,중상
2021030800100096,2021년 3월 8일 08시,월요일,경기도 화성시 반송동,중상사고,0,1,0,0,차대사람 - 기타,안전운전불이행,포장 - 건조,맑음,단일로 - 기타,승합,남,43세,상해없음,보행자,남,78세,중상
2021030800100132,2021년 3월 8일 08시,월요일,경기도 포천시 영중면,중상사고,0,1,0,0,차대사람 - 횡단중,안전운전불이행,포장 - 건조,맑음,교차로 - 교차로안,승용,남,82세,상해없음,보행자,여,83세,중상
2021030800100133,2021년 3월 8일 08시,월요일,경기도 가평군 가평읍,경상사고,0,0,1,0,차대사람 - 기타,기타,포장 - 건조,맑음,교차로 - 교차로부근,승합,남,71세,상해없음,보행자,남,68세,경상
2021030800100146,2021년 3월 8일 09시,월요일,경기도 안산시 상록구 장상동,중상사고,0,2,0,0,차대사람 - 차도통행중,안전운전불이행,포장 - 건조,맑음,교차로 - 교차로안,이륜,남,56세,중상,보행자,남,28세,중상
2021030800100171,2021년 3월 8일 10시,월요일,경기도 성남시 수정구 수진동,경상사고,0,0,1,0,차대사람 - 횡단중,안전운전불이행,포장 - 건조,맑음,교차로 - 교차로부근,승용,여,35세,상해없음,보행자,남,23세,경상
2021030800100196,2021년 3월 8일 11시,월요일,경기도 양평군 양서면,경상사고,0,0,1,0,차대사람 - 기타,안전운전불이행,포장 - 건조,맑음,단일로 - 기타,승용,남,73세,상해없음,보행자,남,33세,경상
2021030800100213,2021년 3월 8일 11시,월요일,경기도 구리시 수택동,경상사고,0,0,1,0,차대사람 - 길가장자리구역통행중,안전운전불이행,포장 - 건조,맑음,단일로 - 기타,원동기,남,53세,상해없음,보행자,여,55세,경상
2021030800100227,2021년 3월 8일 12시,월요일,경기도 수원시 팔달구 교동,중상사고,0,1,0,0,차대사람 - 기타,안전운전불이행,포장 - 건조,맑음,단일로 - 기타,승용,여,29세,상해없음,보행자,남,82세,중상
2021030800100243,2021년 3월 8일 12시,월요일,경기도 고양시 덕양구 토당동,중상사고,0,1,0,0,차대사람 - 횡단중,보행자보호의무위반,포장 - 건조,맑음,교차로 - 교차로횡단보도내,승용,여,53세,상해없음,보행자,여,74세,중상
2021030800100244,2021년 3월 8일 12시,월요일,경기도 고양시 일산동구 정발산동,경상사고,0,0,1,0,차대사람 - 기타,안전운전불이행,포장 - 건조,맑음,교차로 - 교차로안,승용,여,64세,상해없음,보행자,여,74세,경상
2021030800100256,2021년 3월 8일 13시,월요일,경기도 평택시 포승읍,부상신고사고,0,0,0,1,차대사람 - 기타,안전운전불이행,포장 - 건조,맑음,단일로 - 기타,기타불명,기타불명,미분류,기타불명,보행자,남,8세,부상신고
2021030800100257,2021년 3월 8일 13시,월요일,경기도 김포시 통진읍,경상사고,0,0,1,0,차대사람 - 기타,안전운전불이행,포장 - 건조,맑음,교차로 - 교차로부근,화물,남,66세,상해없음,보행자,여,41세,경상
2021030800100259,2021년 3월 8일 13시,월요일,경기도 성남시 중원구 은행동,경상사고,0,0,1,0,차대사람 - 길가장자리구역통행중,안전운전불이행,포장 - 건조,맑음,단일로 - 기타,승용,여,38세,상해없음,보행자,남,60세,경상
2021030800100302,2021년 3월 8일 14시,월요일,경기도 남양주시 다산동,경상사고,0,0,1,0,차대사람 - 횡단중,안전운전불이행,포장 - 건조,맑음,교차로 - 교차로안,건설기계,남,52세,상해없음,보행자,여,64세,경상
2021030800100311,2021년 3월 8일 15시,월요일,경기도 용인시 처인구 포곡읍,중상사고,0,1,0,0,차대사람 - 기타,보행자보호의무위반,포장 - 건조,맑음,교차로 - 교차로안,승용,남,61세,상해없음,보행자,여,71세,중상
2021030800100383,2021년 3월 8일 16시,월요일,경기도 구리시 토평동,경상사고,0,0,1,0,차대사람 - 횡단중,보행자보호의무위반,포장 - 건조,맑음,교차로 - 교차로횡단보도내,승용,여,40세,상해없음,보행자,여,9세,경상
2021030800100395,2021년 3월 8일 17시,월요일,경기도 평택시 장당동,경상사고,0,0,1,0,차대사람 - 기타,기타,포장 - 건조,맑음,기타 - 기타,개인형이동수단(PM),남,37세,상해없음,보행자,여,51세,경상
2021030800100401,2021년 3월 8일 17시,월요일,경기도 성남시 분당구 분당동,경상사고,0,0,1,0,차대사람 - 길가장자리구역통행중,안전운전불이행,포장 - 건조,맑음,단일로 - 기타,승용,여,35세,상해없음,보행자,여,61세,경상
2021030800100440,2021년 3월 8일 18시,월요일,경기도 용인시 처인구 역북동,경상사고,0,0,1,0,차대사람 - 횡단중,안전운전불이행,포장 - 건조,맑음,단일로 - 기타,이륜,남,45세,상해없음,보행자,남,8세,경상
2021030800100442,2021년 3월 8일 18시,월요일,경기도 수원시 권선구 권선동,경상사고,0,0,1,0,차대사람 - 횡단중,보행자보호의무위반,포장 - 건조,맑음,교차로 - 교차로부근,승용,여,60세,상해없음,보행자,여,22세,경상
2021030800100474,2021년 3월 8일 19시,월요일,경기도 안성시 공도읍,경상사고,0,0,1,0,차대사람 - 기타,안전운전불이행,포장 - 건조,기타,단일로 - 기타,승용,남,63세,상해없음,보행자,남,60세,경상
2021030800100477,2021년 3월 8일 19시,월요일,경기도 여주시 가남읍,중상사고,0,1,0,0,차대사람 - 차도통행중,안전운전불이행,포장 - 건조,맑음,교차로 - 교차로부근,화물,남,62세,상해없음,보행자,여,49세,중상
2021030800100513,2021년 3월 8일 19시,월요일,경기도 고양시 일산서구 일산동,경상사고,0,0,1,0,차대사람 - 기타,안전운전불이행,포장 - 건조,맑음,단일로 - 기타,화물,남,70세,상해없음,보행자,남,9세,경상
2021030800100551,2021년 3월 8일 21시,월요일,경기도 평택시 서탄면,중상사고,0,1,1,0,차대사람 - 기타,안전운전불이행,포장 - 건조,맑음,단일로 - 기타,승용,남,44세,상해없음,보행자,남,53세,중상
2021030800100553,2021년 3월 8일 21시,월요일,경기도 수원시 영통구 원천동,경상사고,0,0,1,0,차대사람 - 기타,안전운전불이행,포장 - 건조,맑음,단일로 - 기타,승용,남,49세,상해없음,보행자,남,50세,경상
2021030800100573,2021년 3월 8일 22시,월요일,경기도 광주시 송정동,부상신고사고,0,0,0,1,차대사람 - 기타,안전운전불이행,포장 - 건조,맑음,기타 - 기타,승용,여,52세,상해없음,보행자,남,50세,부상신고
2021030900100049,2021년 3월 9일 07시,화요일,경기도 안양시 동안구 호계동,경상사고,0,0,1,0,차대사람 - 기타,기타,포장 - 건조,맑음,교차로 - 교차로안,승용,여,46세,상해없음,보행자,여,48세,경상
2021030900100050,2021년 3월 9일 07시,화요일,경기도 용인시 기흥구 영덕동,경상사고,0,0,1,0,차대사람 - 횡단중,보행자보호의무위반,포장 - 건조,맑음,교차로 - 교차로부근,승용,남,54세,상해없음,보행자,남,41세,경상
2021030900100095,2021년 3월 9일 09시,화요일,경기도 부천시 상동,중상사고,0,1,0,0,차대사람 - 횡단중,안전운전불이행,포장 - 건조,맑음,단일로 - 기타,승용,여,42세,상해없음,보행자,여,63세,중상
2021030900100132,2021년 3월 9일 10시,화요일,경기도 남양주시 오남읍,중상사고,0,1,0,0,차대사람 - 횡단중,중앙선침범,포장 - 건조,맑음,교차로 - 교차로안,승용,여,47세,상해없음,보행자,여,67세,중상
2021030900100143,2021년 3월 9일 11시,화요일,경기도 평택시 독곡동,경상사고,0,0,1,0,차대사람 - 기타,안전운전불이행,포장 - 건조,맑음,기타 - 기타,승용,남,33세,상해없음,보행자,남,64세,경상
2021030900100147,2021년 3월 9일 11시,화요일,경기도 시흥시 정왕동,경상사고,0,0,1,0,차대사람 - 횡단중,보행자보호의무위반,포장 - 건조,맑음,단일로 - 기타,화물,남,65세,상해없음,보행자,남,31세,경상
2021030900100173,2021년 3월 9일 11시,화요일,경기도 파주시 금촌동,중상사고,0,1,0,0,차대사람 - 횡단중,보행자보호의무위반,포장 - 건조,맑음,단일로 - 지하차도(도로)내,승용,남,38세,상해없음,보행자,여,87세,중상
2021030900100184,2021년 3월 9일 12시,화요일,경기도 화성시 중동,경상사고,0,0,1,0,차대사람 - 차도통행중,안전운전불이행,포장 - 건조,맑음,단일로 - 기타,승용,여,25세,상해없음,보행자,남,64세,경상
2021030900100246,2021년 3월 9일 14시,화요일,경기도 부천시 심곡동,경상사고,0,0,1,0,차대사람 - 횡단중,안전운전불이행,포장 - 건조,맑음,교차로 - 교차로부근,승용,여,38세,상해없음,보행자,남,9세,경상
2021030900100252,2021년 3월 9일 14시,화요일,경기도 용인시 수지구 동천동,경상사고,0,0,1,0,차대사람 - 횡단중,안전운전불이행,포장 - 건조,맑음,단일로 - 기타,승용,남,65세,상해없음,보행자,여,9세,경상
2021030900100321,2021년 3월 9일 16시,화요일,경기도 파주시 금촌동,경상사고,0,0,1,0,차대사람 - 길가장자리구역통행중,안전운전불이행,포장 - 건조,맑음,단일로 - 기타,승용,여,37세,상해없음,보행자,여,49세,경상
2021030900100335,2021년 3월 9일 17시,화요일,경기도 시흥시 정왕동,경상사고,0,0,1,0,차대사람 - 횡단중,신호위반,포장 - 건조,맑음,단일로 - 기타,이륜,남,45세,상해없음,보행자,여,6세,경상
2021030900100336,2021년 3월 9일 17시,화요일,경기도 시흥시 정왕동,중상사고,0,1,0,0,차대사람 - 보도통행중,기타,포장 - 건조,맑음,기타 - 기타,원동기,남,34세,상해없음,보행자,여,22세,중상
2021030900100378,2021년 3월 9일 18시,화요일,경기도 화성시 봉담읍,경상사고,0,0,1,0,차대사람 - 횡단중,보행자보호의무위반,포장 - 건조,맑음,교차로 - 교차로안,승용,여,40세,상해없음,보행자,남,18세,경상
2021030900100434,2021년 3월 9일 20시,화요일,경기도 여주시 하동,중상사고,0,1,0,0,차대사람 - 차도통행중,안전운전불이행,포장 - 건조,맑음,단일로 - 기타,승용,남,24세,상해없음,보행자,여,64세,중상
2021030900100436,2021년 3월 9일 20시,화요일,경기도 수원시 권선구 권선동,중상사고,0,1,0,0,차대사람 - 횡단중,보행자보호의무위반,포장 - 건조,맑음,교차로 - 교차로횡단보도내,승용,여,64세,상해없음,보행자,여,59세,중상
2021030900100455,2021년 3월 9일 20시,화요일,경기도 의정부시 용현동,경상사고,0,0,1,0,차대사람 - 횡단중,안전운전불이행,포장 - 건조,맑음,교차로 - 교차로안,승용,여,70세,상해없음,보행자,남,60세,경상
2021030900100460,2021년 3월 9일 21시,화요일,경기도 평택시 안중읍,중상사고,0,1,0,0,차대사람 - 기타,안전운전불이행,포장 - 건조,맑음,단일로 - 기타,승용,여,62세,상해없음,보행자,남,50세,중상
2021030900100461,2021년 3월 9일 21시,화요일,경기도 부천시 소사본동,경상사고,0,0,1,0,차대사람 - 기타,안전운전불이행,포장 - 건조,맑음,교차로 - 교차로부근,승용,남,33세,상해없음,보행자,남,53세,경상
2021030900100509,2021년 3월 9일 23시,화요일,경기도 수원시 팔달구 매산로2가,경상사고,0,0,1,0,차대사람 - 기타,안전운전불이행,포장 - 건조,맑음,단일로 - 기타,승용,남,19세,상해없음,보행자,남,23세,경상
2021031000100065,2021년 3월 10일 07시,수요일,경기도 수원시 권선구 호매실동,경상사고,0,0,1,0,차대사람 - 기타,안전운전불이행,포장 - 건조,맑음,단일로 - 기타,승합,남,61세,상해없음,보행자,여,44세,경상
2021031000100076,2021년 3월 10일 08시,수요일,경기도 광주시 오포읍,경상사고,0,0,1,0,차대사람 - 차도통행중,안전운전불이행,포장 - 건조,맑음,단일로 - 기타,승용,남,41세,상해없음,보행자,남,30세,경상
2021031000100082,2021년 3월 10일 08시,수요일,경기도 성남시 분당구 구미동,경상사고,0,0,1,0,차대사람 - 기타,보행자보호의무위반,포장 - 건조,맑음,교차로 - 교차로횡단보도내,승용,남,49세,상해없음,보행자,남,65세,경상
2021031000100143,2021년 3월 10일 10시,수요일,경기도 평택시 현덕면,부상신고사고,0,0,0,1,차대사람 - 기타,안전운전불이행,포장 - 건조,맑음,단일로 - 기타,화물,남,62세,상해없음,보행자,남,57세,부상신고
2021031000100165,2021년 3월 10일 11시,수요일,경기도 성남시 수정구 수진동,중상사고,0,1,0,0,차대사람 - 기타,안전운전불이행,포장 - 건조,맑음,단일로 - 기타,승용,남,20세,상해없음,보행자,여,85세,중상
2021031000100171,2021년 3월 10일 11시,수요일,경기도 군포시 산본동,경상사고,0,0,1,0,차대사람 - 보도통행중,안전운전불이행,포장 - 건조,맑음,기타 - 기타,개인형이동수단(PM),남,23세,상해없음,보행자,여,29세,경상
2021031000100199,2021년 3월 10일 12시,수요일,경기도 광명시 광명동,경상사고,0,0,1,0,차대사람 - 보도통행중,기타,포장 - 건조,맑음,기타 - 기타,이륜,남,57세,상해없음,보행자,여,57세,경상
2021031000100225,2021년 3월 10일 12시,수요일,경기도 가평군 청평면,사망사고,1,0,0,0,차대사람 - 기타,안전운전불이행,포장 - 건조,맑음,교차로 - 교차로부근,승용,여,46세,상해없음,보행자,남,43세,사망
2021031000100255,2021년 3월 10일 13시,수요일,경기도 고양시 덕양구 도내동,경상사고,0,0,1,0,차대사람 - 기타,안전운전불이행,포장 - 건조,맑음,기타 - 기타,승용,남,40세,상해없음,보행자,남,38세,경상
2021031000100274,2021년 3월 10일 14시,수요일,경기도 수원시 영통구 매탄동,경상사고,0,0,1,0,차대사람 - 기타,안전운전불이행,포장 - 건조,맑음,기타 - 기타,승용,남,30세,상해없음,보행자,여,60세,경상
2021031000100298,2021년 3월 10일 14시,수요일,경기도 파주시 적성면,중상사고,0,1,0,0,차대사람 - 보도통행중,기타,포장 - 건조,맑음,주차장 - 주차장,승용,남,69세,상해없음,보행자,여,61세,중상
2021031000100301,2021년 3월 10일 14시,수요일,경기도 연천군 군남면,중상사고,0,1,0,0,차대사람 - 길가장자리구역통행중,안전운전불이행,포장 - 건조,맑음,단일로 - 지하차도(도로)내,승용,여,67세,상해없음,보행자,여,63세,중상
2021031000100318,2021년 3월 10일 15시,수요일,경기도 안산시 단원구 고잔동,중상사고,0,1,0,0,차대사람 - 횡단중,보행자보호의무위반,포장 - 건조,맑음,기타 - 기타,승용,여,43세,상해없음,보행자,여,25세,중상