사고번호,사고일시,요일,시군구,사고내용,사망자수,중상자수,경상자수,부상신고자수,사고유형,법규위반,노면상태,기상상태,도로형태,가해운전자 차종,가해운전자 성별,가해운전자 연령,가해운전자 상해정도,피해운전자 차종,피해운전자 성별,피해운전자 연령,피해운전자 상해정도
2021031500100372,2021년 3월 15일 17시,월요일,경기도 화성시 기산동,중상사고,0,1,0,0,차대사람 - 기타,안전운전불이행,포장 - 건조,맑음,교차로 - 교차로부근,승용,남,36세,상해없음,보행자,여,64세,중상
2021031500100394,2021년 3월 15일 17시,월요일,경기도 남양주시 화도읍,경상사고,0,0,1,0,차대사람 - 기타,불법유턴,포장 - 건조,맑음,단일로 - 기타,승용,여,66세,상해없음,보행자,남,7세,경상
2021031500100412,2021년 3월 15일 18시,월요일,경기도 과천시 별양동,경상사고,0,0,1,0,차대사람 - 기타,기타,포장 - 건조,맑음,기타 - 기타,원동기,여,66세,상해없음,보행자,여,26세,경상
2021031500100415,2021년 3월 15일 18시,월요일,경기도 성남시 중원구 상대원동,중상사고,0,1,0,0,차대사람 - 기타,기타,포장 - 기타,기타,기타 - 기타,승용,남,28세,상해없음,보행자,남,71세,중상
2021031500100484,2021년 3월 15일 20시,월요일,경기도 안양시 동안구 비산동,경상사고,0,0,1,0,차대사람 - 차도통행중,안전운전불이행,포장 - 건조,맑음,단일로 - 기타,승용,남,65세,상해없음,보행자,남,24세,경상
2021031500100506,2021년 3월 15일 20시,월요일,경기도 구리시 수택동,경상사고,0,0,1,0,차대사람 - 길가장자리구역통행중,안전운전불이행,포장 - 건조,흐림,단일로 - 기타,승용,남,68세,상해없음,보행자,남,28세,경상
2021031500100550,2021년 3월 15일 23시,월요일,경기도 김포시 구래동,경상사고,0,0,2,0,차대사람 - 횡단중,신호위반,포장 - 건조,흐림,기타 - 기타,승용,남,47세,상해없음,보행자,남,30세,경상
2021031600100020,2021년 3월 16일 01시,화요일,경기도 안성시 가사동,경상사고,0,0,1,0,차대사람 - 횡단중,안전운전불이행,포장 - 젖음/습기,비,단일로 - 기타,화물,남,65세,상해없음,보행자,여,54세,경상
2021031600100021,2021년 3월 16일 01시,화요일,경기도 안양시 동안구 호계동,경상사고,0,0,1,0,차대사람 - 횡단중,신호위반,포장 - 젖음/습기,비,단일로 - 기타,이륜,남,30세,상해없음,보행자,여,23세,경상
2021031600100032,2021년 3월 16일 04시,화요일,경기도 부천시 내동,경상사고,0,0,1,0,차대사람 - 차도통행중,안전운전불이행,포장 - 건조,맑음,단일로 - 기타,승용,남,57세,상해없음,보행자,남,37세,경상
2021031600100060,2021년 3월 16일 06시,화요일,경기도 고양시 덕양구 성사동,경상사고,0,0,1,0,차대사람 - 횡단중,안전운전불이행,포장 - 건조,맑음,교차로 - 교차로횡단보도내,승용,남,64세,상해없음,보행자,남,83세,경상
2021031600100131,2021년 3월 16일 08시,화요일,경기도 의정부시 가능동,경상사고,0,0,1,0,차대사람 - 기타,안전운전불이행,포장 - 건조,맑음,단일로 - 기타,승용,남,26세,상해없음,보행자,여,62세,경상
2021031600100138,2021년 3월 16일 09시,화요일,경기도 수원시 팔달구 지동,중상사고,0,1,0,0,차대사람 - 기타,안전운전불이행,포장 - 건조,맑음,단일로 - 기타,승용,여,28세,상해없음,보행자,남,78세,중상
2021031600100203,2021년 3월 16일 11시,화요일,경기도 평택시 서정동,경상사고,0,0,1,0,차대사람 - 횡단중,교차로운행방법위반,포장 - 건조,맑음,교차로 - 교차로부근,승용,여,32세,상해없음,보행자,여,23세,경상
2021031600100206,2021년 3월 16일 11시,화요일,경기도 용인시 기흥구 구갈동,중상사고,0,1,0,0,차대사람 - 횡단중,안전운전불이행,포장 - 건조,맑음,단일로 - 기타,승용,남,54세,상해없음,보행자,남,70세,중상
2021031600100235,2021년 3월 16일 12시,화요일,경기도 수원시 권선구 고색동,경상사고,0,0,1,0,차대사람 - 기타,기타,포장 - 건조,맑음,단일로 - 기타,화물,남,52세,상해없음,보행자,남,32세,경상
2021031600100287,2021년 3월 16일 13시,화요일,경기도 구리시 아천동,중상사고,0,1,0,0,차대사람 - 횡단중,안전운전불이행,포장 - 건조,맑음,교차로 - 교차로부근,승용,남,23세,상해없음,보행자,여,76세,중상
2021031600100292,2021년 3월 16일 14시,화요일,경기도 수원시 팔달구 남수동,경상사고,0,0,1,0,차대사람 - 길가장자리구역통행중,안전운전불이행,포장 - 건조,맑음,단일로 - 기타,승용,남,61세,상해없음,보행자,남,48세,경상
2021031600100293,2021년 3월 16일 14시,화요일,경기도 성남시 중원구 성남동,경상사고,0,0,1,0,차대사람 - 기타,안전운전불이행,포장 - 건조,맑음,단일로 - 기타,승용,남,74세,상해없음,보행자,남,27세,경상
2021031600100294,2021년 3월 16일 14시,화요일,경기도 성남시 중원구 성남동,경상사고,0,0,1,0,차대사람 - 기타,안전운전불이행,포장 - 건조,맑음,단일로 - 기타,승용,여,65세,상해없음,보행자,남,47세,경상
2021031600100319,2021년 3월 16일 14시,화요일,경기도 남양주시 평내동,경상사고,0,0,1,0,차대사람 - 횡단중,신호위반,포장 - 건조,맑음,교차로 - 교차로횡단보도내,화물,남,61세,상해없음,보행자,남,10세,경상
2021031600100365,2021년 3월 16일 16시,화요일,경기도 안산시 단원구 고잔동,경상사고,0,0,1,0,차대사람 - 기타,보행자보호의무위반,포장 - 건조,맑음,교차로 - 교차로횡단보도내,승용,남,40세,상해없음,보행자,여,10세,경상
2021031600100397,2021년 3월 16일 17시,화요일,경기도 화성시 반송동,중상사고,0,1,0,0,차대사람 - 기타,안전운전불이행,포장 - 건조,맑음,기타 - 기타,개인형이동수단(PM),남,16세,상해없음,보행자,남,9세,중상
2021031600100421,2021년 3월 16일 17시,화요일,경기도 의정부시 의정부동,중상사고,0,1,0,0,차대사람 - 횡단중,중앙선침범,포장 - 건조,맑음,단일로 - 기타,이륜,남,27세,상해없음,보행자,여,28세,중상
2021031600100434,2021년 3월 16일 18시,화요일,경기도 광주시 경안동,부상신고사고,0,0,0,1,차대사람 - 기타,안전운전불이행,포장 - 건조,맑음,단일로 - 기타,기타불명,기타불명,미분류,기타불명,보행자,여,21세,부상신고
2021031600100438,2021년 3월 16일 18시,화요일,경기도 안산시 단원구 신길동,중상사고,0,1,0,0,차대사람 - 기타,안전운전불이행,포장 - 건조,맑음,단일로 - 기타,승용,남,38세,상해없음,보행자,여,29세,중상
2021031600100440,2021년 3월 16일 18시,화요일,경기도 성남시 중원구 상대원동,경상사고,0,0,1,0,차대사람 - 기타,안전운전불이행,포장 - 건조,맑음,교차로 - 교차로부근,승용,남,55세,상해없음,보행자,남,10세,경상
2021031600100442,2021년 3월 16일 18시,화요일,경기도 시흥시 조남동,경상사고,0,0,1,0,차대사람 - 기타,안전운전불이행,포장 - 건조,맑음,단일로 - 기타,승용,여,48세,상해없음,보행자,여,26세,경상
2021031600100444,2021년 3월 16일 18시,화요일,경기도 수원시 권선구 호매실동,경상사고,0,0,1,0,차대사람 - 보도통행중,보행자보호의무위반,포장 - 건조,맑음,교차로 - 교차로횡단보도내,승용,남,54세,상해없음,보행자,남,48세,경상
2021031600100486,2021년 3월 16일 19시,화요일,경기도 평택시 평택동,중상사고,0,1,0,0,차대사람 - 횡단중,기타,포장 - 건조,맑음,교차로 - 교차로부근,화물,남,63세,상해없음,보행자,여,56세,중상
2021031600100490,2021년 3월 16일 19시,화요일,경기도 안산시 단원구 원시동,경상사고,0,0,2,0,차대사람 - 기타,신호위반,포장 - 건조,맑음,교차로 - 교차로안,승용,남,50세,경상,보행자,남,44세,경상
2021031600100510,2021년 3월 16일 19시,화요일,경기도 파주시 상지석동,경상사고,0,0,1,0,차대사람 - 횡단중,보행자보호의무위반,포장 - 건조,맑음,교차로 - 교차로횡단보도내,승용,여,61세,상해없음,보행자,남,57세,경상
2021031600100514,2021년 3월 16일 20시,화요일,경기도 평택시 가재동,중상사고,0,1,0,0,차대사람 - 기타,안전운전불이행,포장 - 건조,맑음,단일로 - 기타,승용,남,43세,기타불명,보행자,남,55세,중상
2021031600100532,2021년 3월 16일 21시,화요일,경기도 성남시 중원구 중앙동,중상사고,0,1,0,0,차대사람 - 기타,교차로운행방법위반,포장 - 건조,맑음,교차로 - 교차로안,승용,남,66세,상해없음,보행자,여,76세,중상
2021031600100547,2021년 3월 16일 21시,화요일,경기도 남양주시 호평동,경상사고,0,0,1,0,차대사람 - 보도통행중,기타,포장 - 건조,맑음,교차로 - 교차로부근,자전거,남,50세,상해없음,보행자,남,41세,경상
2021031600100548,2021년 3월 16일 21시,화요일,경기도 파주시 아동동,경상사고,0,0,1,0,차대사람 - 길가장자리구역통행중,안전운전불이행,포장 - 건조,맑음,교차로 - 교차로부근,승용,여,32세,상해없음,보행자,남,52세,경상
2021031700100194,2021년 3월 17일 12시,수요일,경기도 수원시 팔달구 인계동,중상사고,0,1,0,0,차대사람 - 횡단중,안전운전불이행,포장 - 건조,맑음,교차로 - 교차로횡단보도내,화물,남,38세,상해없음,보행자,남,78세,중상
2021031700100197,2021년 3월 17일 12시,수요일,경기도 수원시 권선구 호매실동,경상사고,0,0,1,0,차대사람 - 횡단중,보행자보호의무위반,포장 - 건조,맑음,교차로 - 교차로횡단보도내,승용,남,65세,상해없음,보행자,남,33세,경상
2021031700100286,2021년 3월 17일 14시,수요일,경기도 양주시 광적면,경상사고,0,0,1,0,차대사람 - 기타,안전운전불이행,포장 - 건조,맑음,미분류 - 미분류,승합,여,24세,상해없음,보행자,남,8세,경상
2021031700100328,2021년 3월 17일 16시,수요일,경기도 용인시 기흥구 영덕동,중상사고,0,1,0,0,차대사람 - 차도통행중,신호위반,포장 - 건조,맑음,교차로 - 교차로안,승합,여,55세,상해없음,보행자,여,50세,중상
2021031700100335,2021년 3월 17일 16시,수요일,경기도 안양시 만안구 안양동,중상사고,0,1,0,0,차대사람 - 기타,안전운전불이행,포장 - 건조,맑음,단일로 - 기타,이륜,남,58세,상해없음,보행자,여,74세,중상
2021031700100358,2021년 3월 17일 16시,수요일,경기도 남양주시 진건읍,경상사고,0,0,1,0,차대사람 - 횡단중,신호위반,포장 - 건조,맑음,단일로 - 기타,이륜,남,18세,상해없음,보행자,여,17세,경상
2021031700100377,2021년 3월 17일 17시,수요일,경기도 하남시 덕풍동,부상신고사고,0,0,0,1,차대사람 - 횡단중,신호위반,포장 - 건조,맑음,교차로 - 교차로횡단보도내,승용,남,61세,상해없음,보행자,여,50세,부상신고
2021031700100449,2021년 3월 17일 19시,수요일,경기도 수원시 장안구 정자동,경상사고,0,0,1,0,차대사람 - 횡단중,안전운전불이행,포장 - 건조,맑음,교차로 - 교차로안,화물,남,59세,상해없음,보행자,남,45세,경상
2021031700100450,2021년 3월 17일 19시,수요일,경기도 평택시 팽성읍,경상사고,0,0,1,0,차대사람 - 차도통행중,신호위반,포장 - 건조,맑음,교차로 - 교차로부근,승용,남,28세,기타불명,보행자,여,77세,경상
2021031700100452,2021년 3월 17일 19시,수요일,경기도 용인시 처인구 양지면,중상사고,0,1,0,0,차대사람 - 기타,안전운전불이행,포장 - 건조,맑음,기타 - 기타,승용,남,58세,상해없음,보행자,남,57세,중상
2021031700100454,2021년 3월 17일 19시,수요일,경기도 부천시 심곡동,중상사고,0,1,0,0,차대사람 - 기타,안전운전불이행,포장 - 건조,맑음,교차로 - 교차로부근,화물,남,67세,상해없음,보행자,여,15세,중상
2021031700100455,2021년 3월 17일 19시,수요일,경기도 부천시 상동,중상사고,0,1,0,0,차대사람 - 횡단중,보행자보호의무위반,포장 - 건조,맑음,교차로 - 교차로부근,기타불명,기타불명,미분류,기타불명,보행자,남,61세,중상
2021031700100456,2021년 3월 17일 19시,수요일,경기도 시흥시 정왕동,중상사고,0,1,0,0,차대사람 - 횡단중,안전운전불이행,포장 - 건조,맑음,단일로 - 기타,이륜,남,27세,상해없음,보행자,여,24세,중상
2021031700100472,2021년 3월 17일 19시,수요일,경기도 고양시 일산동구 백석동,경상사고,0,0,1,0,차대사람 - 횡단중,신호위반,포장 - 건조,맑음,교차로 - 교차로횡단보도내,승용,남,38세,상해없음,보행자,남,58세,경상
2021031700100473,2021년 3월 17일 19시,수요일,경기도 파주시 목동동,경상사고,0,0,1,0,차대사람 - 길가장자리구역통행중,안전운전불이행,포장 - 건조,맑음,단일로 - 기타,개인형이동수단(PM),남,23세,상해없음,보행자,남,48세,경상
2021031700100488,2021년 3월 17일 20시,수요일,경기도 용인시 처인구 포곡읍,경상사고,0,0,1,0,차대사람 - 횡단중,보행자보호의무위반,포장 - 건조,맑음,교차로 - 교차로횡단보도내,승용,남,38세,상해없음,보행자,남,37세,경상
2021031700100495,2021년 3월 17일 20시,수요일,경기도 시흥시 신천동,경상사고,0,0,1,0,차대사람 - 횡단중,신호위반,포장 - 건조,맑음,교차로 - 교차로횡단보도내,승용,여,48세,상해없음,보행자,남,66세,경상
2021031700100555,2021년 3월 17일 22시,수요일,경기도 부천시 심곡동,경상사고,0,0,2,0,차대사람 - 길가장자리구역통행중,안전운전불이행,포장 - 건조,맑음,교차로 - 교차로부근,자전거,여,19세,상해없음,보행자,남,58세,경상
2021031700100556,2021년 3월 17일 22시,수요일,경기도 안산시 단원구 고잔동,중상사고,0,1,0,0,차대사람 - 기타,안전운전불이행,포장 - 기타,기타,기타 - 기타,승용,남,67세,상해없음,보행자,여,25세,중상
2021031800100016,2021년 3월 18일 02시,목요일,경기도 안산시 단원구 초지동,경상사고,0,0,1,0,차대사람 - 횡단중,안전운전불이행,포장 - 건조,맑음,기타 - 기타,기타불명,기타불명,미분류,기타불명,보행자,남,66세,경상
2021031800100034,2021년 3월 18일 05시,목요일,경기도 수원시 권선구 고색동,경상사고,0,0,1,0,차대사람 - 횡단중,신호위반,포장 - 건조,맑음,교차로 - 교차로안,승합,남,61세,상해없음,보행자,남,60세,경상
2021031800100043,2021년 3월 18일 06시,목요일,경기도 성남시 수정구 신흥동,중상사고,0,1,0,0,차대사람 - 횡단중,안전운전불이행,포장 - 건조,맑음,교차로 - 교차로횡단보도내,승용,남,62세,상해없음,보행자,여,52세,중상
2021031800100163,2021년 3월 18일 11시,목요일,경기도 성남시 중원구 중앙동,경상사고,0,0,1,0,차대사람 - 길가장자리구역통행중,안전운전불이행,포장 - 건조,맑음,단일로 - 기타,승합,남,67세,상해없음,보행자,남,59세,경상
2021031800100212,2021년 3월 18일 12시,목요일,경기도 가평군 청평면,부상신고사고,0,0,0,1,차대사람 - 횡단중,안전운전불이행,포장 - 건조,맑음,단일로 - 기타,자전거,남,56세,상해없음,보행자,여,65세,부상신고
2021031800100217,2021년 3월 18일 13시,목요일,경기도 용인시 처인구 고림동,경상사고,0,0,1,0,차대사람 - 기타,안전운전불이행,포장 - 건조,맑음,단일로 - 기타,승용,여,35세,상해없음,보행자,남,8세,경상
2021031800100219,2021년 3월 18일 13시,목요일,경기도 부천시 송내동,경상사고,0,0,1,0,차대사람 - 횡단중,안전운전불이행,포장 - 건조,맑음,교차로 - 교차로안,승용,남,59세,상해없음,보행자,여,66세,경상
2021031800100262,2021년 3월 18일 14시,목요일,경기도 평택시 진위면,사망사고,1,0,0,1,차대사람 - 기타,안전운전불이행,포장 - 건조,맑음,기타 - 기타,승용,남,33세,상해없음,보행자,남,50세,사망
2021031800100293,2021년 3월 18일 15시,목요일,경기도 화성시 병점동,경상사고,0,0,1,0,차대사람 - 기타,안전운전불이행,포장 - 건조,맑음,단일로 - 기타,승용,여,62세,상해없음,보행자,남,59세,경상
2021031800100321,2021년 3월 18일 16시,목요일,경기도 광주시 오포읍,경상사고,0,0,1,0,차대사람 - 횡단중,안전운전불이행,포장 - 건조,맑음,기타 - 기타,승용,여,51세,상해없음,보행자,여,9세,경상
2021031800100354,2021년 3월 18일 17시,목요일,경기도 김포시 고촌읍,경상사고,0,0,1,0,차대사람 - 횡단중,보행자보호의무위반,포장 - 기타,맑음,기타 - 기타,승용,여,50세,상해없음,보행자,여,31세,경상
2021031800100355,2021년 3월 18일 17시,목요일,경기도 오산시 원동,경상사고,0,0,2,0,차대사람 - 차도통행중,안전운전불이행,포장 - 건조,맑음,교차로 - 교차로안,승용,남,40세,상해없음,보행자,남,33세,경상
2021031800100415,2021년 3월 18일 18시,목요일,경기도 파주시 금촌동,중상사고,0,1,0,0,차대사람 - 보도통행중,신호위반,포장 - 건조,맑음,단일로 - 기타,원동기,남,15세,상해없음,보행자,여,30세,중상
2021031800100469,2021년 3월 18일 20시,목요일,경기도 고양시 일산동구 백석동,경상사고,0,0,1,0,차대사람 - 기타,안전운전불이행,포장 - 건조,맑음,교차로 - 교차로안,기타불명,기타불명,미분류,기타불명,보행자,남,23세,경상
2021031800100498,2021년 3월 18일 22시,목요일,경기도 평택시 포승읍,경상사고,0,0,1,0,차대사람 - 기타,중앙선침범,포장 - 건조,맑음,단일로 - 기타,승용,남,56세,상해없음,보행자,여,36세,경상
2021031900100004,2021년 3월 19일 00시,금요일,경기도 성남시 분당구 정자동,경상사고,0,0,1,0,차대사람 - 횡단중,신호위반,포장 - 기타,기타,교차로 - 교차로횡단보도내,승합,남,62세,상해없음,보행자,남,36세,경상
2021031900100011,2021년 3월 19일 00시,금요일,경기도 고양시 덕양구 도내동,중상사고,0,1,0,0,차대사람 - 기타,안전운전불이행,포장 - 젖음/습기,맑음,기타 - 기타,승용,남,27세,상해없음,보행자,남,28세,중상
2021031900100060,2021년 3월 19일 07시,금요일,경기도 의정부시 용현동,경상사고,0,0,1,0,차대사람 - 길가장자리구역통행중,안전운전불이행,포장 - 건조,맑음,단일로 - 기타,승용,여,62세,상해없음,보행자,남,35세,경상
2021031900100101,2021년 3월 19일 08시,금요일,경기도 남양주시 화도읍,중상사고,0,1,0,0,차대사람 - 횡단중,안전운전불이행,포장 - 건조,맑음,교차로 - 교차로횡단보도내,승용,여,43세,상해없음,보행자,남,31세,중상
2021031900100140,2021년 3월 19일 10시,금요일,경기도 군포시 산본동,경상사고,0,0,1,0,차대사람 - 기타,안전운전불이행,포장 - 건조,맑음,교차로 - 교차로부근,승용,여,38세,상해없음,보행자,남,25세,경상
2021031900100235,2021년 3월 19일 13시,금요일,경기도 수원시 장안구 천천동,경상사고,0,0,1,0,차대사람 - 기타,안전운전불이행,포장 - 건조,맑음,단일로 - 지하차도(도로)내,승용,남,52세,상해없음,보행자,여,28세,경상
2021031900100239,2021년 3월 19일 13시,금요일,경기도 부천시 춘의동,중상사고,0,1,0,0,차대사람 - 횡단중,보행자보호의무위반,포장 - 건조,맑음,교차로 - 교차로횡단보도내,승용,여,35세,상해없음,보행자,여,78세,중상
2021031900100240,2021년 3월 19일 13시,금요일,경기도 광명시 하안동,경상사고,0,0,1,0,차대사람 - 길가장자리구역통행중,안전운전불이행,포장 - 건조,맑음,교차로 - 교차로부근,승용,여,46세,상해없음,보행자,여,72세,경상
2021031900100243,2021년 3월 19일 13시,금요일,경기도 성남시 분당구 율동,부상신고사고,0,0,0,1,차대사람 - 기타,안전운전불이행,포장 - 건조,맑음,기타 - 기타,승합,남,54세,상해없음,보행자,여,64세,부상신고
2021031900100265,2021년 3월 19일 13시,금요일,경기도 파주시 문산읍,경상사고,0,0,1,0,차대사람 - 기타,안전운전불이행,포장 - 건조,맑음,단일로 - 지하차도(도로)내,승합,남,73세,상해없음,보행자,남,80세,경상
2021031900100315,2021년 3월 19일 15시,금요일,경기도 부천시 오정동,중상사고,0,1,0,0,차대사람 - 기타,안전운전불이행,포장 - 건조,맑음,단일로 - 기타,화물,남,65세,상해없음,보행자,남,7세,중상
2021031900100405,2021년 3월 19일 17시,금요일,경기도 부천시 약대동,경상사고,0,0,1,0,차대사람 - 길가장자리구역통행중,안전운전불이행,포장 - 건조,맑음,단일로 - 기타,승용,여,58세,상해없음,보행자,여,62세,경상
2021031900100407,2021년 3월 19일 17시,금요일,경기도 수원시 팔달구 매산로1가,경상사고,0,0,1,0,차대사람 - 기타,안전운전불이행,포장 - 건조,맑음,단일로 - 기타,승합,남,66세,상해없음,보행자,여,27세,경상
2021031900100411,2021년 3월 19일 17시,금요일,경기도 용인시 수지구 상현동,중상사고,0,1,0,0,차대사람 - 기타,신호위반,포장 - 건조,맑음,단일로 - 기타,승용,남,51세,상해없음,보행자,여,29세,중상
2021031900100542,2021년 3월 19일 20시,금요일,경기도 안양시 동안구 평촌동,경상사고,0,0,1,0,차대사람 - 기타,불법유턴,포장 - 건조,맑음,단일로 - 기타,승용,여,51세,상해없음,보행자,남,52세,경상
2021031900100548,2021년 3월 19일 20시,금요일,경기도 수원시 팔달구 매산로1가,경상사고,0,0,1,0,차대사람 - 기타,신호위반,포장 - 건조,맑음,교차로 - 교차로안,승용,남,75세,상해없음,보행자,남,39세,경상
2021031900100579,2021년 3월 19일 21시,금요일,경기도 김포시 구래동,경상사고,0,0,1,0,차대사람 - 횡단중,보행자보호의무위반,포장 - 건조,맑음,교차로 - 교차로횡단보도내,승용,남,27세,상해없음,보행자,여,25세,경상
2021031900100585,2021년 3월 19일 21시,금요일,경기도 수원시 팔달구 인계동,경상사고,0,0,1,0,차대사람 - 보도통행중,안전운전불이행,포장 - 건조,맑음,기타 - 기타,승용,남,27세,상해없음,보행자,남,23세,경상
2021031900100600,2021년 3월 19일 21시,금요일,경기도 남양주시 오남읍,중상사고,0,1,0,0,차대사람 - 횡단중,신호위반,포장 - 건조,맑음,단일로 - 기타,이륜,남,20세,상해없음,보행자,여,43세,중상
2021031900100612,2021년 3월 19일 22시,금요일,경기도 용인시 처인구 삼가동,중상사고,0,1,0,0,차대사람 - 보도통행중,신호위반,포장 - 건조,맑음,단일로 - 기타,승용,남,37세,상해없음,보행자,여,21세,중상
2021031900100616,2021년 3월 19일 22시,금요일,경기도 시흥시 대야동,중상사고,0,1,0,0,차대사람 - 횡단중,안전운전불이행,포장 - 건조,맑음,단일로 - 기타,이륜,남,35세,상해없음,보행자,여,55세,중상
2021031900100619,2021년 3월 19일 22시,금요일,경기도 용인시 수지구 죽전동,중상사고,0,1,0,0,차대사람 - 횡단중,보행자보호의무위반,포장 - 건조,맑음,교차로 - 교차로안,승용,남,39세,상해없음,보행자,남,13세,중상
2021031900100640,2021년 3월 19일 22시,금요일,경기도 파주시 와동동,경상사고,0,0,1,0,차대사람 - 기타,안전거리미확보,포장 - 건조,맑음,기타 - 기타,승용,남,56세,상해없음,보행자,남,50세,경상
2021031900100648,2021년 3월 19일 23시,금요일,경기도 안산시 단원구 고잔동,경상사고,0,0,1,0,차대사람 - 횡단중,안전운전불이행,포장 - 건조,맑음,교차로 - 교차로횡단보도내,승용,여,54세,상해없음,보행자,남,50세,경상
2021032000100032,2021년 3월 20일 05시,토요일,경기도 안성시 삼죽면,중상사고,0,1,0,0,차대사람 - 길가장자리구역통행중,안전운전불이행,포장 - 건조,맑음,단일로 - 기타,승용,남,48세,상해없음,보행자,남,67세,중상
2021032000100089,2021년 3월 20일 09시,토요일,경기도 남양주시 와부읍,경상사고,0,0,1,0,차대사람 - 길가장자리구역통행중,중앙선침범,포장 - 건조,맑음,단일로 - 기타,승용,남,57세,상해없음,보행자,남,68세,경상
2021032000100095,2021년 3월 20일 10시,토요일,경기도 안산시 상록구 월피동,경상사고,0,0,1,0,차대사람 - 기타,안전운전불이행,포장 - 젖음/습기,흐림,단일로 - 기타,승합,남,48세,상해없음,보행자,여,24세,경상
2021032000100118,2021년 3월 20일 11시,토요일,경기도 부천시 상동,중상사고,0,1,0,0,차대사람 - 횡단중,중앙선침범,포장 - 젖음/습기,비,단일로 - 기타,승용,남,61세,상해없음,보행자,여,78세,중상
2021032000100140,2021년 3월 20일 11시,토요일,경기도 파주시 문산읍,경상사고,0,0,1,0,차대사람 - 횡단중,안전운전불이행,포장 - 젖음/습기,비,교차로 - 교차로부근,승합,여,63세,상해없음,보행자,여,31세,경상
2021032000100141,2021년 3월 20일 11시,토요일,경기도 양주시 덕정동,경상사고,0,0,1,0,차대사람 - 보도통행중,기타,포장 - 젖음/습기,비,기타 - 기타,승용,남,55세,상해없음,보행자,여,30세,경상
2021032000100143,2021년 3월 20일 11시,토요일,경기도 포천시 소흘읍,경상사고,0,0,1,0,차대사람 - 기타,안전운전불이행,포장 - 젖음/습기,비,단일로 - 기타,승용,여,61세,상해없음,보행자,여,66세,경상
2021032000100144,2021년 3월 20일 11시,토요일,경기도 가평군 청평면,중상사고,0,1,0,0,차대사람 - 차도통행중,안전운전불이행,포장 - 건조,맑음,교차로 - 교차로부근,승용,남,62세,상해없음,보행자,여,76세,중상
2021032000100157,2021년 3월 20일 12시,토요일,경기도 부천시 중동,중상사고,0,1,0,0,차대사람 - 기타,안전운전불이행,포장 - 젖음/습기,비,교차로 - 교차로안,승용,여,29세,상해없음,보행자,남,45세,중상
2021032000100310,2021년 3월 20일 16시,토요일,경기도 남양주시 와부읍,중상사고,0,1,0,0,차대사람 - 횡단중,중앙선침범,포장 - 건조,맑음,단일로 - 기타,화물,남,52세,상해없음,보행자,여,49세,중상
2021032000100355,2021년 3월 20일 18시,토요일,경기도 광주시 탄벌동,경상사고,0,0,1,0,차대사람 - 차도통행중,안전운전불이행,포장 - 건조,맑음,단일로 - 기타,승용,남,45세,상해없음,보행자,남,22세,경상
2021032000100358,2021년 3월 20일 18시,토요일,경기도 하남시 덕풍동,경상사고,0,0,1,0,차대사람 - 차도통행중,안전운전불이행,포장 - 건조,맑음,단일로 - 기타,화물,남,50세,상해없음,보행자,여,48세,경상
2021032000100377,2021년 3월 20일 18시,토요일,경기도 구리시 인창동,중상사고,0,1,0,0,차대사람 - 횡단중,보행자보호의무위반,포장 - 젖음/습기,비,교차로 - 교차로안,승용,여,63세,상해없음,보행자,남,54세,중상
2021032000100387,2021년 3월 20일 19시,토요일,경기도 용인시 처인구 백암면,중상사고,0,1,0,0,차대사람 - 기타,안전운전불이행,포장 - 건조,맑음,단일로 - 기타,승용,여,67세,상해없음,보행자,여,73세,중상
2021032000100412,2021년 3월 20일 19시,토요일,경기도 양주시 삼숭동,중상사고,0,1,0,0,차대사람 - 횡단중,신호위반,포장 - 젖음/습기,비,교차로 - 교차로부근,이륜,남,37세,상해없음,보행자,남,75세,중상
2021032000100428,2021년 3월 20일 20시,토요일,경기도 성남시 분당구 야탑동,중상사고,0,1,0,0,차대사람 - 횡단중,안전운전불이행,포장 - 젖음/습기,비,교차로 - 교차로횡단보도내,승용,남,61세,상해없음,보행자,남,59세,중상
2021032000100458,2021년 3월 20일 21시,토요일,경기도 안양시 만안구 박달동,경상사고,0,0,1,0,차대사람 - 기타,안전운전불이행,포장 - 젖음/습기,비,기타 - 기타,승용,남,51세,기타불명,보행자,남,40세,경상
2021032000100468,2021년 3월 20일 21시,토요일,경기도 구리시 수택동,경상사고,0,0,1,0,차대사람 - 기타,안전운전불이행,포장 - 건조,맑음,단일로 - 기타,승용,남,47세,상해없음,보행자,남,35세,경상
2021032000100486,2021년 3월 20일 22시,토요일,경기도 광주시 오포읍,경상사고,0,0,1,0,차대사람 - 보도통행중,안전운전불이행,포장 - 젖음/습기,맑음,단일로 - 기타,승용,여,40세,상해없음,보행자,남,44세,경상
2021032000100490,2021년 3월 20일 22시,토요일,경기도 성남시 분당구 서현동,경상사고,0,0,1,0,차대사람 - 기타,안전운전불이행,포장 - 젖음/습기,비,기타 - 기타,승용,여,25세,상해없음,보행자,여,56세,경상
2021032000100506,2021년 3월 20일 22시,토요일,경기도 고양시 덕양구 동산동,경상사고,0,0,1,0,차대사람 - 기타,안전운전불이행,포장 - 건조,맑음,단일로 - 기타,승용,남,20세,상해없음,보행자,남,39세,경상
2021032100100045,2021년 3월 21일 06시,일요일,경기도 평택시 세교동,경상사고,0,0,1,0,차대사람 - 기타,기타,포장 - 건조,맑음,단일로 - 기타,승합,남,48세,상해없음,보행자,여,47세,경상