사고번호,사고일시,요일,시군구,사고내용,사망자수,중상자수,경상자수,부상신고자수,사고유형,법규위반,노면상태,기상상태,도로형태,가해운전자 차종,가해운전자 성별,가해운전자 연령,가해운전자 상해정도,피해운전자 차종,피해운전자 성별,피해운전자 연령,피해운전자 상해정도
2021032700100221,2021년 3월 27일 13시,토요일,경기도 과천시 중앙동,경상사고,0,0,1,0,차대사람 - 횡단중,신호위반,포장 - 젖음/습기,비,단일로 - 기타,승용,여,44세,상해없음,보행자,남,25세,경상
2021032700100247,2021년 3월 27일 13시,토요일,경기도 파주시 금촌동,중상사고,0,1,0,0,차대사람 - 기타,안전운전불이행,포장 - 젖음/습기,비,단일로 - 기타,승용,남,57세,상해없음,보행자,여,59세,중상
2021032700100333,2021년 3월 27일 15시,토요일,경기도 남양주시 화도읍,경상사고,0,0,1,0,차대사람 - 기타,안전운전불이행,포장 - 젖음/습기,비,단일로 - 기타,승용,여,41세,상해없음,보행자,여,15세,경상
2021032700100394,2021년 3월 27일 17시,토요일,경기도 평택시 청북읍,부상신고사고,0,0,0,1,차대사람 - 기타,안전운전불이행,포장 - 건조,맑음,기타 - 기타,자전거,남,9세,상해없음,보행자,남,4세,부상신고
2021032700100396,2021년 3월 27일 17시,토요일,경기도 여주시 세종대왕면,경상사고,0,0,1,0,차대사람 - 차도통행중,안전운전불이행,포장 - 젖음/습기,비,기타 - 기타,승용,여,59세,상해없음,보행자,남,61세,경상
2021032700100425,2021년 3월 27일 17시,토요일,경기도 양주시 옥정동,경상사고,0,0,1,0,차대사람 - 횡단중,보행자보호의무위반,포장 - 건조,맑음,교차로 - 교차로안,승용,남,65세,상해없음,보행자,여,40세,경상
2021032700100444,2021년 3월 27일 18시,토요일,경기도 시흥시 정왕동,중상사고,0,1,0,0,차대사람 - 차도통행중,안전운전불이행,포장 - 젖음/습기,비,단일로 - 기타,승용,여,24세,상해없음,보행자,남,44세,중상
2021032700100484,2021년 3월 27일 19시,토요일,경기도 성남시 수정구 신흥동,중상사고,0,1,0,0,차대사람 - 기타,안전운전불이행,포장 - 젖음/습기,비,단일로 - 기타,이륜,남,58세,상해없음,보행자,남,50세,중상
2021032700100490,2021년 3월 27일 19시,토요일,경기도 부천시 상동,경상사고,0,0,1,0,차대사람 - 횡단중,보행자보호의무위반,포장 - 젖음/습기,비,교차로 - 교차로횡단보도내,화물,남,67세,상해없음,보행자,여,58세,경상
2021032700100524,2021년 3월 27일 19시,토요일,경기도 남양주시 화도읍,중상사고,0,1,0,0,차대사람 - 횡단중,보행자보호의무위반,포장 - 젖음/습기,비,교차로 - 교차로횡단보도내,이륜,남,18세,상해없음,보행자,여,46세,중상
2021032700100525,2021년 3월 27일 19시,토요일,경기도 고양시 일산서구 탄현동,중상사고,0,1,0,0,차대사람 - 기타,안전운전불이행,포장 - 젖음/습기,비,단일로 - 기타,이륜,남,24세,상해없음,보행자,남,9세,중상
2021032700100535,2021년 3월 27일 20시,토요일,경기도 수원시 장안구 율전동,경상사고,0,0,1,0,차대사람 - 기타,안전운전불이행,포장 - 젖음/습기,비,교차로 - 교차로부근,이륜,남,32세,기타불명,보행자,남,23세,경상
2021032700100564,2021년 3월 27일 20시,토요일,경기도 고양시 일산동구 백석동,중상사고,0,1,0,0,차대사람 - 횡단중,안전운전불이행,포장 - 젖음/습기,비,교차로 - 교차로부근,이륜,남,28세,상해없음,보행자,남,60세,중상
2021032700100567,2021년 3월 27일 20시,토요일,경기도 파주시 금촌동,경상사고,0,0,1,0,차대사람 - 횡단중,안전운전불이행,포장 - 젖음/습기,비,단일로 - 기타,승용,여,44세,상해없음,보행자,남,58세,경상
2021032700100591,2021년 3월 27일 21시,토요일,경기도 수원시 영통구 영통동,중상사고,0,1,0,0,차대사람 - 기타,안전운전불이행,포장 - 젖음/습기,맑음,기타 - 기타,승용,남,52세,상해없음,보행자,남,47세,중상
2021032700100617,2021년 3월 27일 22시,토요일,경기도 안성시 석정동,중상사고,0,1,1,0,차대사람 - 횡단중,중앙선침범,포장 - 젖음/습기,비,단일로 - 기타,승용,남,23세,상해없음,보행자,여,20세,경상
2021032700100619,2021년 3월 27일 22시,토요일,경기도 안산시 단원구 고잔동,중상사고,0,1,0,0,차대사람 - 기타,안전운전불이행,포장 - 젖음/습기,비,교차로 - 교차로부근,승용,남,26세,상해없음,보행자,남,35세,중상
2021032700100623,2021년 3월 27일 22시,토요일,경기도 안산시 상록구 사동,경상사고,0,0,1,0,차대사람 - 횡단중,신호위반,포장 - 젖음/습기,비,교차로 - 교차로횡단보도내,승용,남,36세,상해없음,보행자,남,66세,경상
2021032700100648,2021년 3월 27일 22시,토요일,경기도 구리시 수택동,경상사고,0,0,1,0,차대사람 - 기타,안전운전불이행,포장 - 젖음/습기,비,단일로 - 기타,승용,여,56세,상해없음,보행자,남,41세,경상
2021032700100656,2021년 3월 27일 23시,토요일,경기도 부천시 심곡동,경상사고,0,0,1,0,차대사람 - 횡단중,신호위반,포장 - 젖음/습기,비,교차로 - 교차로횡단보도내,이륜,남,25세,상해없음,보행자,여,31세,경상
2021032700100659,2021년 3월 27일 23시,토요일,경기도 수원시 영통구 매탄동,경상사고,0,0,1,0,차대사람 - 차도통행중,안전운전불이행,포장 - 젖음/습기,비,단일로 - 기타,이륜,남,19세,상해없음,보행자,남,39세,경상
2021032700100671,2021년 3월 27일 23시,토요일,경기도 남양주시 화도읍,중상사고,0,1,0,0,차대사람 - 횡단중,안전운전불이행,포장 - 젖음/습기,비,교차로 - 교차로부근,승용,남,68세,상해없음,보행자,남,30세,중상
2021032800100055,2021년 3월 28일 03시,일요일,경기도 안산시 상록구 사동,부상신고사고,0,0,0,1,차대사람 - 횡단중,안전운전불이행,포장 - 젖음/습기,비,교차로 - 교차로안,기타불명,기타불명,미분류,기타불명,보행자,여,29세,부상신고
2021032800100063,2021년 3월 28일 03시,일요일,경기도 남양주시 호평동,경상사고,0,0,1,0,차대사람 - 횡단중,보행자보호의무위반,포장 - 젖음/습기,비,교차로 - 교차로안,승용,남,24세,상해없음,보행자,남,22세,경상
2021032800100106,2021년 3월 28일 10시,일요일,경기도 군포시 금정동,경상사고,0,0,1,0,차대사람 - 횡단중,신호위반,포장 - 건조,맑음,교차로 - 교차로부근,승용,남,51세,상해없음,보행자,여,64세,경상
2021032800100172,2021년 3월 28일 12시,일요일,경기도 의정부시 의정부동,중상사고,0,1,0,0,차대사람 - 길가장자리구역통행중,안전운전불이행,포장 - 건조,맑음,단일로 - 기타,승용,남,74세,상해없음,보행자,여,46세,중상
2021032800100208,2021년 3월 28일 13시,일요일,경기도 양주시 삼숭동,경상사고,0,0,1,0,차대사람 - 기타,안전운전불이행,포장 - 건조,맑음,주차장 - 주차장,승용,남,45세,상해없음,보행자,남,54세,경상
2021032800100215,2021년 3월 28일 14시,일요일,경기도 성남시 수정구 수진동,경상사고,0,0,1,0,차대사람 - 길가장자리구역통행중,안전운전불이행,포장 - 건조,맑음,단일로 - 기타,승합,여,43세,상해없음,보행자,남,58세,경상
2021032800100219,2021년 3월 28일 14시,일요일,경기도 시흥시 정왕동,경상사고,0,0,1,0,차대사람 - 횡단중,보행자보호의무위반,포장 - 건조,맑음,교차로 - 교차로부근,승용,남,75세,상해없음,보행자,남,57세,경상
2021032800100248,2021년 3월 28일 15시,일요일,경기도 평택시 지산동,중상사고,0,2,0,0,차대사람 - 횡단중,신호위반,포장 - 건조,맑음,교차로 - 교차로안,이륜,여,32세,중상,보행자,남,67세,중상
2021032800100280,2021년 3월 28일 16시,일요일,경기도 부천시 원종동,경상사고,0,0,1,0,차대사람 - 기타,안전운전불이행,포장 - 건조,맑음,단일로 - 기타,승용,남,50세,상해없음,보행자,남,55세,경상
2021032800100305,2021년 3월 28일 17시,일요일,경기도 시흥시 정왕동,경상사고,0,0,1,0,차대사람 - 횡단중,보행자보호의무위반,포장 - 건조,맑음,단일로 - 기타,이륜,남,56세,상해없음,보행자,여,9세,경상
2021032800100376,2021년 3월 28일 20시,일요일,경기도 광주시 곤지암읍,경상사고,0,0,1,0,차대사람 - 기타,안전운전불이행,포장 - 건조,맑음,기타 - 기타,승용,남,57세,상해없음,보행자,남,34세,경상
2021032800100379,2021년 3월 28일 20시,일요일,경기도 용인시 기흥구 언남동,경상사고,0,0,1,0,차대사람 - 기타,안전운전불이행,포장 - 젖음/습기,흐림,주차장 - 주차장,승용,여,48세,상해없음,보행자,남,61세,경상
2021032800100398,2021년 3월 28일 21시,일요일,경기도 시흥시 정왕동,경상사고,0,0,1,0,차대사람 - 보도통행중,기타,포장 - 건조,맑음,기타 - 기타,개인형이동수단(PM),남,20세,상해없음,보행자,여,20세,경상
2021032800100410,2021년 3월 28일 21시,일요일,경기도 의정부시 녹양동,경상사고,0,0,1,0,차대사람 - 기타,신호위반,포장 - 기타,기타,교차로 - 교차로횡단보도내,승용,남,65세,상해없음,보행자,여,65세,경상
2021032800100411,2021년 3월 28일 21시,일요일,경기도 구리시 수택동,중상사고,0,1,0,0,차대사람 - 횡단중,신호위반,포장 - 젖음/습기,비,교차로 - 교차로안,승용,여,56세,상해없음,보행자,여,44세,중상
2021032800100417,2021년 3월 28일 22시,일요일,경기도 안양시 동안구 호계동,경상사고,0,0,1,0,차대사람 - 횡단중,보행자보호의무위반,포장 - 젖음/습기,비,교차로 - 교차로부근,승용,남,25세,상해없음,보행자,남,27세,경상
2021032800100420,2021년 3월 28일 22시,일요일,경기도 안산시 상록구 본오동,경상사고,0,0,1,0,차대사람 - 차도통행중,안전운전불이행,포장 - 젖음/습기,비,단일로 - 기타,승용,남,50세,상해없음,보행자,남,53세,경상
2021032800100421,2021년 3월 28일 22시,일요일,경기도 용인시 수지구 죽전동,경상사고,0,0,1,0,차대사람 - 횡단중,안전운전불이행,포장 - 젖음/습기,비,단일로 - 기타,원동기,남,29세,상해없음,보행자,여,62세,경상
2021032800100432,2021년 3월 28일 22시,일요일,경기도 구리시 수택동,중상사고,0,1,0,0,차대사람 - 차도통행중,안전운전불이행,포장 - 젖음/습기,맑음,교차로 - 교차로안,승합,남,62세,상해없음,보행자,여,67세,중상
2021032900100033,2021년 3월 29일 06시,월요일,경기도 부천시 소사동,경상사고,0,0,1,0,차대사람 - 차도통행중,안전운전불이행,포장 - 건조,맑음,교차로 - 교차로부근,원동기,남,62세,상해없음,보행자,남,73세,경상
2021032900100048,2021년 3월 29일 07시,월요일,경기도 이천시 중리동,경상사고,0,0,1,0,차대사람 - 횡단중,보행자보호의무위반,포장 - 건조,맑음,교차로 - 교차로안,승용,여,53세,상해없음,보행자,여,66세,경상
2021032900100070,2021년 3월 29일 07시,월요일,경기도 고양시 덕양구 토당동,중상사고,0,1,0,0,차대사람 - 횡단중,안전운전불이행,포장 - 건조,맑음,단일로 - 기타,승용,남,58세,상해없음,보행자,여,64세,중상
2021032900100156,2021년 3월 29일 09시,월요일,경기도 파주시 금촌동,경상사고,0,0,1,0,차대사람 - 횡단중,안전운전불이행,포장 - 건조,맑음,교차로 - 교차로안,승용,남,60세,상해없음,보행자,남,47세,경상
2021032900100213,2021년 3월 29일 11시,월요일,경기도 수원시 팔달구 화서동,중상사고,0,1,0,0,차대사람 - 기타,안전운전불이행,포장 - 건조,맑음,교차로 - 교차로부근,이륜,남,28세,상해없음,보행자,남,70세,중상
2021032900100321,2021년 3월 29일 14시,월요일,경기도 수원시 장안구 파장동,경상사고,0,0,1,0,차대사람 - 횡단중,안전운전불이행,포장 - 건조,맑음,단일로 - 기타,승용,남,51세,상해없음,보행자,여,86세,경상
2021032900100338,2021년 3월 29일 14시,월요일,경기도 고양시 덕양구 신원동,중상사고,0,1,0,0,차대사람 - 횡단중,안전운전불이행,포장 - 기타,맑음,교차로 - 교차로횡단보도내,화물,남,60세,상해없음,보행자,여,85세,중상
2021032900100397,2021년 3월 29일 16시,월요일,경기도 의정부시 의정부동,경상사고,0,0,1,0,차대사람 - 기타,안전운전불이행,포장 - 건조,맑음,단일로 - 기타,승용,남,60세,상해없음,보행자,남,53세,경상
2021032900100436,2021년 3월 29일 17시,월요일,경기도 파주시 동패동,중상사고,0,1,0,0,차대사람 - 차도통행중,안전운전불이행,포장 - 건조,맑음,단일로 - 기타,승용,남,47세,상해없음,보행자,여,76세,중상
2021032900100499,2021년 3월 29일 19시,월요일,경기도 수원시 권선구 권선동,경상사고,0,0,1,0,차대사람 - 횡단중,안전운전불이행,포장 - 건조,맑음,교차로 - 교차로안,승용,남,27세,상해없음,보행자,여,85세,경상
2021032900100500,2021년 3월 29일 19시,월요일,경기도 수원시 영통구 영통동,경상사고,0,0,1,0,차대사람 - 기타,안전운전불이행,포장 - 건조,맑음,기타 - 기타,승용,남,50세,상해없음,보행자,여,25세,경상
2021032900100524,2021년 3월 29일 20시,월요일,경기도 안성시 양성면,사망사고,1,0,0,0,차대사람 - 차도통행중,안전운전불이행,포장 - 건조,맑음,단일로 - 기타,승용,남,62세,상해없음,보행자,여,80세,사망
2021032900100537,2021년 3월 29일 20시,월요일,경기도 연천군 전곡읍,중상사고,0,1,0,0,차대사람 - 횡단중,안전운전불이행,포장 - 건조,맑음,단일로 - 기타,이륜,남,17세,상해없음,보행자,남,30세,중상
2021032900100546,2021년 3월 29일 21시,월요일,경기도 평택시 포승읍,경상사고,0,0,1,0,차대사람 - 기타,안전운전불이행,포장 - 건조,맑음,교차로 - 교차로안,승용,남,36세,상해없음,보행자,남,51세,경상
2021032900100562,2021년 3월 29일 21시,월요일,경기도 의정부시 민락동,경상사고,0,0,1,0,차대사람 - 횡단중,보행자보호의무위반,포장 - 건조,맑음,단일로 - 기타,승용,남,53세,상해없음,보행자,여,18세,경상
2021032900100596,2021년 3월 29일 23시,월요일,경기도 수원시 장안구 영화동,중상사고,0,1,0,0,차대사람 - 횡단중,안전운전불이행,포장 - 건조,맑음,교차로 - 교차로안,승용,남,29세,상해없음,보행자,여,15세,중상
2021032900100599,2021년 3월 29일 23시,월요일,경기도 광명시 철산동,중상사고,0,1,0,0,차대사람 - 기타,안전운전불이행,포장 - 건조,맑음,교차로 - 교차로안,승용,남,34세,상해없음,보행자,남,50세,중상
2021033000100017,2021년 3월 30일 01시,화요일,경기도 김포시 고촌읍,중상사고,0,1,0,0,차대사람 - 기타,안전운전불이행,포장 - 젖음/습기,맑음,단일로 - 기타,승용,남,51세,상해없음,보행자,남,45세,중상
2021033000100024,2021년 3월 30일 02시,화요일,경기도 부천시 중동,경상사고,0,0,1,0,차대사람 - 횡단중,안전운전불이행,포장 - 건조,맑음,교차로 - 교차로횡단보도내,승용,남,60세,상해없음,보행자,여,27세,경상
2021033000100026,2021년 3월 30일 03시,화요일,경기도 광주시 송정동,사망사고,1,0,0,0,차대사람 - 기타,신호위반,포장 - 건조,맑음,기타 - 기타,화물,남,43세,상해없음,보행자,남,78세,사망
2021033000100046,2021년 3월 30일 06시,화요일,경기도 수원시 장안구 정자동,경상사고,0,0,1,0,차대사람 - 길가장자리구역통행중,안전운전불이행,포장 - 건조,맑음,교차로 - 교차로부근,승용,여,56세,상해없음,보행자,여,54세,경상
2021033000100097,2021년 3월 30일 08시,화요일,경기도 용인시 처인구 포곡읍,경상사고,0,0,1,0,차대사람 - 기타,안전운전불이행,포장 - 건조,맑음,교차로 - 교차로부근,화물,남,68세,기타불명,보행자,남,39세,경상
2021033000100098,2021년 3월 30일 08시,화요일,경기도 오산시 금암동,중상사고,0,1,0,0,차대사람 - 횡단중,보행자보호의무위반,포장 - 건조,맑음,교차로 - 교차로횡단보도내,승합,남,60세,상해없음,보행자,여,36세,중상
2021033000100142,2021년 3월 30일 09시,화요일,경기도 성남시 수정구 시흥동,경상사고,0,0,1,0,차대사람 - 기타,안전운전불이행,포장 - 건조,맑음,교차로 - 교차로안,승용,여,56세,상해없음,보행자,남,45세,경상
2021033000100171,2021년 3월 30일 10시,화요일,경기도 성남시 중원구 금광동,경상사고,0,0,1,0,차대사람 - 차도통행중,안전운전불이행,포장 - 건조,맑음,교차로 - 교차로부근,승용,여,49세,상해없음,보행자,여,22세,경상
2021033000100202,2021년 3월 30일 11시,화요일,경기도 안산시 단원구 고잔동,경상사고,0,0,1,0,차대사람 - 기타,안전운전불이행,포장 - 건조,맑음,주차장 - 주차장,화물,남,67세,상해없음,보행자,남,27세,경상
2021033000100205,2021년 3월 30일 11시,화요일,경기도 화성시 반송동,부상신고사고,0,0,0,1,차대사람 - 횡단중,안전운전불이행,포장 - 건조,맑음,단일로 - 기타,승용,여,45세,상해없음,보행자,여,39세,부상신고
2021033000100287,2021년 3월 30일 13시,화요일,경기도 구리시 인창동,중상사고,0,1,0,0,차대사람 - 횡단중,신호위반,포장 - 건조,맑음,단일로 - 기타,이륜,남,35세,상해없음,보행자,여,73세,중상
2021033000100288,2021년 3월 30일 13시,화요일,경기도 남양주시 퇴계원읍,경상사고,0,0,1,0,차대사람 - 횡단중,안전운전불이행,포장 - 건조,맑음,교차로 - 교차로횡단보도내,화물,여,69세,상해없음,보행자,남,63세,경상
2021033000100318,2021년 3월 30일 14시,화요일,경기도 고양시 일산동구 장항동,경상사고,0,0,1,0,차대사람 - 기타,안전운전불이행,포장 - 건조,맑음,교차로 - 교차로안,승용,남,41세,상해없음,보행자,남,91세,경상
2021033000100320,2021년 3월 30일 14시,화요일,경기도 남양주시 와부읍,부상신고사고,0,0,0,1,차대사람 - 횡단중,안전운전불이행,포장 - 건조,맑음,단일로 - 기타,승용,여,47세,상해없음,보행자,여,8세,부상신고
2021033000100363,2021년 3월 30일 15시,화요일,경기도 고양시 일산서구 일산동,경상사고,0,0,1,0,차대사람 - 기타,안전운전불이행,포장 - 건조,맑음,단일로 - 기타,승용,여,51세,상해없음,보행자,남,10세,경상
2021033000100404,2021년 3월 30일 16시,화요일,경기도 고양시 일산동구 마두동,중상사고,0,1,0,0,차대사람 - 차도통행중,안전운전불이행,포장 - 건조,맑음,단일로 - 기타,승합,남,49세,상해없음,보행자,여,63세,중상
2021033000100465,2021년 3월 30일 18시,화요일,경기도 김포시 통진읍,중상사고,0,1,0,0,차대사람 - 횡단중,보행자보호의무위반,포장 - 건조,맑음,교차로 - 교차로안,승용,남,58세,상해없음,보행자,여,72세,중상
2021033000100500,2021년 3월 30일 18시,화요일,경기도 고양시 일산서구 덕이동,경상사고,0,0,1,0,차대사람 - 횡단중,기타,포장 - 건조,맑음,기타 - 기타,화물,남,40세,상해없음,보행자,여,48세,경상
2021033000100518,2021년 3월 30일 19시,화요일,경기도 여주시 천송동,중상사고,0,1,0,0,차대사람 - 기타,안전운전불이행,포장 - 건조,맑음,단일로 - 기타,기타불명,기타불명,미분류,기타불명,보행자,여,64세,중상
2021033000100519,2021년 3월 30일 19시,화요일,경기도 김포시 사우동,경상사고,0,0,1,0,차대사람 - 보도통행중,안전운전불이행,포장 - 기타,맑음,교차로 - 교차로횡단보도내,화물,남,70세,상해없음,보행자,여,25세,경상
2021033000100557,2021년 3월 30일 20시,화요일,경기도 용인시 수지구 풍덕천동,경상사고,0,0,1,0,차대사람 - 기타,안전운전불이행,포장 - 건조,맑음,기타 - 기타,승용,남,59세,상해없음,보행자,여,29세,경상
2021033000100591,2021년 3월 30일 21시,화요일,경기도 의정부시 장암동,중상사고,0,1,0,0,차대사람 - 기타,기타,포장 - 건조,맑음,단일로 - 기타,승합,남,53세,상해없음,보행자,여,67세,중상
2021033000100592,2021년 3월 30일 21시,화요일,경기도 파주시 파주읍,중상사고,0,1,0,0,차대사람 - 기타,안전운전불이행,포장 - 건조,맑음,단일로 - 지하차도(도로)내,승용,여,38세,상해없음,보행자,남,56세,중상
2021033100100007,2021년 3월 31일 00시,수요일,경기도 용인시 처인구 양지면,중상사고,0,1,0,0,차대사람 - 기타,안전운전불이행,포장 - 기타,맑음,단일로 - 기타,화물,남,52세,상해없음,보행자,남,48세,중상
2021033100100026,2021년 3월 31일 02시,수요일,경기도 고양시 일산동구 장항동,중상사고,0,1,0,0,차대사람 - 길가장자리구역통행중,안전운전불이행,포장 - 건조,맑음,단일로 - 기타,승용,남,50세,상해없음,보행자,남,72세,중상
2021033100100053,2021년 3월 31일 07시,수요일,경기도 이천시 장호원읍,경상사고,0,0,1,0,차대사람 - 횡단중,안전운전불이행,포장 - 건조,맑음,단일로 - 기타,승용,남,52세,경상,보행자,남,62세,상해없음
2021033100100178,2021년 3월 31일 11시,수요일,경기도 안산시 단원구 신길동,중상사고,0,1,0,0,차대사람 - 기타,안전운전불이행,포장 - 건조,맑음,교차로 - 교차로안,화물,남,59세,상해없음,보행자,남,52세,중상
2021033100100179,2021년 3월 31일 11시,수요일,경기도 의왕시 청계동,경상사고,0,0,1,0,차대사람 - 기타,기타,포장 - 건조,맑음,단일로 - 기타,화물,남,43세,상해없음,보행자,남,69세,경상
2021033100100205,2021년 3월 31일 12시,수요일,경기도 안양시 동안구 비산동,중상사고,0,1,0,0,차대사람 - 기타,교차로운행방법위반,포장 - 건조,맑음,교차로 - 교차로부근,승용,여,50세,상해없음,보행자,남,82세,중상
2021033100100206,2021년 3월 31일 12시,수요일,경기도 용인시 처인구 김량장동,경상사고,0,0,1,0,차대사람 - 보도통행중,안전운전불이행,포장 - 건조,맑음,주차장 - 주차장,승용,여,49세,상해없음,보행자,남,57세,경상
2021033100100210,2021년 3월 31일 12시,수요일,경기도 군포시 산본동,경상사고,0,0,1,0,차대사람 - 보도통행중,기타,포장 - 건조,맑음,단일로 - 기타,이륜,남,25세,상해없음,보행자,남,24세,경상
2021033100100230,2021년 3월 31일 12시,수요일,경기도 의정부시 의정부동,중상사고,0,1,0,0,차대사람 - 기타,안전운전불이행,포장 - 건조,맑음,주차장 - 주차장,승용,남,49세,상해없음,보행자,남,42세,중상
2021033100100231,2021년 3월 31일 12시,수요일,경기도 양주시 율정동,중상사고,0,1,0,0,차대사람 - 횡단중,보행자보호의무위반,포장 - 건조,맑음,교차로 - 교차로횡단보도내,승용,남,74세,상해없음,보행자,여,68세,중상
2021033100100242,2021년 3월 31일 13시,수요일,경기도 성남시 중원구 상대원동,경상사고,0,0,1,0,차대사람 - 기타,안전운전불이행,포장 - 건조,맑음,단일로 - 기타,승용,남,42세,상해없음,보행자,여,48세,경상
2021033100100245,2021년 3월 31일 13시,수요일,경기도 하남시 덕풍동,경상사고,0,0,1,0,차대사람 - 기타,안전운전불이행,포장 - 건조,맑음,기타 - 기타,승용,남,62세,상해없음,보행자,여,53세,경상
2021033100100266,2021년 3월 31일 13시,수요일,경기도 파주시 광탄면,중상사고,0,2,0,0,차대사람 - 차도통행중,안전운전불이행,포장 - 건조,맑음,교차로 - 교차로부근,화물,남,26세,상해없음,보행자,남,85세,중상
2021033100100268,2021년 3월 31일 14시,수요일,경기도 수원시 팔달구 우만동,경상사고,0,0,1,0,차대사람 - 기타,안전운전불이행,포장 - 건조,맑음,교차로 - 교차로안,승용,여,66세,상해없음,보행자,여,27세,경상
2021033100100272,2021년 3월 31일 14시,수요일,경기도 시흥시 정왕동,경상사고,0,0,1,0,차대사람 - 기타,기타,포장 - 건조,맑음,기타 - 기타,개인형이동수단(PM),여,20세,상해없음,보행자,여,24세,경상
2021033100100315,2021년 3월 31일 15시,수요일,경기도 부천시 원미동,경상사고,0,0,1,0,차대사람 - 기타,안전운전불이행,포장 - 건조,맑음,단일로 - 기타,승용,여,67세,상해없음,보행자,남,41세,경상
2021033100100317,2021년 3월 31일 15시,수요일,경기도 안산시 단원구 고잔동,경상사고,0,0,1,0,차대사람 - 보도통행중,기타,포장 - 건조,맑음,기타 - 기타,화물,남,50세,상해없음,보행자,남,57세,경상
2021033100100358,2021년 3월 31일 16시,수요일,경기도 용인시 처인구 모현읍,경상사고,0,0,1,0,차대사람 - 기타,안전운전불이행,포장 - 건조,맑음,단일로 - 기타,화물,남,38세,상해없음,보행자,남,6세,경상
2021033100100392,2021년 3월 31일 17시,수요일,경기도 평택시 평택동,경상사고,0,0,1,0,차대사람 - 차도통행중,안전운전불이행,포장 - 건조,맑음,단일로 - 기타,승용,남,60세,상해없음,보행자,여,56세,경상
2021033100100394,2021년 3월 31일 17시,수요일,경기도 부천시 범박동,경상사고,0,0,1,0,차대사람 - 기타,보행자보호의무위반,포장 - 건조,맑음,교차로 - 교차로안,승용,여,51세,상해없음,보행자,여,24세,경상
2021033100100397,2021년 3월 31일 17시,수요일,경기도 안산시 단원구 고잔동,부상신고사고,0,0,0,1,차대사람 - 횡단중,보행자보호의무위반,포장 - 건조,맑음,교차로 - 교차로횡단보도내,기타불명,기타불명,미분류,기타불명,보행자,여,38세,부상신고
2021033100100402,2021년 3월 31일 17시,수요일,경기도 하남시 신장동,경상사고,0,0,1,0,차대사람 - 횡단중,안전운전불이행,포장 - 건조,맑음,단일로 - 기타,승용,여,49세,상해없음,보행자,여,30세,경상
2021033100100403,2021년 3월 31일 17시,수요일,경기도 화성시 반송동,중상사고,0,1,0,0,차대사람 - 횡단중,보행자보호의무위반,포장 - 건조,맑음,단일로 - 기타,승용,여,39세,상해없음,보행자,여,14세,중상
2021033100100433,2021년 3월 31일 17시,수요일,경기도 고양시 일산동구 백석동,중상사고,0,1,0,0,차대사람 - 기타,안전운전불이행,포장 - 건조,맑음,교차로 - 교차로안,승용,여,52세,상해없음,보행자,여,57세,중상
2021033100100484,2021년 3월 31일 18시,수요일,경기도 남양주시 호평동,중상사고,0,1,0,0,차대사람 - 기타,안전운전불이행,포장 - 건조,맑음,기타 - 기타,승용,여,69세,기타불명,보행자,여,24세,중상
2021033100100486,2021년 3월 31일 18시,수요일,경기도 남양주시 오남읍,경상사고,0,0,1,0,차대사람 - 횡단중,안전운전불이행,포장 - 건조,맑음,단일로 - 기타,승용,여,50세,기타불명,보행자,남,13세,경상
2021033100100498,2021년 3월 31일 19시,수요일,경기도 광주시 역동,중상사고,0,2,0,0,차대사람 - 횡단중,보행자보호의무위반,포장 - 건조,맑음,교차로 - 교차로부근,승용,여,48세,상해없음,보행자,남,61세,중상
2021033100100504,2021년 3월 31일 19시,수요일,경기도 부천시 원종동,중상사고,0,1,0,0,차대사람 - 횡단중,안전운전불이행,포장 - 건조,맑음,교차로 - 교차로횡단보도내,승용,남,69세,상해없음,보행자,남,57세,중상
2021033100100522,2021년 3월 31일 19시,수요일,경기도 포천시 소흘읍,사망사고,1,0,0,0,차대사람 - 횡단중,안전운전불이행,포장 - 건조,맑음,단일로 - 기타,승용,남,46세,상해없음,보행자,남,40세,사망
2021033100100524,2021년 3월 31일 19시,수요일,경기도 고양시 일산서구 일산동,중상사고,0,1,0,0,차대사람 - 차도통행중,안전운전불이행,포장 - 건조,맑음,기타 - 기타,승용,여,40세,상해없음,보행자,여,78세,중상
2021033100100546,2021년 3월 31일 20시,수요일,경기도 의정부시 민락동,경상사고,0,0,1,0,차대사람 - 기타,안전운전불이행,포장 - 건조,맑음,교차로 - 교차로부근,승용,남,18세,상해없음,보행자,남,49세,경상
2021033100100579,2021년 3월 31일 22시,수요일,경기도 평택시 비전동,중상사고,0,1,0,0,차대사람 - 횡단중,과속,포장 - 건조,맑음,단일로 - 기타,승용,남,58세,상해없음,보행자,남,36세,중상
2021033100100580,2021년 3월 31일 22시,수요일,경기도 화성시 향남읍,경상사고,0,0,1,0,차대사람 - 기타,안전운전불이행,포장 - 건조,맑음,교차로 - 교차로부근,승용,남,23세,상해없음,보행자,남,50세,경상
2021033100100601,2021년 3월 31일 23시,수요일,경기도 수원시 장안구 연무동,경상사고,0,0,1,0,차대사람 - 기타,안전운전불이행,포장 - 건조,맑음,단일로 - 기타,승용,남,20세,상해없음,보행자,남,26세,경상
2021033100100604,2021년 3월 31일 23시,수요일,경기도 수원시 영통구 영통동,중상사고,0,1,0,0,차대사람 - 횡단중,중앙선침범,포장 - 기타,맑음,단일로 - 기타,승용,남,45세,상해없음,보행자,남,37세,중상