사고번호,사고일시,요일,시군구,사고내용,사망자수,중상자수,경상자수,부상신고자수,사고유형,법규위반,노면상태,기상상태,도로형태,가해운전자 차종,가해운전자 성별,가해운전자 연령,가해운전자 상해정도,피해운전자 차종,피해운전자 성별,피해운전자 연령,피해운전자 상해정도
2021033100100605,2021년 3월 31일 23시,수요일,경기도 수원시 권선구 고색동,부상신고사고,0,0,0,1,차대사람 - 기타,안전운전불이행,포장 - 건조,맑음,단일로 - 기타,승합,남,70세,상해없음,보행자,남,36세,부상신고
2021040100100005,2021년 4월 1일 00시,목요일,경기도 안양시 동안구 비산동,경상사고,0,0,1,0,차대사람 - 차도통행중,안전운전불이행,포장 - 건조,맑음,단일로 - 기타,승용,남,48세,상해없음,보행자,남,55세,경상
2021040100100006,2021년 4월 1일 00시,목요일,경기도 안양시 동안구 관양동,경상사고,0,0,1,0,차대사람 - 차도통행중,안전운전불이행,포장 - 건조,맑음,단일로 - 기타,승용,남,53세,상해없음,보행자,남,26세,경상
2021040100100037,2021년 4월 1일 05시,목요일,경기도 안산시 상록구 이동,중상사고,0,1,0,0,차대사람 - 횡단중,안전운전불이행,포장 - 건조,맑음,교차로 - 교차로안,승용,남,61세,상해없음,보행자,남,83세,중상
2021040100100050,2021년 4월 1일 06시,목요일,경기도 파주시 조리읍,중상사고,0,1,0,0,차대사람 - 횡단중,안전운전불이행,포장 - 건조,맑음,단일로 - 기타,승용,남,40세,상해없음,보행자,여,80세,중상
2021040100100053,2021년 4월 1일 07시,목요일,경기도 부천시 송내동,경상사고,0,0,1,0,차대사람 - 기타,안전운전불이행,포장 - 건조,맑음,단일로 - 기타,승용,남,35세,상해없음,보행자,여,82세,경상
2021040100100071,2021년 4월 1일 07시,목요일,경기도 양주시 덕정동,경상사고,0,0,1,0,차대사람 - 기타,안전운전불이행,포장 - 건조,맑음,단일로 - 기타,자전거,남,47세,상해없음,보행자,남,65세,경상
2021040100100111,2021년 4월 1일 08시,목요일,경기도 남양주시 퇴계원읍,경상사고,0,0,1,0,차대사람 - 횡단중,안전운전불이행,포장 - 건조,맑음,교차로 - 교차로부근,화물,남,58세,상해없음,보행자,여,17세,경상
2021040100100127,2021년 4월 1일 09시,목요일,경기도 안산시 단원구 원곡동,중상사고,0,1,0,0,차대사람 - 기타,안전운전불이행,포장 - 건조,맑음,단일로 - 기타,화물,남,62세,상해없음,보행자,남,36세,중상
2021040100100130,2021년 4월 1일 09시,목요일,경기도 수원시 권선구 곡반정동,경상사고,0,0,1,0,차대사람 - 기타,안전운전불이행,포장 - 건조,맑음,단일로 - 기타,승용,여,39세,상해없음,보행자,남,26세,경상
2021040100100210,2021년 4월 1일 11시,목요일,경기도 포천시 소흘읍,중상사고,0,1,0,0,차대사람 - 횡단중,안전운전불이행,포장 - 건조,맑음,교차로 - 교차로부근,승용,여,68세,기타불명,보행자,여,60세,중상
2021040100100229,2021년 4월 1일 12시,목요일,경기도 화성시 청계동,중상사고,0,1,0,0,차대사람 - 횡단중,보행자보호의무위반,포장 - 건조,맑음,교차로 - 교차로횡단보도내,이륜,남,30세,상해없음,보행자,여,8세,중상
2021040100100264,2021년 4월 1일 13시,목요일,경기도 부천시 괴안동,경상사고,0,0,1,0,차대사람 - 횡단중,기타,포장 - 건조,맑음,교차로 - 교차로부근,승용,남,60세,상해없음,보행자,여,9세,경상
2021040100100265,2021년 4월 1일 13시,목요일,경기도 성남시 중원구 하대원동,중상사고,0,1,0,0,차대사람 - 기타,안전운전불이행,포장 - 건조,맑음,기타 - 기타,승합,남,56세,상해없음,보행자,여,77세,중상
2021040100100287,2021년 4월 1일 13시,목요일,경기도 의정부시 금오동,경상사고,0,0,1,0,차대사람 - 횡단중,보행자보호의무위반,포장 - 건조,맑음,교차로 - 교차로안,승용,여,54세,상해없음,보행자,남,27세,경상
2021040100100300,2021년 4월 1일 14시,목요일,경기도 오산시 오산동,경상사고,0,0,1,0,차대사람 - 기타,보행자보호의무위반,포장 - 건조,맑음,교차로 - 교차로횡단보도내,자전거,남,66세,상해없음,보행자,여,75세,경상
2021040100100336,2021년 4월 1일 15시,목요일,경기도 부천시 괴안동,경상사고,0,0,1,0,차대사람 - 기타,보행자보호의무위반,포장 - 건조,맑음,교차로 - 교차로안,승합,남,52세,상해없음,보행자,남,4세,경상
2021040100100337,2021년 4월 1일 15시,목요일,경기도 오산시 수청동,중상사고,0,1,0,0,차대사람 - 횡단중,보행자보호의무위반,포장 - 건조,맑음,교차로 - 교차로부근,승용,여,40세,상해없음,보행자,여,34세,중상
2021040100100344,2021년 4월 1일 15시,목요일,경기도 화성시 안녕동,경상사고,0,0,1,0,차대사람 - 기타,안전운전불이행,포장 - 건조,맑음,단일로 - 기타,화물,남,53세,상해없음,보행자,여,75세,경상
2021040100100422,2021년 4월 1일 17시,목요일,경기도 하남시 창우동,경상사고,0,0,1,0,차대사람 - 기타,신호위반,포장 - 건조,맑음,교차로 - 교차로횡단보도내,승용,여,74세,상해없음,보행자,남,10세,경상
2021040100100465,2021년 4월 1일 18시,목요일,경기도 광주시 오포읍,중상사고,0,1,0,0,차대사람 - 기타,안전운전불이행,포장 - 건조,맑음,단일로 - 기타,승용,여,38세,상해없음,보행자,여,3세,중상
2021040100100505,2021년 4월 1일 18시,목요일,경기도 양주시 덕계동,경상사고,0,0,1,0,차대사람 - 횡단중,신호위반,포장 - 건조,맑음,교차로 - 교차로부근,승용,여,41세,상해없음,보행자,여,17세,경상
2021040100100520,2021년 4월 1일 19시,목요일,경기도 양평군 용문면,경상사고,0,0,1,0,차대사람 - 길가장자리구역통행중,안전운전불이행,포장 - 건조,맑음,단일로 - 기타,승용,남,60세,상해없음,보행자,여,58세,경상
2021040100100555,2021년 4월 1일 20시,목요일,경기도 평택시 지산동,중상사고,0,1,0,0,차대사람 - 기타,보행자보호의무위반,포장 - 건조,맑음,단일로 - 기타,승합,여,53세,상해없음,보행자,남,50세,중상
2021040100100577,2021년 4월 1일 20시,목요일,경기도 고양시 일산동구 백석동,중상사고,0,1,0,0,차대사람 - 횡단중,보행자보호의무위반,포장 - 건조,맑음,교차로 - 교차로안,승용,남,72세,상해없음,보행자,남,52세,중상
2021040100100578,2021년 4월 1일 20시,목요일,경기도 구리시 인창동,부상신고사고,0,0,0,1,차대사람 - 횡단중,안전운전불이행,포장 - 건조,맑음,교차로 - 교차로안,승용,남,72세,상해없음,보행자,남,13세,부상신고
2021040100100586,2021년 4월 1일 21시,목요일,경기도 광명시 하안동,경상사고,0,0,1,0,차대사람 - 기타,안전운전불이행,포장 - 건조,기타,단일로 - 기타,자전거,남,58세,기타불명,보행자,여,40세,경상
2021040100100607,2021년 4월 1일 22시,목요일,경기도 평택시 안중읍,경상사고,0,0,1,0,차대사람 - 기타,안전운전불이행,포장 - 건조,맑음,기타 - 기타,기타불명,기타불명,미분류,기타불명,보행자,여,27세,경상
2021040100100608,2021년 4월 1일 22시,목요일,경기도 안양시 동안구 관양동,경상사고,0,0,1,0,차대사람 - 길가장자리구역통행중,안전운전불이행,포장 - 건조,맑음,단일로 - 기타,승용,남,55세,상해없음,보행자,남,61세,경상
2021040100100611,2021년 4월 1일 22시,목요일,경기도 부천시 소사본동,중상사고,0,1,0,0,차대사람 - 횡단중,보행자보호의무위반,포장 - 건조,맑음,교차로 - 교차로부근,승용,남,37세,상해없음,보행자,남,53세,중상
2021040100100624,2021년 4월 1일 22시,목요일,경기도 파주시 야당동,경상사고,0,0,1,0,차대사람 - 길가장자리구역통행중,안전운전불이행,포장 - 건조,맑음,단일로 - 기타,승용,남,52세,상해없음,보행자,남,42세,경상
2021040200100031,2021년 4월 2일 04시,금요일,경기도 구리시 교문동,중상사고,0,1,0,0,차대사람 - 기타,기타,포장 - 건조,맑음,단일로 - 기타,승용,남,58세,상해없음,보행자,여,64세,중상
2021040200100083,2021년 4월 2일 08시,금요일,경기도 평택시 동삭동,부상신고사고,0,0,0,1,차대사람 - 기타,안전운전불이행,포장 - 건조,맑음,기타 - 기타,승용,여,37세,상해없음,보행자,남,3세,부상신고
2021040200100125,2021년 4월 2일 09시,금요일,경기도 의왕시 삼동,중상사고,0,1,0,0,차대사람 - 기타,안전운전불이행,포장 - 건조,맑음,단일로 - 기타,승용,남,32세,상해없음,보행자,여,90세,중상
2021040200100153,2021년 4월 2일 10시,금요일,경기도 부천시 원종동,중상사고,0,1,0,0,차대사람 - 기타,안전운전불이행,포장 - 건조,맑음,단일로 - 기타,화물,남,46세,상해없음,보행자,남,77세,중상
2021040200100172,2021년 4월 2일 10시,금요일,경기도 고양시 덕양구 주교동,중상사고,0,1,0,0,차대사람 - 횡단중,보행자보호의무위반,포장 - 건조,맑음,기타 - 기타,승용,여,62세,상해없음,보행자,남,63세,중상
2021040200100181,2021년 4월 2일 11시,금요일,경기도 안산시 상록구 이동,중상사고,0,1,0,0,차대사람 - 기타,안전운전불이행,포장 - 건조,맑음,기타 - 기타,화물,남,54세,상해없음,보행자,여,53세,중상
2021040200100203,2021년 4월 2일 11시,금요일,경기도 고양시 일산동구 마두동,경상사고,0,0,1,0,차대사람 - 차도통행중,안전운전불이행,포장 - 건조,맑음,단일로 - 기타,승용,남,83세,상해없음,보행자,남,29세,경상
2021040200100205,2021년 4월 2일 11시,금요일,경기도 동두천시 송내동,경상사고,0,0,1,0,차대사람 - 기타,안전운전불이행,포장 - 건조,맑음,교차로 - 교차로부근,승합,남,51세,기타불명,보행자,남,4세,경상
2021040200100218,2021년 4월 2일 12시,금요일,경기도 부천시 송내동,중상사고,0,1,1,0,차대사람 - 기타,안전운전불이행,포장 - 건조,맑음,교차로 - 교차로안,승합,남,50세,상해없음,보행자,남,76세,중상
2021040200100294,2021년 4월 2일 14시,금요일,경기도 광주시 태전동,경상사고,0,0,1,0,차대사람 - 기타,안전운전불이행,포장 - 건조,맑음,기타 - 기타,승합,남,23세,상해없음,보행자,남,7세,경상
2021040200100315,2021년 4월 2일 14시,금요일,경기도 남양주시 진접읍,경상사고,0,0,1,0,차대사람 - 기타,안전운전불이행,포장 - 건조,맑음,단일로 - 기타,사륜오토바이(ATV),남,73세,상해없음,보행자,남,65세,경상
2021040200100328,2021년 4월 2일 15시,금요일,경기도 부천시 심곡동,중상사고,0,1,0,0,차대사람 - 기타,기타,포장 - 건조,맑음,단일로 - 기타,개인형이동수단(PM),남,16세,상해없음,보행자,여,74세,중상
2021040200100329,2021년 4월 2일 15시,금요일,경기도 광명시 철산동,중상사고,0,1,0,0,차대사람 - 횡단중,기타,포장 - 건조,맑음,교차로 - 교차로부근,승용,남,23세,상해없음,보행자,남,12세,중상
2021040200100358,2021년 4월 2일 16시,금요일,경기도 평택시 이충동,중상사고,0,1,0,0,차대사람 - 기타,안전운전불이행,포장 - 건조,맑음,단일로 - 기타,승용,남,54세,상해없음,보행자,남,33세,중상
2021040200100362,2021년 4월 2일 16시,금요일,경기도 성남시 중원구 은행동,경상사고,0,0,1,0,차대사람 - 기타,안전운전불이행,포장 - 건조,흐림,단일로 - 기타,승용,남,53세,상해없음,보행자,여,8세,경상
2021040200100393,2021년 4월 2일 16시,금요일,경기도 파주시 상지석동,사망사고,1,0,0,0,차대사람 - 보도통행중,안전운전불이행,포장 - 건조,맑음,교차로 - 교차로안,승용,여,56세,상해없음,보행자,여,77세,사망
2021040200100408,2021년 4월 2일 17시,금요일,경기도 성남시 중원구 은행동,경상사고,0,0,1,0,차대사람 - 횡단중,보행자보호의무위반,포장 - 건조,흐림,단일로 - 기타,승용,남,63세,상해없음,보행자,남,6세,경상
2021040200100459,2021년 4월 2일 18시,금요일,경기도 안양시 만안구 안양동,경상사고,0,0,1,0,차대사람 - 보도통행중,기타,포장 - 건조,맑음,기타 - 기타,개인형이동수단(PM),남,24세,상해없음,보행자,여,67세,경상
2021040200100460,2021년 4월 2일 18시,금요일,경기도 안양시 만안구 안양동,경상사고,0,0,1,0,차대사람 - 보도통행중,기타,포장 - 건조,맑음,기타 - 기타,승용,여,52세,상해없음,보행자,남,55세,경상
2021040200100461,2021년 4월 2일 18시,금요일,경기도 부천시 고강동,중상사고,0,1,0,0,차대사람 - 기타,안전운전불이행,포장 - 건조,맑음,단일로 - 기타,승용,남,26세,상해없음,보행자,여,15세,중상
2021040200100500,2021년 4월 2일 19시,금요일,경기도 성남시 수정구 태평동,경상사고,0,0,1,0,차대사람 - 차도통행중,안전운전불이행,포장 - 건조,맑음,교차로 - 교차로부근,승용,여,27세,상해없음,보행자,남,52세,경상
2021040200100533,2021년 4월 2일 19시,금요일,경기도 고양시 덕양구 행신동,경상사고,0,0,1,0,차대사람 - 기타,보행자보호의무위반,포장 - 건조,맑음,교차로 - 교차로횡단보도내,승용,남,67세,상해없음,보행자,남,60세,경상
2021040200100547,2021년 4월 2일 20시,금요일,경기도 광주시 초월읍,경상사고,0,0,1,0,차대사람 - 차도통행중,안전운전불이행,포장 - 건조,맑음,단일로 - 기타,승용,남,51세,상해없음,보행자,남,38세,경상
2021040200100549,2021년 4월 2일 20시,금요일,경기도 시흥시 정왕동,경상사고,0,0,1,0,차대사람 - 길가장자리구역통행중,안전운전불이행,포장 - 건조,맑음,단일로 - 기타,승합,남,32세,상해없음,보행자,남,51세,경상
2021040200100583,2021년 4월 2일 21시,금요일,경기도 수원시 영통구 하동,중상사고,0,1,0,0,차대사람 - 기타,신호위반,포장 - 건조,맑음,교차로 - 교차로횡단보도내,승용,남,49세,상해없음,보행자,남,37세,중상
2021040300100007,2021년 4월 3일 00시,토요일,경기도 성남시 중원구 성남동,경상사고,0,0,1,0,차대사람 - 기타,안전운전불이행,포장 - 건조,맑음,단일로 - 기타,승용,남,28세,상해없음,보행자,남,40세,경상
2021040300100009,2021년 4월 3일 00시,토요일,경기도 화성시 산척동,부상신고사고,0,0,0,1,차대사람 - 기타,안전운전불이행,포장 - 건조,맑음,교차로 - 교차로부근,승용,남,52세,상해없음,보행자,남,43세,부상신고
2021040300100127,2021년 4월 3일 10시,토요일,경기도 구리시 수택동,경상사고,0,0,1,0,차대사람 - 횡단중,보행자보호의무위반,포장 - 젖음/습기,비,교차로 - 교차로횡단보도내,승용,여,49세,상해없음,보행자,남,26세,경상
2021040300100128,2021년 4월 3일 10시,토요일,경기도 남양주시 오남읍,경상사고,0,0,1,0,차대사람 - 기타,안전운전불이행,포장 - 건조,맑음,단일로 - 기타,승용,남,62세,상해없음,보행자,여,71세,경상
2021040300100143,2021년 4월 3일 11시,토요일,경기도 하남시 신장동,경상사고,0,0,1,0,차대사람 - 기타,안전운전불이행,포장 - 젖음/습기,비,교차로 - 교차로부근,승용,남,60세,상해없음,보행자,남,12세,경상
2021040300100222,2021년 4월 3일 13시,토요일,경기도 성남시 수정구 수진동,중상사고,0,1,0,0,차대사람 - 보도통행중,보행자보호의무위반,포장 - 젖음/습기,비,교차로 - 교차로부근,승용,여,56세,상해없음,보행자,남,65세,중상
2021040300100423,2021년 4월 3일 18시,토요일,경기도 고양시 일산동구 백석동,중상사고,0,1,0,0,차대사람 - 기타,안전운전불이행,포장 - 젖음/습기,비,교차로 - 교차로안,승용,남,27세,상해없음,보행자,남,70세,중상
2021040300100440,2021년 4월 3일 19시,토요일,경기도 안산시 상록구 사동,중상사고,0,1,0,0,차대사람 - 기타,신호위반,포장 - 젖음/습기,비,교차로 - 교차로횡단보도내,승용,여,37세,상해없음,보행자,남,48세,중상
2021040300100469,2021년 4월 3일 19시,토요일,경기도 의정부시 의정부동,경상사고,0,0,1,0,차대사람 - 차도통행중,중앙선침범,포장 - 젖음/습기,비,단일로 - 기타,승용,남,44세,상해없음,보행자,남,26세,경상
2021040300100471,2021년 4월 3일 19시,토요일,경기도 남양주시 화도읍,중상사고,0,1,0,0,차대사람 - 횡단중,안전운전불이행,포장 - 젖음/습기,비,교차로 - 교차로안,이륜,남,56세,상해없음,보행자,남,68세,중상
2021040300100472,2021년 4월 3일 19시,토요일,경기도 파주시 야당동,중상사고,0,1,0,0,차대사람 - 차도통행중,안전운전불이행,포장 - 젖음/습기,비,단일로 - 지하차도(도로)내,승용,남,52세,상해없음,보행자,여,76세,중상
2021040300100479,2021년 4월 3일 20시,토요일,경기도 평택시 서정동,경상사고,0,0,1,0,차대사람 - 횡단중,안전운전불이행,포장 - 젖음/습기,비,교차로 - 교차로횡단보도내,이륜,남,27세,상해없음,보행자,남,68세,경상
2021040300100480,2021년 4월 3일 20시,토요일,경기도 이천시 창전동,중상사고,0,1,0,0,차대사람 - 횡단중,안전운전불이행,포장 - 젖음/습기,비,교차로 - 교차로횡단보도내,승용,여,40세,상해없음,보행자,남,69세,중상
2021040300100481,2021년 4월 3일 20시,토요일,경기도 부천시 소사본동,경상사고,0,0,1,0,차대사람 - 기타,안전운전불이행,포장 - 젖음/습기,맑음,교차로 - 교차로부근,승용,남,58세,상해없음,보행자,남,16세,경상
2021040300100513,2021년 4월 3일 20시,토요일,경기도 의정부시 의정부동,중상사고,0,1,0,0,차대사람 - 기타,안전운전불이행,포장 - 건조,맑음,기타 - 기타,승합,남,46세,상해없음,보행자,여,55세,중상
2021040300100523,2021년 4월 3일 21시,토요일,경기도 김포시 운양동,중상사고,0,1,0,0,차대사람 - 보도통행중,신호위반,포장 - 젖음/습기,비,단일로 - 기타,이륜,남,47세,상해없음,보행자,남,15세,중상
2021040300100525,2021년 4월 3일 21시,토요일,경기도 안산시 단원구 원곡동,경상사고,0,0,1,0,차대사람 - 횡단중,신호위반,포장 - 젖음/습기,비,교차로 - 교차로안,원동기,남,40세,상해없음,보행자,남,55세,경상
2021040300100531,2021년 4월 3일 21시,토요일,경기도 화성시 병점동,중상사고,0,1,0,0,차대사람 - 횡단중,보행자보호의무위반,포장 - 젖음/습기,비,교차로 - 교차로횡단보도내,이륜,남,17세,상해없음,보행자,남,57세,중상
2021040300100571,2021년 4월 3일 22시,토요일,경기도 안양시 동안구 평촌동,중상사고,0,1,0,0,차대사람 - 횡단중,신호위반,포장 - 젖음/습기,비,교차로 - 교차로횡단보도내,원동기,남,46세,상해없음,보행자,남,22세,중상
2021040300100574,2021년 4월 3일 22시,토요일,경기도 이천시 창전동,중상사고,0,1,0,0,차대사람 - 횡단중,안전운전불이행,포장 - 젖음/습기,비,단일로 - 기타,이륜,남,49세,상해없음,보행자,남,58세,중상
2021040300100578,2021년 4월 3일 22시,토요일,경기도 성남시 중원구 은행동,경상사고,0,0,1,0,차대사람 - 차도통행중,안전운전불이행,포장 - 젖음/습기,비,단일로 - 기타,승용,남,61세,상해없음,보행자,남,51세,경상
2021040300100579,2021년 4월 3일 22시,토요일,경기도 성남시 분당구 수내동,경상사고,0,0,1,0,차대사람 - 기타,안전운전불이행,포장 - 젖음/습기,흐림,기타 - 기타,승용,여,48세,상해없음,보행자,남,29세,경상
2021040300100603,2021년 4월 3일 22시,토요일,경기도 구리시 교문동,중상사고,0,1,0,0,차대사람 - 차도통행중,안전운전불이행,포장 - 젖음/습기,비,교차로 - 교차로안,승용,남,50세,상해없음,보행자,남,61세,중상
2021040300100614,2021년 4월 3일 23시,토요일,경기도 시흥시 거모동,경상사고,0,0,1,0,차대사람 - 횡단중,보행자보호의무위반,포장 - 건조,맑음,교차로 - 교차로횡단보도내,승용,여,41세,상해없음,보행자,남,52세,경상
2021040300100631,2021년 4월 3일 23시,토요일,경기도 고양시 덕양구 화정동,경상사고,0,0,1,0,차대사람 - 차도통행중,안전운전불이행,포장 - 건조,맑음,단일로 - 기타,승용,남,33세,상해없음,보행자,남,24세,경상
2021040400100004,2021년 4월 4일 00시,일요일,경기도 평택시 진위면,중상사고,0,1,0,0,차대사람 - 기타,안전운전불이행,포장 - 젖음/습기,비,단일로 - 기타,승용,남,68세,상해없음,보행자,남,41세,중상
2021040400100082,2021년 4월 4일 09시,일요일,경기도 의정부시 의정부동,중상사고,0,1,0,0,차대사람 - 차도통행중,안전운전불이행,포장 - 건조,맑음,단일로 - 기타,승용,남,34세,상해없음,보행자,남,63세,중상
2021040400100088,2021년 4월 4일 10시,일요일,경기도 성남시 중원구 상대원동,부상신고사고,0,0,0,1,차대사람 - 횡단중,신호위반,포장 - 건조,맑음,단일로 - 기타,자전거,남,69세,상해없음,보행자,여,62세,부상신고
2021040400100121,2021년 4월 4일 12시,일요일,경기도 성남시 수정구 창곡동,중상사고,0,1,0,0,차대사람 - 기타,안전운전불이행,포장 - 건조,맑음,단일로 - 기타,자전거,남,68세,상해없음,보행자,남,63세,중상
2021040400100123,2021년 4월 4일 12시,일요일,경기도 시흥시 은행동,경상사고,0,0,1,0,차대사람 - 기타,안전운전불이행,포장 - 건조,맑음,단일로 - 기타,승용,여,51세,상해없음,보행자,여,16세,경상
2021040400100148,2021년 4월 4일 13시,일요일,경기도 수원시 권선구 세류동,중상사고,0,1,0,0,차대사람 - 차도통행중,안전운전불이행,포장 - 건조,맑음,기타 - 기타,승용,남,31세,상해없음,보행자,여,52세,중상
2021040400100176,2021년 4월 4일 14시,일요일,경기도 용인시 기흥구 언남동,경상사고,0,0,1,0,차대사람 - 기타,안전운전불이행,포장 - 건조,맑음,기타 - 기타,승용,여,25세,상해없음,보행자,남,48세,경상
2021040400100199,2021년 4월 4일 14시,일요일,경기도 고양시 일산서구 대화동,부상신고사고,0,0,0,1,차대사람 - 기타,기타,포장 - 건조,맑음,단일로 - 기타,자전거,기타불명,미분류,기타불명,보행자,남,39세,부상신고
2021040400100215,2021년 4월 4일 15시,일요일,경기도 수원시 팔달구 화서동,경상사고,0,0,1,0,차대사람 - 기타,안전운전불이행,포장 - 건조,맑음,단일로 - 기타,승용,여,30세,상해없음,보행자,여,7세,경상
2021040400100216,2021년 4월 4일 15시,일요일,경기도 성남시 수정구 태평동,중상사고,0,1,1,0,차대사람 - 기타,안전운전불이행,포장 - 건조,맑음,단일로 - 기타,자전거,남,48세,중상,보행자,여,32세,경상
2021040400100225,2021년 4월 4일 15시,일요일,경기도 안양시 만안구 석수동,경상사고,0,0,1,0,차대사람 - 횡단중,안전운전불이행,포장 - 건조,맑음,교차로 - 교차로부근,승용,남,51세,상해없음,보행자,남,20세,경상
2021040400100249,2021년 4월 4일 16시,일요일,경기도 부천시 소사본동,경상사고,0,0,1,0,차대사람 - 횡단중,신호위반,포장 - 건조,맑음,교차로 - 교차로안,이륜,남,24세,상해없음,보행자,남,47세,경상
2021040400100375,2021년 4월 4일 21시,일요일,경기도 수원시 장안구 파장동,중상사고,0,1,0,0,차대사람 - 횡단중,안전운전불이행,포장 - 건조,맑음,단일로 - 기타,승용,남,31세,상해없음,보행자,남,61세,중상
2021040500100008,2021년 4월 5일 00시,월요일,경기도 고양시 일산서구 주엽동,경상사고,0,0,1,0,차대사람 - 기타,기타,포장 - 건조,맑음,교차로 - 교차로안,승합,남,53세,상해없음,보행자,남,58세,경상
2021040500100066,2021년 4월 5일 07시,월요일,경기도 하남시 감북동,경상사고,0,0,1,0,차대사람 - 기타,안전운전불이행,포장 - 건조,맑음,단일로 - 기타,화물,남,50세,상해없음,보행자,남,38세,경상
2021040500100089,2021년 4월 5일 08시,월요일,경기도 평택시 안중읍,경상사고,0,0,1,0,차대사람 - 횡단중,보행자보호의무위반,포장 - 건조,맑음,교차로 - 교차로횡단보도내,승용,여,24세,상해없음,보행자,여,62세,경상
2021040500100090,2021년 4월 5일 08시,월요일,경기도 부천시 소사본동,경상사고,0,0,1,0,차대사람 - 횡단중,보행자보호의무위반,포장 - 건조,맑음,교차로 - 교차로횡단보도내,승용,남,50세,상해없음,보행자,남,58세,경상
2021040500100091,2021년 4월 5일 08시,월요일,경기도 부천시 역곡동,경상사고,0,0,1,0,차대사람 - 기타,신호위반,포장 - 건조,맑음,단일로 - 기타,이륜,남,67세,상해없음,보행자,여,45세,경상
2021040500100142,2021년 4월 5일 09시,월요일,경기도 수원시 장안구 율전동,경상사고,0,0,1,0,차대사람 - 횡단중,보행자보호의무위반,포장 - 건조,맑음,교차로 - 교차로안,화물,남,36세,상해없음,보행자,여,68세,경상
2021040500100143,2021년 4월 5일 09시,월요일,경기도 양평군 용문면,부상신고사고,0,0,0,1,차대사람 - 기타,보행자보호의무위반,포장 - 건조,맑음,교차로 - 교차로횡단보도내,승합,남,55세,상해없음,보행자,남,77세,부상신고
2021040500100184,2021년 4월 5일 10시,월요일,경기도 오산시 갈곶동,중상사고,0,1,0,0,차대사람 - 기타,안전운전불이행,포장 - 건조,맑음,교차로 - 교차로안,승용,여,55세,상해없음,보행자,남,77세,중상
2021040500100238,2021년 4월 5일 11시,월요일,경기도 고양시 덕양구 성사동,중상사고,0,1,0,0,차대사람 - 차도통행중,안전운전불이행,포장 - 건조,맑음,단일로 - 기타,화물,남,59세,상해없음,보행자,여,64세,중상
2021040500100278,2021년 4월 5일 13시,월요일,경기도 하남시 망월동,경상사고,0,0,1,0,차대사람 - 보도통행중,보행자보호의무위반,포장 - 건조,맑음,교차로 - 교차로횡단보도내,개인형이동수단(PM),남,43세,상해없음,보행자,여,22세,경상
2021040500100308,2021년 4월 5일 14시,월요일,경기도 이천시 중리동,경상사고,0,0,1,0,차대사람 - 기타,안전운전불이행,포장 - 건조,맑음,단일로 - 기타,승합,남,41세,상해없음,보행자,여,26세,경상
2021040500100360,2021년 4월 5일 15시,월요일,경기도 평택시 진위면,중상사고,0,1,0,0,차대사람 - 기타,안전운전불이행,포장 - 건조,맑음,단일로 - 기타,승용,남,36세,상해없음,보행자,여,69세,중상
2021040500100362,2021년 4월 5일 15시,월요일,경기도 부천시 괴안동,경상사고,0,0,1,0,차대사람 - 횡단중,안전운전불이행,포장 - 건조,맑음,교차로 - 교차로안,승용,남,74세,기타불명,보행자,여,13세,경상
2021040500100364,2021년 4월 5일 15시,월요일,경기도 성남시 분당구 운중동,경상사고,0,0,1,0,차대사람 - 기타,안전운전불이행,포장 - 건조,맑음,미분류 - 미분류,승합,남,61세,상해없음,보행자,여,75세,경상
2021040500100388,2021년 4월 5일 15시,월요일,경기도 의정부시 호원동,경상사고,0,0,1,0,차대사람 - 횡단중,보행자보호의무위반,포장 - 건조,맑음,단일로 - 기타,화물,남,41세,상해없음,보행자,남,7세,경상
2021040500100408,2021년 4월 5일 16시,월요일,경기도 성남시 분당구 운중동,경상사고,0,0,1,0,차대사람 - 기타,안전운전불이행,포장 - 건조,맑음,단일로 - 기타,승용,남,59세,상해없음,보행자,여,75세,경상
2021040500100437,2021년 4월 5일 16시,월요일,경기도 가평군 청평면,경상사고,0,0,1,0,차대사람 - 횡단중,보행자보호의무위반,포장 - 건조,맑음,교차로 - 교차로횡단보도내,화물,남,60세,상해없음,보행자,여,51세,경상
2021040500100449,2021년 4월 5일 17시,월요일,경기도 수원시 장안구 율전동,중상사고,0,1,0,0,차대사람 - 기타,안전운전불이행,포장 - 건조,맑음,교차로 - 교차로부근,이륜,남,23세,상해없음,보행자,여,23세,중상
2021040500100451,2021년 4월 5일 17시,월요일,경기도 안양시 동안구 관양동,경상사고,0,0,1,0,차대사람 - 기타,안전운전불이행,포장 - 건조,맑음,기타 - 기타,승용,여,25세,상해없음,보행자,여,27세,경상
2021040500100503,2021년 4월 5일 18시,월요일,경기도 부천시 심곡동,경상사고,0,0,1,0,차대사람 - 기타,안전운전불이행,포장 - 건조,맑음,기타 - 기타,개인형이동수단(PM),여,13세,상해없음,보행자,남,49세,경상
2021040500100505,2021년 4월 5일 18시,월요일,경기도 시흥시 신천동,중상사고,0,1,0,0,차대사람 - 기타,교차로운행방법위반,포장 - 건조,맑음,교차로 - 교차로안,화물,남,35세,상해없음,보행자,남,70세,중상
2021040500100553,2021년 4월 5일 19시,월요일,경기도 안산시 상록구 본오동,부상신고사고,0,0,0,1,차대사람 - 횡단중,보행자보호의무위반,포장 - 건조,맑음,교차로 - 교차로횡단보도내,기타불명,기타불명,미분류,기타불명,보행자,여,9세,부상신고
2021040500100556,2021년 4월 5일 19시,월요일,경기도 화성시 산척동,중상사고,0,1,0,0,차대사람 - 횡단중,신호위반,포장 - 건조,맑음,교차로 - 교차로횡단보도내,승용,남,45세,상해없음,보행자,남,9세,중상