사고번호,사고일시,요일,시군구,사고내용,사망자수,중상자수,경상자수,부상신고자수,사고유형,법규위반,노면상태,기상상태,도로형태,가해운전자 차종,가해운전자 성별,가해운전자 연령,가해운전자 상해정도,피해운전자 차종,피해운전자 성별,피해운전자 연령,피해운전자 상해정도
2021040500100589,2021년 4월 5일 20시,월요일,경기도 평택시 통복동,중상사고,0,1,0,0,차대사람 - 기타,안전운전불이행,포장 - 건조,맑음,단일로 - 기타,승용,남,30세,기타불명,보행자,여,48세,중상
2021040500100590,2021년 4월 5일 20시,월요일,경기도 김포시 월곶면,중상사고,0,1,0,0,차대사람 - 횡단중,보행자보호의무위반,포장 - 건조,맑음,교차로 - 교차로횡단보도내,승용,남,41세,상해없음,보행자,남,65세,중상
2021040500100647,2021년 4월 5일 22시,월요일,경기도 수원시 영통구 원천동,경상사고,0,0,1,0,차대사람 - 기타,기타,포장 - 건조,맑음,단일로 - 기타,개인형이동수단(PM),남,35세,상해없음,보행자,남,19세,경상
2021040600100008,2021년 4월 6일 01시,화요일,경기도 평택시 오성면,경상사고,0,0,1,0,차대사람 - 기타,안전운전불이행,포장 - 건조,맑음,단일로 - 기타,승용,남,65세,상해없음,보행자,여,23세,경상
2021040600100020,2021년 4월 6일 05시,화요일,경기도 군포시 산본동,경상사고,0,0,1,0,차대사람 - 횡단중,안전운전불이행,포장 - 건조,맑음,교차로 - 교차로부근,승용,남,58세,상해없음,보행자,여,27세,경상
2021040600100045,2021년 4월 6일 07시,화요일,경기도 오산시 원동,중상사고,0,1,0,0,차대사람 - 횡단중,보행자보호의무위반,포장 - 건조,맑음,교차로 - 교차로안,승용,남,60세,상해없음,보행자,남,52세,중상
2021040600100065,2021년 4월 6일 07시,화요일,경기도 의정부시 의정부동,중상사고,0,1,0,0,차대사람 - 횡단중,안전운전불이행,포장 - 건조,맑음,교차로 - 교차로부근,승용,남,67세,상해없음,보행자,여,66세,중상
2021040600100067,2021년 4월 6일 07시,화요일,경기도 고양시 일산서구 탄현동,중상사고,0,1,0,0,차대사람 - 횡단중,안전운전불이행,포장 - 건조,맑음,단일로 - 기타,이륜,남,29세,상해없음,보행자,여,74세,중상
2021040600100133,2021년 4월 6일 10시,화요일,경기도 수원시 팔달구 팔달로3가,경상사고,0,0,1,0,차대사람 - 횡단중,신호위반,포장 - 건조,맑음,단일로 - 기타,승용,남,57세,상해없음,보행자,여,22세,경상
2021040600100157,2021년 4월 6일 10시,화요일,경기도 의정부시 민락동,경상사고,0,0,1,0,차대사람 - 길가장자리구역통행중,안전운전불이행,포장 - 건조,맑음,교차로 - 교차로안,승용,남,71세,상해없음,보행자,남,50세,경상
2021040600100168,2021년 4월 6일 11시,화요일,경기도 부천시 중동,중상사고,0,1,0,0,차대사람 - 기타,기타,포장 - 건조,맑음,교차로 - 교차로안,자전거,여,61세,상해없음,보행자,여,73세,중상
2021040600100224,2021년 4월 6일 12시,화요일,경기도 포천시 소흘읍,경상사고,0,0,1,0,차대사람 - 횡단중,안전운전불이행,포장 - 건조,맑음,단일로 - 기타,원동기,남,50세,상해없음,보행자,여,41세,경상
2021040600100231,2021년 4월 6일 13시,화요일,경기도 부천시 심곡동,경상사고,0,0,1,0,차대사람 - 기타,보행자보호의무위반,포장 - 건조,맑음,교차로 - 교차로횡단보도내,승용,남,62세,상해없음,보행자,여,29세,경상
2021040600100252,2021년 4월 6일 14시,화요일,경기도 성남시 수정구 수진동,경상사고,0,0,1,0,차대사람 - 횡단중,보행자보호의무위반,포장 - 건조,맑음,단일로 - 기타,승용,남,40세,상해없음,보행자,남,48세,경상
2021040600100254,2021년 4월 6일 14시,화요일,경기도 김포시 북변동,경상사고,0,0,1,0,차대사람 - 기타,안전운전불이행,포장 - 건조,맑음,기타 - 기타,승용,여,32세,상해없음,보행자,남,42세,경상
2021040600100256,2021년 4월 6일 14시,화요일,경기도 군포시 산본동,중상사고,0,1,0,0,차대사람 - 횡단중,신호위반,포장 - 건조,맑음,단일로 - 기타,승용,여,55세,상해없음,보행자,남,78세,중상
2021040600100294,2021년 4월 6일 15시,화요일,경기도 성남시 수정구 수진동,경상사고,0,0,1,0,차대사람 - 횡단중,보행자보호의무위반,포장 - 건조,맑음,교차로 - 교차로부근,화물,여,50세,상해없음,보행자,여,69세,경상
2021040600100298,2021년 4월 6일 15시,화요일,경기도 안산시 상록구 본오동,부상신고사고,0,0,0,1,차대사람 - 기타,안전운전불이행,포장 - 건조,맑음,교차로 - 교차로안,화물,남,55세,상해없음,보행자,남,62세,부상신고
2021040600100300,2021년 4월 6일 15시,화요일,경기도 용인시 수지구 풍덕천동,중상사고,0,1,1,0,차대사람 - 횡단중,신호위반,포장 - 건조,맑음,교차로 - 교차로안,개인형이동수단(PM),남,26세,중상,보행자,여,44세,경상
2021040600100330,2021년 4월 6일 16시,화요일,경기도 수원시 장안구 정자동,경상사고,0,0,1,0,차대사람 - 보도통행중,보행자보호의무위반,포장 - 건조,맑음,교차로 - 교차로횡단보도내,승용,여,56세,상해없음,보행자,남,54세,경상
2021040600100331,2021년 4월 6일 16시,화요일,경기도 성남시 수정구 태평동,중상사고,0,1,1,0,차대사람 - 횡단중,안전운전불이행,포장 - 건조,맑음,교차로 - 교차로안,승합,남,56세,상해없음,보행자,여,74세,중상
2021040600100377,2021년 4월 6일 17시,화요일,경기도 수원시 영통구 매탄동,경상사고,0,0,1,0,차대사람 - 기타,안전운전불이행,포장 - 건조,맑음,단일로 - 기타,승용,여,68세,상해없음,보행자,여,41세,경상
2021040600100416,2021년 4월 6일 18시,화요일,경기도 화성시 산척동,경상사고,0,0,1,0,차대사람 - 보도통행중,기타,포장 - 건조,맑음,단일로 - 기타,자전거,남,15세,상해없음,보행자,여,29세,경상
2021040600100443,2021년 4월 6일 18시,화요일,경기도 구리시 수택동,경상사고,0,0,1,0,차대사람 - 기타,안전운전불이행,포장 - 건조,맑음,단일로 - 기타,승용,남,63세,상해없음,보행자,여,14세,경상
2021040600100468,2021년 4월 6일 19시,화요일,경기도 안산시 상록구 사동,중상사고,0,1,0,0,차대사람 - 차도통행중,안전운전불이행,포장 - 건조,맑음,단일로 - 기타,자전거,기타불명,미분류,기타불명,보행자,여,65세,중상
2021040600100504,2021년 4월 6일 20시,화요일,경기도 화성시 안녕동,중상사고,0,1,0,1,차대사람 - 기타,보행자보호의무위반,포장 - 건조,맑음,교차로 - 교차로횡단보도내,이륜,남,49세,부상신고,보행자,남,52세,중상
2021040700100012,2021년 4월 7일 02시,수요일,경기도 성남시 수정구 산성동,중상사고,0,1,0,0,차대사람 - 기타,안전운전불이행,포장 - 건조,맑음,기타 - 기타,승용,남,51세,상해없음,보행자,남,63세,중상
2021040700100013,2021년 4월 7일 02시,수요일,경기도 광주시 오포읍,중상사고,0,1,0,0,차대사람 - 기타,기타,포장 - 건조,맑음,기타 - 기타,승용,여,66세,상해없음,보행자,남,64세,중상
2021040700100016,2021년 4월 7일 03시,수요일,경기도 안성시 보개면,사망사고,1,0,0,0,차대사람 - 횡단중,안전운전불이행,포장 - 건조,맑음,단일로 - 기타,화물,남,54세,상해없음,보행자,남,36세,사망
2021040700100039,2021년 4월 7일 06시,수요일,경기도 파주시 금촌동,중상사고,0,1,0,0,차대사람 - 길가장자리구역통행중,안전운전불이행,포장 - 건조,맑음,단일로 - 기타,승용,남,63세,상해없음,보행자,남,75세,중상
2021040700100040,2021년 4월 7일 06시,수요일,경기도 양주시 덕계동,경상사고,0,0,1,0,차대사람 - 기타,안전운전불이행,포장 - 건조,맑음,단일로 - 기타,승용,남,59세,상해없음,보행자,남,61세,경상
2021040700100047,2021년 4월 7일 07시,수요일,경기도 부천시 괴안동,경상사고,0,0,2,0,차대사람 - 횡단중,보행자보호의무위반,포장 - 건조,맑음,단일로 - 기타,승용,남,37세,상해없음,보행자,여,35세,경상
2021040700100119,2021년 4월 7일 09시,수요일,경기도 평택시 팽성읍,경상사고,0,0,1,0,차대사람 - 기타,교차로운행방법위반,포장 - 건조,맑음,교차로 - 교차로안,건설기계,남,49세,상해없음,보행자,남,77세,경상
2021040700100121,2021년 4월 7일 09시,수요일,경기도 성남시 중원구 상대원동,경상사고,0,0,1,0,차대사람 - 기타,안전운전불이행,포장 - 건조,맑음,기타 - 기타,화물,남,44세,상해없음,보행자,여,78세,경상
2021040700100154,2021년 4월 7일 10시,수요일,경기도 시흥시 정왕동,중상사고,0,1,0,0,차대사람 - 차도통행중,안전운전불이행,포장 - 건조,맑음,단일로 - 기타,승용,남,68세,상해없음,보행자,여,60세,중상
2021040700100185,2021년 4월 7일 11시,수요일,경기도 안산시 단원구 선부동,사망사고,1,0,0,0,차대사람 - 횡단중,교차로운행방법위반,포장 - 건조,맑음,교차로 - 교차로안,승용,남,43세,상해없음,보행자,남,85세,사망
2021040700100186,2021년 4월 7일 11시,수요일,경기도 의왕시 내손동,중상사고,0,1,0,0,차대사람 - 횡단중,신호위반,포장 - 건조,맑음,교차로 - 교차로안,화물,남,55세,상해없음,보행자,여,72세,중상
2021040700100202,2021년 4월 7일 11시,수요일,경기도 고양시 일산동구 정발산동,중상사고,0,1,0,0,차대사람 - 기타,안전운전불이행,포장 - 건조,맑음,단일로 - 기타,자전거,남,22세,상해없음,보행자,여,46세,중상
2021040700100204,2021년 4월 7일 11시,수요일,경기도 고양시 일산서구 주엽동,경상사고,0,0,1,0,차대사람 - 횡단중,보행자보호의무위반,포장 - 건조,맑음,교차로 - 교차로횡단보도내,화물,남,59세,상해없음,보행자,남,40세,경상
2021040700100265,2021년 4월 7일 13시,수요일,경기도 고양시 덕양구 행신동,중상사고,0,1,0,0,차대사람 - 횡단중,안전운전불이행,포장 - 건조,맑음,교차로 - 교차로부근,이륜,남,44세,상해없음,보행자,여,18세,중상
2021040700100266,2021년 4월 7일 13시,수요일,경기도 양주시 백석읍,중상사고,0,1,0,0,차대사람 - 횡단중,보행자보호의무위반,포장 - 건조,맑음,교차로 - 교차로횡단보도내,승용,여,56세,상해없음,보행자,여,71세,중상
2021040700100320,2021년 4월 7일 15시,수요일,경기도 안산시 상록구 수암동,중상사고,0,1,0,0,차대사람 - 기타,안전운전불이행,포장 - 건조,맑음,교차로 - 교차로안,화물,남,58세,상해없음,보행자,여,80세,중상
2021040700100362,2021년 4월 7일 16시,수요일,경기도 광주시 남한산성면,경상사고,0,0,1,0,차대사람 - 횡단중,보행자보호의무위반,포장 - 건조,맑음,기타 - 기타,승용,여,67세,상해없음,보행자,남,10세,경상
2021040700100364,2021년 4월 7일 16시,수요일,경기도 양평군 양평읍,경상사고,0,0,1,0,차대사람 - 보도통행중,안전운전불이행,포장 - 건조,맑음,단일로 - 기타,승용,여,49세,기타불명,보행자,여,13세,경상
2021040700100366,2021년 4월 7일 16시,수요일,경기도 용인시 수지구 풍덕천동,경상사고,0,0,1,0,차대사람 - 보도통행중,기타,포장 - 건조,맑음,기타 - 기타,승용,여,44세,상해없음,보행자,남,22세,경상
2021040700100394,2021년 4월 7일 16시,수요일,경기도 고양시 덕양구 대자동,중상사고,0,1,0,0,차대사람 - 길가장자리구역통행중,안전운전불이행,포장 - 건조,맑음,단일로 - 기타,승합,여,65세,상해없음,보행자,여,68세,중상
2021040700100410,2021년 4월 7일 17시,수요일,경기도 부천시 중동,경상사고,0,0,1,0,차대사람 - 기타,안전운전불이행,포장 - 건조,맑음,기타 - 기타,개인형이동수단(PM),여,18세,상해없음,보행자,여,44세,경상
2021040700100415,2021년 4월 7일 17시,수요일,경기도 안양시 만안구 안양동,경상사고,0,0,1,0,차대사람 - 횡단중,신호위반,포장 - 건조,맑음,교차로 - 교차로횡단보도내,이륜,남,32세,상해없음,보행자,여,7세,경상
2021040700100512,2021년 4월 7일 19시,수요일,경기도 평택시 평택동,경상사고,0,0,1,0,차대사람 - 기타,안전운전불이행,포장 - 건조,맑음,교차로 - 교차로횡단보도내,승합,남,53세,상해없음,보행자,여,66세,경상
2021040700100547,2021년 4월 7일 19시,수요일,경기도 고양시 덕양구 화정동,중상사고,0,1,0,0,차대사람 - 횡단중,신호위반,포장 - 기타,맑음,교차로 - 교차로안,승용,남,68세,상해없음,보행자,여,56세,중상
2021040700100556,2021년 4월 7일 20시,수요일,경기도 평택시 서탄면,중상사고,0,1,0,0,차대사람 - 기타,안전운전불이행,포장 - 건조,맑음,단일로 - 기타,승용,남,27세,상해없음,보행자,남,63세,중상
2021040700100570,2021년 4월 7일 20시,수요일,경기도 파주시 광탄면,중상사고,0,1,0,0,차대사람 - 길가장자리구역통행중,안전운전불이행,포장 - 건조,맑음,단일로 - 지하차도(도로)내,승용,남,49세,상해없음,보행자,남,58세,중상
2021040700100581,2021년 4월 7일 21시,수요일,경기도 광주시 경안동,경상사고,0,0,1,0,차대사람 - 기타,안전운전불이행,포장 - 건조,맑음,단일로 - 기타,원동기,남,17세,상해없음,보행자,여,27세,경상
2021040700100582,2021년 4월 7일 21시,수요일,경기도 여주시 교동,경상사고,0,0,1,0,차대사람 - 횡단중,보행자보호의무위반,포장 - 건조,맑음,단일로 - 기타,승용,남,38세,상해없음,보행자,남,52세,경상
2021040700100584,2021년 4월 7일 21시,수요일,경기도 안산시 단원구 고잔동,경상사고,0,0,1,0,차대사람 - 기타,기타,포장 - 건조,맑음,기타 - 기타,승용,남,35세,상해없음,보행자,여,33세,경상
2021040700100586,2021년 4월 7일 21시,수요일,경기도 화성시 봉담읍,경상사고,0,0,1,0,차대사람 - 보도통행중,안전운전불이행,포장 - 건조,맑음,단일로 - 기타,승합,남,57세,상해없음,보행자,여,40세,경상
2021040700100618,2021년 4월 7일 22시,수요일,경기도 용인시 처인구 역북동,중상사고,0,1,1,0,차대사람 - 횡단중,안전운전불이행,포장 - 건조,맑음,교차로 - 교차로횡단보도내,승용,여,33세,상해없음,보행자,남,22세,중상
2021040700100620,2021년 4월 7일 22시,수요일,경기도 성남시 중원구 성남동,경상사고,0,0,1,0,차대사람 - 기타,안전운전불이행,포장 - 건조,기타,단일로 - 기타,원동기,남,24세,상해없음,보행자,남,19세,경상
2021040700100629,2021년 4월 7일 22시,수요일,경기도 고양시 일산동구 장항동,중상사고,0,1,0,0,차대사람 - 횡단중,안전운전불이행,포장 - 건조,맑음,단일로 - 기타,이륜,남,48세,상해없음,보행자,여,61세,중상
2021040800100004,2021년 4월 8일 00시,목요일,경기도 성남시 중원구 금광동,경상사고,0,0,1,1,차대사람 - 보도통행중,신호위반,포장 - 건조,기타,교차로 - 교차로횡단보도내,승용,남,66세,상해없음,보행자,남,16세,경상
2021040800100059,2021년 4월 8일 07시,목요일,경기도 안성시 석정동,중상사고,0,1,0,0,차대사람 - 기타,안전운전불이행,포장 - 건조,맑음,단일로 - 기타,승용,남,72세,상해없음,보행자,여,73세,중상
2021040800100095,2021년 4월 8일 08시,목요일,경기도 시흥시 정왕동,중상사고,0,1,0,0,차대사람 - 횡단중,신호위반,포장 - 건조,맑음,단일로 - 기타,승용,여,37세,상해없음,보행자,여,36세,중상
2021040800100155,2021년 4월 8일 09시,목요일,경기도 의정부시 금오동,경상사고,0,0,1,0,차대사람 - 기타,안전운전불이행,포장 - 건조,맑음,기타 - 기타,승합,남,72세,상해없음,보행자,남,65세,경상
2021040800100166,2021년 4월 8일 10시,목요일,경기도 안성시 공도읍,경상사고,0,0,1,0,차대사람 - 기타,안전운전불이행,포장 - 건조,맑음,기타 - 기타,이륜,남,17세,상해없음,보행자,여,19세,경상
2021040800100167,2021년 4월 8일 10시,목요일,경기도 김포시 고촌읍,경상사고,0,0,1,0,차대사람 - 기타,안전운전불이행,포장 - 건조,맑음,단일로 - 기타,승합,남,61세,상해없음,보행자,여,65세,경상
2021040800100169,2021년 4월 8일 10시,목요일,경기도 안산시 단원구 고잔동,경상사고,0,0,1,0,차대사람 - 기타,안전운전불이행,포장 - 건조,맑음,기타 - 기타,기타불명,기타불명,미분류,기타불명,보행자,여,25세,경상
2021040800100170,2021년 4월 8일 10시,목요일,경기도 안양시 만안구 안양동,중상사고,0,1,0,0,차대사람 - 기타,안전운전불이행,포장 - 건조,맑음,기타 - 기타,승용,남,48세,상해없음,보행자,여,78세,중상
2021040800100204,2021년 4월 8일 11시,목요일,경기도 수원시 팔달구 화서동,경상사고,0,0,1,0,차대사람 - 기타,안전운전불이행,포장 - 건조,맑음,교차로 - 교차로안,승용,남,33세,상해없음,보행자,여,26세,경상
2021040800100264,2021년 4월 8일 13시,목요일,경기도 광주시 초월읍,중상사고,0,1,0,0,차대사람 - 기타,신호위반,포장 - 건조,맑음,교차로 - 교차로부근,화물,남,44세,상해없음,보행자,남,73세,중상
2021040800100288,2021년 4월 8일 13시,목요일,경기도 남양주시 진건읍,중상사고,0,1,0,0,차대사람 - 횡단중,안전운전불이행,포장 - 건조,맑음,단일로 - 기타,화물,남,55세,상해없음,보행자,여,11세,중상
2021040800100289,2021년 4월 8일 13시,목요일,경기도 남양주시 진접읍,중상사고,0,1,0,0,차대사람 - 기타,안전운전불이행,포장 - 건조,맑음,단일로 - 기타,자전거,남,16세,상해없음,보행자,여,80세,중상
2021040800100301,2021년 4월 8일 14시,목요일,경기도 수원시 장안구 정자동,중상사고,0,1,0,0,차대사람 - 횡단중,안전운전불이행,포장 - 건조,맑음,교차로 - 교차로안,승합,남,65세,상해없음,보행자,여,7세,중상
2021040800100307,2021년 4월 8일 14시,목요일,경기도 성남시 분당구 수내동,경상사고,0,0,1,0,차대사람 - 보도통행중,보행자보호의무위반,포장 - 건조,맑음,기타 - 기타,화물,남,38세,상해없음,보행자,남,66세,경상
2021040800100374,2021년 4월 8일 16시,목요일,경기도 오산시 오산동,경상사고,0,0,1,0,차대사람 - 기타,보행자보호의무위반,포장 - 건조,맑음,교차로 - 교차로안,승용,남,71세,상해없음,보행자,여,44세,경상
2021040800100376,2021년 4월 8일 16시,목요일,경기도 수원시 권선구 권선동,경상사고,0,0,1,0,차대사람 - 길가장자리구역통행중,안전운전불이행,포장 - 건조,맑음,단일로 - 기타,승용,여,49세,상해없음,보행자,여,62세,경상
2021040800100377,2021년 4월 8일 16시,목요일,경기도 성남시 분당구 수내동,중상사고,0,1,0,0,차대사람 - 횡단중,안전운전불이행,포장 - 건조,맑음,단일로 - 기타,이륜,남,28세,상해없음,보행자,여,75세,중상
2021040800100380,2021년 4월 8일 16시,목요일,경기도 화성시 봉담읍,경상사고,0,0,1,0,차대사람 - 횡단중,보행자보호의무위반,포장 - 건조,맑음,교차로 - 교차로횡단보도내,승용,남,26세,상해없음,보행자,여,49세,경상
2021040800100381,2021년 4월 8일 16시,목요일,경기도 화성시 오산동,경상사고,0,0,1,0,차대사람 - 기타,보행자보호의무위반,포장 - 건조,맑음,교차로 - 교차로안,승용,여,45세,상해없음,보행자,남,5세,경상
2021040800100402,2021년 4월 8일 16시,목요일,경기도 고양시 덕양구 성사동,경상사고,0,0,1,0,차대사람 - 기타,안전운전불이행,포장 - 건조,맑음,기타 - 기타,승용,남,50세,상해없음,보행자,남,47세,경상
2021040800100403,2021년 4월 8일 16시,목요일,경기도 남양주시 진접읍,경상사고,0,0,1,0,차대사람 - 횡단중,신호위반,포장 - 건조,맑음,교차로 - 교차로횡단보도내,승용,여,39세,상해없음,보행자,여,14세,경상
2021040800100418,2021년 4월 8일 17시,목요일,경기도 이천시 창전동,중상사고,0,1,0,0,차대사람 - 횡단중,안전운전불이행,포장 - 건조,맑음,교차로 - 교차로안,이륜,남,27세,상해없음,보행자,여,33세,중상
2021040800100428,2021년 4월 8일 17시,목요일,경기도 하남시 천현동,중상사고,0,1,0,0,차대사람 - 기타,안전운전불이행,포장 - 건조,맑음,단일로 - 기타,승합,남,44세,상해없음,보행자,여,69세,중상
2021040800100469,2021년 4월 8일 18시,목요일,경기도 용인시 처인구 이동읍,경상사고,0,0,1,0,차대사람 - 보도통행중,보행자보호의무위반,포장 - 건조,맑음,단일로 - 기타,승용,여,52세,상해없음,보행자,여,68세,경상
2021040800100474,2021년 4월 8일 18시,목요일,경기도 안산시 상록구 월피동,중상사고,0,1,0,0,차대사람 - 횡단중,안전운전불이행,포장 - 건조,맑음,교차로 - 교차로횡단보도내,승용,남,29세,상해없음,보행자,남,55세,중상
2021040800100515,2021년 4월 8일 19시,목요일,경기도 광주시 송정동,중상사고,0,1,0,0,차대사람 - 횡단중,보행자보호의무위반,포장 - 건조,맑음,단일로 - 기타,이륜,남,18세,상해없음,보행자,여,50세,중상
2021040800100519,2021년 4월 8일 19시,목요일,경기도 군포시 산본동,중상사고,0,1,0,0,차대사람 - 기타,기타,포장 - 건조,기타,기타 - 기타,이륜,남,21세,상해없음,보행자,남,33세,중상
2021040800100626,2021년 4월 8일 22시,목요일,경기도 파주시 야당동,경상사고,0,0,1,0,차대사람 - 횡단중,안전운전불이행,포장 - 건조,맑음,교차로 - 교차로안,승용,남,28세,상해없음,보행자,남,39세,경상
2021040800100642,2021년 4월 8일 23시,목요일,경기도 의정부시 의정부동,경상사고,0,0,1,0,차대사람 - 기타,안전운전불이행,포장 - 건조,맑음,단일로 - 기타,이륜,남,20세,상해없음,보행자,남,18세,경상
2021040900100031,2021년 4월 9일 06시,금요일,경기도 평택시 팽성읍,중상사고,0,1,0,0,차대사람 - 횡단중,안전운전불이행,포장 - 건조,맑음,단일로 - 기타,화물,남,53세,상해없음,보행자,여,74세,중상
2021040900100083,2021년 4월 9일 08시,금요일,경기도 광주시 경안동,중상사고,0,1,0,0,차대사람 - 횡단중,보행자보호의무위반,포장 - 건조,맑음,교차로 - 교차로횡단보도내,승용,여,48세,상해없음,보행자,여,56세,중상
2021040900100086,2021년 4월 9일 08시,금요일,경기도 부천시 심곡본동,중상사고,0,1,0,0,차대사람 - 기타,보행자보호의무위반,포장 - 건조,맑음,교차로 - 교차로부근,승용,남,70세,상해없음,보행자,남,9세,중상
2021040900100087,2021년 4월 9일 08시,금요일,경기도 의왕시 청계동,중상사고,0,1,0,0,차대사람 - 횡단중,보행자보호의무위반,포장 - 건조,맑음,기타 - 기타,승용,남,49세,상해없음,보행자,남,49세,중상
2021040900100111,2021년 4월 9일 08시,금요일,경기도 파주시 조리읍,경상사고,0,0,1,0,차대사람 - 횡단중,안전운전불이행,포장 - 건조,맑음,단일로 - 기타,승용,여,43세,상해없음,보행자,남,8세,경상
2021040900100116,2021년 4월 9일 09시,금요일,경기도 용인시 처인구 김량장동,경상사고,0,0,1,0,차대사람 - 횡단중,안전운전불이행,포장 - 건조,맑음,단일로 - 기타,이륜,남,41세,상해없음,보행자,여,61세,경상
2021040900100119,2021년 4월 9일 09시,금요일,경기도 부천시 오정동,경상사고,0,0,1,0,차대사람 - 기타,안전운전불이행,포장 - 건조,맑음,단일로 - 기타,승용,여,33세,상해없음,보행자,남,27세,경상
2021040900100157,2021년 4월 9일 10시,금요일,경기도 부천시 내동,경상사고,0,0,1,0,차대사람 - 기타,안전운전불이행,포장 - 건조,맑음,단일로 - 기타,승용,남,30세,상해없음,보행자,남,62세,경상
2021040900100171,2021년 4월 9일 10시,금요일,경기도 남양주시 와부읍,중상사고,0,1,0,0,차대사람 - 기타,안전운전불이행,포장 - 건조,맑음,주차장 - 주차장,승용,여,48세,상해없음,보행자,여,68세,중상
2021040900100188,2021년 4월 9일 11시,금요일,경기도 부천시 중동,중상사고,0,1,0,0,차대사람 - 횡단중,보행자보호의무위반,포장 - 건조,맑음,교차로 - 교차로횡단보도내,승용,여,68세,상해없음,보행자,남,34세,중상
2021040900100226,2021년 4월 9일 12시,금요일,경기도 광명시 하안동,중상사고,0,1,0,0,차대사람 - 횡단중,보행자보호의무위반,포장 - 건조,맑음,교차로 - 교차로횡단보도내,승용,남,74세,상해없음,보행자,여,74세,중상
2021040900100227,2021년 4월 9일 12시,금요일,경기도 성남시 중원구 성남동,부상신고사고,0,0,0,1,차대사람 - 횡단중,보행자보호의무위반,포장 - 건조,맑음,교차로 - 교차로안,화물,남,61세,상해없음,보행자,남,51세,부상신고
2021040900100283,2021년 4월 9일 13시,금요일,경기도 고양시 덕양구 화정동,중상사고,0,1,0,0,차대사람 - 기타,보행자보호의무위반,포장 - 건조,맑음,단일로 - 기타,화물,남,40세,상해없음,보행자,여,54세,중상
2021040900100284,2021년 4월 9일 13시,금요일,경기도 남양주시 금곡동,중상사고,0,1,0,0,차대사람 - 보도통행중,보행자보호의무위반,포장 - 건조,맑음,교차로 - 교차로안,승용,남,62세,상해없음,보행자,여,73세,중상
2021040900100353,2021년 4월 9일 15시,금요일,경기도 남양주시 퇴계원읍,경상사고,0,0,1,0,차대사람 - 기타,안전운전불이행,포장 - 건조,맑음,주차장 - 주차장,화물,남,39세,상해없음,보행자,남,63세,경상
2021040900100365,2021년 4월 9일 16시,금요일,경기도 수원시 팔달구 화서동,경상사고,0,0,1,0,차대사람 - 기타,안전운전불이행,포장 - 건조,흐림,교차로 - 교차로부근,승용,남,66세,상해없음,보행자,남,41세,경상
2021040900100366,2021년 4월 9일 16시,금요일,경기도 평택시 합정동,중상사고,0,1,0,0,차대사람 - 기타,안전운전불이행,포장 - 건조,맑음,교차로 - 교차로안,승용,여,55세,상해없음,보행자,여,68세,중상
2021040900100368,2021년 4월 9일 16시,금요일,경기도 안성시 공도읍,경상사고,0,0,1,0,차대사람 - 횡단중,안전운전불이행,포장 - 건조,맑음,단일로 - 기타,승용,여,35세,상해없음,보행자,여,31세,경상
2021040900100370,2021년 4월 9일 16시,금요일,경기도 이천시 창전동,경상사고,0,0,1,0,차대사람 - 횡단중,보행자보호의무위반,포장 - 건조,맑음,단일로 - 기타,승용,여,44세,상해없음,보행자,남,9세,경상
2021040900100373,2021년 4월 9일 16시,금요일,경기도 부천시 중동,경상사고,0,0,1,0,차대사람 - 기타,불법유턴,포장 - 건조,맑음,단일로 - 기타,승용,남,73세,상해없음,보행자,여,89세,경상
2021040900100430,2021년 4월 9일 17시,금요일,경기도 부천시 심곡동,경상사고,0,0,1,0,차대사람 - 기타,안전운전불이행,포장 - 건조,맑음,기타 - 기타,승용,남,53세,상해없음,보행자,남,3세,경상
2021040900100433,2021년 4월 9일 17시,금요일,경기도 성남시 분당구 수내동,중상사고,0,1,0,0,차대사람 - 기타,안전운전불이행,포장 - 건조,기타,기타 - 기타,승용,남,67세,상해없음,보행자,남,5세,중상
2021040900100436,2021년 4월 9일 17시,금요일,경기도 안양시 만안구 석수동,경상사고,0,0,1,0,차대사람 - 횡단중,신호위반,포장 - 건조,맑음,교차로 - 교차로안,승용,여,49세,기타불명,보행자,여,74세,경상
2021040900100471,2021년 4월 9일 17시,금요일,경기도 파주시 상지석동,경상사고,0,0,1,0,차대사람 - 기타,안전운전불이행,포장 - 건조,맑음,교차로 - 교차로부근,승용,남,56세,상해없음,보행자,여,48세,경상
2021040900100480,2021년 4월 9일 18시,금요일,경기도 평택시 서정동,경상사고,0,0,1,0,차대사람 - 기타,안전운전불이행,포장 - 건조,맑음,단일로 - 기타,승용,남,55세,기타불명,보행자,남,21세,경상
2021040900100516,2021년 4월 9일 19시,금요일,경기도 안산시 단원구 신길동,중상사고,0,1,0,0,차대사람 - 차도통행중,안전운전불이행,포장 - 건조,맑음,기타 - 기타,승용,여,40세,상해없음,보행자,남,75세,중상
2021040900100554,2021년 4월 9일 20시,금요일,경기도 여주시 가남읍,사망사고,1,0,0,0,차대사람 - 횡단중,안전운전불이행,포장 - 건조,맑음,교차로 - 교차로안,승용,남,60세,상해없음,보행자,남,76세,사망
2021040900100558,2021년 4월 9일 20시,금요일,경기도 수원시 팔달구 인계동,경상사고,0,0,1,0,차대사람 - 차도통행중,안전운전불이행,포장 - 건조,맑음,단일로 - 기타,승용,남,61세,상해없음,보행자,여,27세,경상
2021040900100595,2021년 4월 9일 21시,금요일,경기도 안양시 만안구 석수동,중상사고,0,1,0,0,차대사람 - 횡단중,안전운전불이행,포장 - 건조,맑음,교차로 - 교차로안,이륜,남,20세,상해없음,보행자,여,53세,중상