사고번호,사고일시,요일,시군구,사고내용,사망자수,중상자수,경상자수,부상신고자수,사고유형,법규위반,노면상태,기상상태,도로형태,가해운전자 차종,가해운전자 성별,가해운전자 연령,가해운전자 상해정도,피해운전자 차종,피해운전자 성별,피해운전자 연령,피해운전자 상해정도
2021041400100407,2021년 4월 14일 18시,수요일,경기도 평택시 지산동,경상사고,0,0,1,0,차대사람 - 기타,안전운전불이행,포장 - 건조,맑음,단일로 - 기타,승용,남,62세,상해없음,보행자,여,5세,경상
2021041400100439,2021년 4월 14일 18시,수요일,경기도 고양시 덕양구 삼송동,중상사고,0,1,0,0,차대사람 - 기타,보행자보호의무위반,포장 - 건조,맑음,교차로 - 교차로안,이륜,남,31세,상해없음,보행자,여,42세,중상
2021041400100459,2021년 4월 14일 19시,수요일,경기도 화성시 석우동,경상사고,0,0,1,0,차대사람 - 기타,보행자보호의무위반,포장 - 건조,맑음,단일로 - 기타,화물,남,51세,상해없음,보행자,남,44세,경상
2021041400100474,2021년 4월 14일 19시,수요일,경기도 고양시 덕양구 지축동,부상신고사고,0,0,0,1,차대사람 - 기타,안전운전불이행,포장 - 건조,맑음,기타 - 기타,이륜,남,40세,상해없음,보행자,남,34세,부상신고
2021041400100487,2021년 4월 14일 20시,수요일,경기도 수원시 장안구 연무동,경상사고,0,0,1,0,차대사람 - 횡단중,보행자보호의무위반,포장 - 건조,맑음,교차로 - 교차로횡단보도내,승용,남,61세,상해없음,보행자,남,50세,경상
2021041400100488,2021년 4월 14일 20시,수요일,경기도 성남시 수정구 수진동,경상사고,0,0,1,0,차대사람 - 기타,안전운전불이행,포장 - 건조,맑음,단일로 - 기타,화물,남,60세,상해없음,보행자,남,54세,경상
2021041400100501,2021년 4월 14일 20시,수요일,경기도 남양주시 별내동,경상사고,0,0,1,0,차대사람 - 기타,신호위반,포장 - 건조,맑음,교차로 - 교차로안,자전거,남,55세,상해없음,보행자,여,4세,경상
2021041400100557,2021년 4월 14일 22시,수요일,경기도 구리시 토평동,사망사고,1,0,0,0,차대사람 - 길가장자리구역통행중,안전운전불이행,포장 - 건조,맑음,단일로 - 기타,승합,남,56세,상해없음,보행자,여,54세,사망
2021041500100044,2021년 4월 15일 07시,목요일,경기도 수원시 팔달구 지동,경상사고,0,0,1,0,차대사람 - 기타,안전운전불이행,포장 - 건조,맑음,기타 - 기타,승합,남,41세,상해없음,보행자,남,47세,경상
2021041500100078,2021년 4월 15일 08시,목요일,경기도 화성시 송산면,경상사고,0,0,1,0,차대사람 - 횡단중,안전운전불이행,포장 - 건조,맑음,교차로 - 교차로안,승용,여,54세,상해없음,보행자,남,9세,경상
2021041500100102,2021년 4월 15일 08시,목요일,경기도 포천시 선단동,경상사고,0,0,1,0,차대사람 - 횡단중,안전운전불이행,포장 - 건조,맑음,교차로 - 교차로안,승용,여,45세,상해없음,보행자,여,17세,경상
2021041500100107,2021년 4월 15일 09시,목요일,경기도 수원시 장안구 파장동,경상사고,0,0,1,0,차대사람 - 길가장자리구역통행중,안전운전불이행,포장 - 건조,맑음,단일로 - 기타,승용,남,47세,상해없음,보행자,남,62세,경상
2021041500100187,2021년 4월 15일 11시,목요일,경기도 파주시 월롱면,경상사고,0,0,1,0,차대사람 - 기타,안전운전불이행,포장 - 건조,맑음,단일로 - 기타,승용,남,78세,상해없음,보행자,남,20세,경상
2021041500100227,2021년 4월 15일 12시,목요일,경기도 남양주시 퇴계원읍,중상사고,0,2,0,0,차대사람 - 기타,기타,포장 - 건조,맑음,교차로 - 교차로부근,승용,여,64세,상해없음,보행자,남,70세,중상
2021041500100239,2021년 4월 15일 13시,목요일,경기도 수원시 장안구 율전동,경상사고,0,0,1,0,차대사람 - 차도통행중,안전운전불이행,포장 - 건조,맑음,교차로 - 교차로부근,승용,남,63세,상해없음,보행자,여,72세,경상
2021041500100274,2021년 4월 15일 14시,목요일,경기도 안산시 상록구 사동,경상사고,0,0,1,0,차대사람 - 횡단중,신호위반,포장 - 건조,맑음,교차로 - 교차로횡단보도내,승용,여,29세,상해없음,보행자,여,48세,경상
2021041500100302,2021년 4월 15일 15시,목요일,경기도 광주시 오포읍,경상사고,0,0,1,0,차대사람 - 차도통행중,안전운전불이행,포장 - 건조,맑음,단일로 - 기타,승용,남,53세,상해없음,보행자,남,1세,경상
2021041500100308,2021년 4월 15일 15시,목요일,경기도 화성시 송산면,경상사고,0,0,1,0,차대사람 - 횡단중,중앙선침범,포장 - 건조,맑음,단일로 - 기타,화물,남,54세,상해없음,보행자,여,5세,경상
2021041500100384,2021년 4월 15일 17시,목요일,경기도 광명시 광명동,경상사고,0,0,1,0,차대사람 - 길가장자리구역통행중,안전운전불이행,포장 - 건조,맑음,단일로 - 기타,승용,남,50세,상해없음,보행자,여,19세,경상
2021041500100419,2021년 4월 15일 17시,목요일,경기도 고양시 덕양구 내유동,중상사고,0,1,0,0,차대사람 - 기타,안전운전불이행,포장 - 건조,맑음,교차로 - 교차로안,승용,남,33세,상해없음,보행자,여,57세,중상
2021041500100435,2021년 4월 15일 18시,목요일,경기도 평택시 신장동,경상사고,0,0,1,0,차대사람 - 횡단중,보행자보호의무위반,포장 - 건조,맑음,교차로 - 교차로횡단보도내,승용,남,40세,상해없음,보행자,여,5세,경상
2021041500100437,2021년 4월 15일 18시,목요일,경기도 안성시 인지동,중상사고,0,1,0,0,차대사람 - 기타,안전운전불이행,포장 - 건조,맑음,교차로 - 교차로부근,승용,남,42세,상해없음,보행자,남,59세,중상
2021041500100439,2021년 4월 15일 18시,목요일,경기도 광주시 초월읍,중상사고,0,1,0,0,차대사람 - 기타,안전운전불이행,포장 - 건조,맑음,기타 - 기타,승용,남,67세,상해없음,보행자,남,49세,중상
2021041500100440,2021년 4월 15일 18시,목요일,경기도 부천시 심곡본동,경상사고,0,0,1,0,차대사람 - 기타,안전운전불이행,포장 - 건조,맑음,단일로 - 기타,원동기,남,15세,상해없음,보행자,여,57세,경상
2021041500100446,2021년 4월 15일 18시,목요일,경기도 화성시 진안동,경상사고,0,0,1,0,차대사람 - 횡단중,안전운전불이행,포장 - 건조,맑음,단일로 - 기타,승용,남,61세,상해없음,보행자,남,41세,경상
2021041500100526,2021년 4월 15일 20시,목요일,경기도 성남시 수정구 태평동,경상사고,0,0,1,0,차대사람 - 횡단중,신호위반,포장 - 건조,맑음,교차로 - 교차로횡단보도내,자전거,남,61세,상해없음,보행자,남,68세,경상
2021041500100529,2021년 4월 15일 20시,목요일,경기도 이천시 부발읍,중상사고,0,1,0,0,차대사람 - 횡단중,보행자보호의무위반,포장 - 건조,맑음,단일로 - 기타,승용,남,39세,기타불명,보행자,남,41세,중상
2021041500100532,2021년 4월 15일 20시,목요일,경기도 부천시 역곡동,경상사고,0,0,1,0,차대사람 - 기타,안전운전불이행,포장 - 건조,맑음,단일로 - 기타,화물,남,39세,상해없음,보행자,남,23세,경상
2021041500100599,2021년 4월 15일 22시,목요일,경기도 오산시 오산동,경상사고,0,0,1,0,차대사람 - 횡단중,안전운전불이행,포장 - 건조,맑음,단일로 - 기타,승용,남,33세,상해없음,보행자,남,29세,경상
2021041600100083,2021년 4월 16일 08시,금요일,경기도 광주시 오포읍,경상사고,0,0,1,0,차대사람 - 기타,안전운전불이행,포장 - 건조,맑음,기타 - 기타,승용,여,37세,상해없음,보행자,여,51세,경상
2021041600100086,2021년 4월 16일 08시,금요일,경기도 부천시 원미동,중상사고,0,1,0,0,차대사람 - 횡단중,안전운전불이행,포장 - 건조,흐림,교차로 - 교차로부근,승용,남,54세,상해없음,보행자,남,13세,중상
2021041600100141,2021년 4월 16일 10시,금요일,경기도 부천시 송내동,부상신고사고,0,0,0,1,차대사람 - 기타,안전운전불이행,포장 - 건조,맑음,교차로 - 교차로안,승용,남,37세,상해없음,보행자,여,79세,부상신고
2021041600100143,2021년 4월 16일 10시,금요일,경기도 화성시 남양읍,경상사고,0,0,1,0,차대사람 - 길가장자리구역통행중,안전운전불이행,포장 - 건조,맑음,단일로 - 기타,화물,남,35세,상해없음,보행자,남,56세,경상
2021041600100194,2021년 4월 16일 12시,금요일,경기도 김포시 고촌읍,중상사고,0,1,0,0,차대사람 - 차도통행중,안전운전불이행,포장 - 건조,맑음,단일로 - 기타,승용,남,61세,상해없음,보행자,여,65세,중상
2021041600100228,2021년 4월 16일 13시,금요일,경기도 안산시 단원구 초지동,경상사고,0,0,1,0,차대사람 - 기타,안전운전불이행,포장 - 건조,맑음,단일로 - 기타,승용,남,39세,상해없음,보행자,남,36세,경상
2021041600100247,2021년 4월 16일 14시,금요일,경기도 김포시 감정동,중상사고,0,1,0,0,차대사람 - 횡단중,안전운전불이행,포장 - 건조,맑음,단일로 - 기타,승용,여,31세,상해없음,보행자,남,6세,중상
2021041600100277,2021년 4월 16일 15시,금요일,경기도 수원시 팔달구 지동,부상신고사고,0,0,0,1,차대사람 - 기타,안전운전불이행,포장 - 건조,맑음,단일로 - 기타,승합,남,74세,상해없음,보행자,남,57세,부상신고
2021041600100301,2021년 4월 16일 15시,금요일,경기도 의정부시 민락동,중상사고,0,1,0,0,차대사람 - 횡단중,보행자보호의무위반,포장 - 건조,맑음,교차로 - 교차로횡단보도내,승용,여,65세,상해없음,보행자,여,46세,중상
2021041600100302,2021년 4월 16일 15시,금요일,경기도 남양주시 퇴계원읍,중상사고,0,1,0,0,차대사람 - 기타,안전운전불이행,포장 - 건조,맑음,교차로 - 교차로부근,승용,여,53세,상해없음,보행자,남,60세,중상
2021041600100318,2021년 4월 16일 16시,금요일,경기도 광주시 경안동,중상사고,0,1,0,0,차대사람 - 기타,안전운전불이행,포장 - 건조,맑음,단일로 - 기타,개인형이동수단(PM),여,21세,상해없음,보행자,여,49세,중상
2021041600100356,2021년 4월 16일 17시,금요일,경기도 성남시 수정구 태평동,경상사고,0,0,1,0,차대사람 - 기타,안전운전불이행,포장 - 건조,맑음,단일로 - 기타,승용,여,54세,상해없음,보행자,남,47세,경상
2021041600100357,2021년 4월 16일 17시,금요일,경기도 광주시 역동,경상사고,0,0,1,0,차대사람 - 기타,안전운전불이행,포장 - 건조,맑음,기타 - 기타,승용,남,42세,상해없음,보행자,남,36세,경상
2021041600100402,2021년 4월 16일 18시,금요일,경기도 오산시 오산동,경상사고,0,0,1,0,차대사람 - 기타,기타,포장 - 건조,맑음,단일로 - 기타,승합,남,51세,상해없음,보행자,남,40세,경상
2021041600100439,2021년 4월 16일 19시,금요일,경기도 평택시 이충동,부상신고사고,0,0,0,1,차대사람 - 보도통행중,기타,포장 - 건조,맑음,기타 - 기타,이륜,남,51세,상해없음,보행자,남,56세,부상신고
2021041600100508,2021년 4월 16일 21시,금요일,경기도 성남시 수정구 창곡동,중상사고,0,1,0,0,차대사람 - 기타,기타,포장 - 건조,맑음,교차로 - 교차로부근,승용,여,60세,상해없음,보행자,남,33세,중상
2021041600100511,2021년 4월 16일 21시,금요일,경기도 평택시 가재동,경상사고,0,0,1,0,차대사람 - 기타,안전운전불이행,포장 - 건조,맑음,단일로 - 기타,기타불명,기타불명,미분류,기타불명,보행자,여,17세,경상
2021041600100513,2021년 4월 16일 21시,금요일,경기도 안양시 동안구 관양동,경상사고,0,0,1,0,차대사람 - 횡단중,보행자보호의무위반,포장 - 건조,맑음,교차로 - 교차로횡단보도내,승용,남,67세,상해없음,보행자,남,54세,경상
2021041600100515,2021년 4월 16일 21시,금요일,경기도 김포시 구래동,경상사고,0,0,4,0,차대사람 - 횡단중,보행자보호의무위반,포장 - 건조,맑음,교차로 - 교차로횡단보도내,승용,여,45세,상해없음,보행자,남,26세,경상
2021041600100517,2021년 4월 16일 21시,금요일,경기도 부천시 중동,경상사고,0,0,1,0,차대사람 - 보도통행중,기타,포장 - 건조,맑음,기타 - 기타,개인형이동수단(PM),남,29세,상해없음,보행자,여,58세,경상
2021041600100534,2021년 4월 16일 21시,금요일,경기도 남양주시 다산동,중상사고,0,1,0,0,차대사람 - 횡단중,안전운전불이행,포장 - 건조,맑음,단일로 - 기타,승용,남,46세,상해없음,보행자,여,65세,중상
2021041600100558,2021년 4월 16일 22시,금요일,경기도 부천시 고강동,경상사고,0,0,1,0,차대사람 - 횡단중,안전운전불이행,포장 - 건조,맑음,교차로 - 교차로횡단보도내,승용,남,51세,기타불명,보행자,남,22세,경상
2021041600100584,2021년 4월 16일 23시,금요일,경기도 부천시 소사본동,경상사고,0,0,1,0,차대사람 - 길가장자리구역통행중,안전운전불이행,포장 - 건조,맑음,단일로 - 기타,승용,남,47세,상해없음,보행자,남,56세,경상
2021041600100586,2021년 4월 16일 23시,금요일,경기도 안양시 만안구 박달동,중상사고,0,1,0,0,차대사람 - 기타,안전운전불이행,포장 - 건조,맑음,교차로 - 교차로안,승용,여,50세,상해없음,보행자,여,59세,중상
2021041700100081,2021년 4월 17일 08시,토요일,경기도 성남시 수정구 양지동,중상사고,0,1,0,0,차대사람 - 기타,안전운전불이행,포장 - 건조,맑음,교차로 - 교차로안,승용,여,24세,상해없음,보행자,여,73세,중상
2021041700100103,2021년 4월 17일 09시,토요일,경기도 군포시 산본동,경상사고,0,0,1,0,차대사람 - 기타,안전운전불이행,포장 - 건조,흐림,교차로 - 교차로부근,승용,여,40세,상해없음,보행자,여,81세,경상
2021041700100124,2021년 4월 17일 09시,토요일,경기도 남양주시 조안면,경상사고,0,0,1,0,차대사람 - 횡단중,안전운전불이행,포장 - 건조,맑음,단일로 - 기타,자전거,남,38세,상해없음,보행자,여,76세,경상
2021041700100129,2021년 4월 17일 10시,토요일,경기도 안산시 단원구 고잔동,경상사고,0,0,1,0,차대사람 - 기타,안전운전불이행,포장 - 건조,맑음,교차로 - 교차로안,승용,여,44세,상해없음,보행자,남,18세,경상
2021041700100130,2021년 4월 17일 10시,토요일,경기도 시흥시 신천동,중상사고,0,1,0,0,차대사람 - 횡단중,보행자보호의무위반,포장 - 건조,맑음,교차로 - 교차로횡단보도내,승용,여,24세,상해없음,보행자,여,14세,중상
2021041700100149,2021년 4월 17일 10시,토요일,경기도 고양시 덕양구 화정동,경상사고,0,0,1,0,차대사람 - 기타,보행자보호의무위반,포장 - 건조,맑음,교차로 - 교차로안,승용,남,66세,상해없음,보행자,여,29세,경상
2021041700100163,2021년 4월 17일 11시,토요일,경기도 평택시 서정동,중상사고,0,1,0,0,차대사람 - 횡단중,안전운전불이행,포장 - 건조,맑음,교차로 - 교차로안,화물,남,61세,상해없음,보행자,여,46세,중상
2021041700100203,2021년 4월 17일 12시,토요일,경기도 평택시 비전동,경상사고,0,0,1,0,차대사람 - 보도통행중,기타,포장 - 건조,맑음,기타 - 기타,개인형이동수단(PM),남,17세,상해없음,보행자,남,28세,경상
2021041700100204,2021년 4월 17일 12시,토요일,경기도 안산시 상록구 일동,중상사고,0,1,0,0,차대사람 - 기타,안전운전불이행,포장 - 건조,맑음,단일로 - 기타,특수,남,58세,상해없음,보행자,남,68세,중상
2021041700100235,2021년 4월 17일 13시,토요일,경기도 이천시 창전동,경상사고,0,0,1,0,차대사람 - 기타,안전운전불이행,포장 - 건조,맑음,교차로 - 교차로부근,승용,남,19세,상해없음,보행자,남,93세,경상
2021041700100237,2021년 4월 17일 13시,토요일,경기도 부천시 중동,경상사고,0,0,1,0,차대사람 - 횡단중,보행자보호의무위반,포장 - 건조,맑음,교차로 - 교차로횡단보도내,승용,여,40세,상해없음,보행자,남,65세,경상
2021041700100279,2021년 4월 17일 14시,토요일,경기도 평택시 평택동,중상사고,0,2,0,0,차대사람 - 횡단중,보행자보호의무위반,포장 - 건조,맑음,교차로 - 교차로부근,승용,남,79세,상해없음,보행자,여,22세,중상
2021041700100289,2021년 4월 17일 14시,토요일,경기도 부천시 작동,경상사고,0,0,1,0,차대사람 - 차도통행중,안전운전불이행,포장 - 건조,맑음,단일로 - 기타,승용,여,53세,상해없음,보행자,여,31세,경상
2021041700100329,2021년 4월 17일 15시,토요일,경기도 여주시 홍문동,중상사고,0,1,0,0,차대사람 - 길가장자리구역통행중,안전운전불이행,포장 - 건조,맑음,교차로 - 교차로부근,화물,남,65세,상해없음,보행자,여,79세,중상
2021041700100363,2021년 4월 17일 15시,토요일,경기도 파주시 파주읍,중상사고,0,1,0,0,차대사람 - 기타,안전운전불이행,포장 - 건조,맑음,교차로 - 교차로부근,이륜,남,63세,상해없음,보행자,남,9세,중상
2021041700100401,2021년 4월 17일 16시,토요일,경기도 동두천시 지행동,경상사고,0,0,1,0,차대사람 - 보도통행중,기타,포장 - 건조,맑음,단일로 - 기타,개인형이동수단(PM),남,16세,상해없음,보행자,여,19세,경상
2021041700100402,2021년 4월 17일 16시,토요일,경기도 포천시 소흘읍,중상사고,0,1,0,0,차대사람 - 횡단중,신호위반,포장 - 건조,맑음,교차로 - 교차로안,승용,여,49세,상해없음,보행자,남,54세,중상
2021041700100413,2021년 4월 17일 17시,토요일,경기도 이천시 관고동,부상신고사고,0,0,0,1,차대사람 - 길가장자리구역통행중,안전운전불이행,포장 - 건조,맑음,단일로 - 기타,승용,남,44세,상해없음,보행자,남,62세,부상신고
2021041700100414,2021년 4월 17일 17시,토요일,경기도 김포시 풍무동,경상사고,0,0,1,0,차대사람 - 길가장자리구역통행중,안전운전불이행,포장 - 건조,맑음,교차로 - 교차로안,승용,남,72세,상해없음,보행자,남,57세,경상
2021041700100418,2021년 4월 17일 17시,토요일,경기도 안산시 단원구 선부동,경상사고,0,0,1,0,차대사람 - 차도통행중,보행자보호의무위반,포장 - 건조,맑음,단일로 - 기타,이륜,남,28세,상해없음,보행자,여,7세,경상
2021041700100444,2021년 4월 17일 17시,토요일,경기도 남양주시 화도읍,사망사고,1,0,0,0,차대사람 - 횡단중,신호위반,포장 - 건조,맑음,단일로 - 기타,건설기계,남,53세,상해없음,보행자,여,20세,사망
2021041700100484,2021년 4월 17일 19시,토요일,경기도 평택시 용이동,경상사고,0,0,1,0,차대사람 - 횡단중,신호위반,포장 - 건조,맑음,교차로 - 교차로횡단보도내,이륜,남,25세,상해없음,보행자,여,12세,경상
2021041700100541,2021년 4월 17일 21시,토요일,경기도 시흥시 거모동,사망사고,1,0,0,0,차대사람 - 차도통행중,안전운전불이행,포장 - 건조,맑음,단일로 - 기타,승용,남,24세,상해없음,보행자,남,64세,사망
2021041700100590,2021년 4월 17일 23시,토요일,경기도 부천시 춘의동,경상사고,0,0,1,0,차대사람 - 기타,안전운전불이행,포장 - 건조,맑음,기타 - 기타,승용,남,20세,상해없음,보행자,남,31세,경상
2021041800100145,2021년 4월 18일 13시,일요일,경기도 오산시 은계동,경상사고,0,0,1,0,차대사람 - 횡단중,보행자보호의무위반,포장 - 건조,맑음,교차로 - 교차로부근,승용,남,28세,상해없음,보행자,남,44세,경상
2021041800100152,2021년 4월 18일 13시,일요일,경기도 화성시 반송동,경상사고,0,0,1,0,차대사람 - 횡단중,보행자보호의무위반,포장 - 건조,맑음,교차로 - 교차로안,화물,남,56세,상해없음,보행자,여,56세,경상
2021041800100174,2021년 4월 18일 14시,일요일,경기도 용인시 기흥구 보라동,부상신고사고,0,0,0,1,차대사람 - 보도통행중,안전운전불이행,포장 - 건조,맑음,기타 - 기타,개인형이동수단(PM),기타불명,미분류,기타불명,보행자,여,82세,부상신고
2021041800100281,2021년 4월 18일 17시,일요일,경기도 고양시 덕양구 행신동,경상사고,0,0,1,0,차대사람 - 기타,안전운전불이행,포장 - 기타,맑음,단일로 - 기타,자전거,여,17세,상해없음,보행자,여,38세,경상
2021041800100330,2021년 4월 18일 19시,일요일,경기도 성남시 수정구 단대동,중상사고,0,1,0,0,차대사람 - 횡단중,안전운전불이행,포장 - 건조,맑음,교차로 - 교차로부근,승용,남,44세,상해없음,보행자,남,69세,중상
2021041800100332,2021년 4월 18일 19시,일요일,경기도 광주시 초월읍,경상사고,0,0,1,0,차대사람 - 횡단중,안전운전불이행,포장 - 건조,맑음,기타 - 기타,승용,여,59세,상해없음,보행자,남,39세,경상
2021041800100334,2021년 4월 18일 19시,일요일,경기도 수원시 팔달구 인계동,경상사고,0,0,3,0,차대사람 - 차도통행중,과속,포장 - 건조,맑음,단일로 - 기타,이륜,남,27세,기타불명,보행자,여,23세,경상
2021041800100348,2021년 4월 18일 19시,일요일,경기도 포천시 일동면,중상사고,0,1,0,0,차대사람 - 기타,안전운전불이행,포장 - 건조,맑음,단일로 - 기타,원동기,남,27세,상해없음,보행자,여,76세,중상
2021041800100353,2021년 4월 18일 20시,일요일,경기도 하남시 망월동,경상사고,0,0,1,0,차대사람 - 기타,보행자보호의무위반,포장 - 건조,맑음,교차로 - 교차로안,승용,남,38세,상해없음,보행자,여,30세,경상
2021041800100369,2021년 4월 18일 20시,일요일,경기도 의정부시 산곡동,경상사고,0,0,1,0,차대사람 - 횡단중,안전운전불이행,포장 - 건조,맑음,교차로 - 교차로안,승용,남,49세,상해없음,보행자,여,20세,경상
2021041800100382,2021년 4월 18일 21시,일요일,경기도 용인시 수지구 죽전동,경상사고,0,0,1,0,차대사람 - 횡단중,보행자보호의무위반,포장 - 건조,맑음,교차로 - 교차로안,승용,여,32세,상해없음,보행자,남,32세,경상
2021041800100422,2021년 4월 18일 23시,일요일,경기도 파주시 조리읍,중상사고,0,1,0,0,차대사람 - 횡단중,안전운전불이행,포장 - 건조,맑음,단일로 - 기타,승용,남,64세,상해없음,보행자,남,73세,중상
2021041900100081,2021년 4월 19일 08시,월요일,경기도 성남시 수정구 양지동,중상사고,0,1,0,0,차대사람 - 기타,안전운전불이행,포장 - 건조,맑음,단일로 - 기타,화물,남,67세,상해없음,보행자,여,57세,중상
2021041900100085,2021년 4월 19일 08시,월요일,경기도 안산시 상록구 건건동,경상사고,0,0,1,0,차대사람 - 보도통행중,기타,포장 - 건조,맑음,교차로 - 교차로부근,승용,여,64세,상해없음,보행자,여,74세,경상
2021041900100119,2021년 4월 19일 08시,월요일,경기도 고양시 일산동구 장항동,중상사고,0,1,0,0,차대사람 - 기타,보행자보호의무위반,포장 - 건조,맑음,교차로 - 교차로횡단보도내,승용,남,76세,상해없음,보행자,여,31세,중상
2021041900100121,2021년 4월 19일 08시,월요일,경기도 구리시 교문동,중상사고,0,1,0,0,차대사람 - 기타,안전운전불이행,포장 - 건조,맑음,단일로 - 기타,자전거,남,45세,상해없음,보행자,남,7세,중상
2021041900100134,2021년 4월 19일 09시,월요일,경기도 성남시 중원구 성남동,경상사고,0,0,1,0,차대사람 - 기타,안전운전불이행,포장 - 건조,맑음,단일로 - 기타,승합,남,67세,상해없음,보행자,남,87세,경상
2021041900100189,2021년 4월 19일 10시,월요일,경기도 남양주시 조안면,경상사고,0,0,1,0,차대사람 - 기타,안전운전불이행,포장 - 건조,맑음,단일로 - 기타,승용,여,59세,상해없음,보행자,남,38세,경상
2021041900100201,2021년 4월 19일 11시,월요일,경기도 성남시 중원구 하대원동,경상사고,0,0,1,0,차대사람 - 기타,안전운전불이행,포장 - 기타,맑음,단일로 - 기타,화물,남,65세,상해없음,보행자,여,25세,경상
2021041900100269,2021년 4월 19일 13시,월요일,경기도 파주시 야당동,경상사고,0,0,1,0,차대사람 - 보도통행중,안전운전불이행,포장 - 건조,맑음,단일로 - 기타,승용,남,37세,상해없음,보행자,여,50세,경상
2021041900100278,2021년 4월 19일 14시,월요일,경기도 이천시 창전동,경상사고,0,0,1,0,차대사람 - 횡단중,안전운전불이행,포장 - 건조,맑음,단일로 - 기타,승용,여,35세,상해없음,보행자,남,69세,경상
2021041900100283,2021년 4월 19일 14시,월요일,경기도 성남시 중원구 하대원동,중상사고,0,1,0,0,차대사람 - 횡단중,보행자보호의무위반,포장 - 건조,맑음,교차로 - 교차로부근,화물,남,67세,상해없음,보행자,남,8세,중상
2021041900100319,2021년 4월 19일 15시,월요일,경기도 광주시 곤지암읍,경상사고,0,0,1,0,차대사람 - 기타,안전운전불이행,포장 - 건조,맑음,단일로 - 기타,승용,남,54세,상해없음,보행자,남,9세,경상
2021041900100346,2021년 4월 19일 15시,월요일,경기도 양주시 덕정동,경상사고,0,0,1,0,차대사람 - 차도통행중,안전운전불이행,포장 - 건조,맑음,단일로 - 기타,승용,남,46세,상해없음,보행자,여,29세,경상
2021041900100348,2021년 4월 19일 15시,월요일,경기도 포천시 선단동,경상사고,0,0,1,0,차대사람 - 기타,안전운전불이행,포장 - 건조,맑음,주차장 - 주차장,승용,여,45세,상해없음,보행자,남,57세,경상
2021041900100356,2021년 4월 19일 16시,월요일,경기도 이천시 관고동,중상사고,0,1,0,0,차대사람 - 횡단중,보행자보호의무위반,포장 - 건조,맑음,교차로 - 교차로횡단보도내,이륜,남,50세,상해없음,보행자,여,51세,중상
2021041900100359,2021년 4월 19일 16시,월요일,경기도 수원시 영통구 매탄동,중상사고,0,1,0,0,차대사람 - 횡단중,안전운전불이행,포장 - 건조,맑음,교차로 - 교차로부근,승용,여,70세,상해없음,보행자,남,8세,중상
2021041900100361,2021년 4월 19일 16시,월요일,경기도 시흥시 목감동,경상사고,0,0,1,0,차대사람 - 횡단중,기타,포장 - 건조,맑음,교차로 - 교차로안,승용,여,31세,상해없음,보행자,남,4세,경상
2021041900100434,2021년 4월 19일 17시,월요일,경기도 남양주시 화도읍,경상사고,0,0,1,0,차대사람 - 횡단중,안전운전불이행,포장 - 건조,맑음,교차로 - 교차로부근,화물,남,53세,상해없음,보행자,여,8세,경상
2021041900100451,2021년 4월 19일 18시,월요일,경기도 안산시 상록구 본오동,경상사고,0,0,1,0,차대사람 - 차도통행중,안전운전불이행,포장 - 건조,맑음,단일로 - 기타,승용,남,52세,상해없음,보행자,남,46세,경상
2021041900100473,2021년 4월 19일 19시,월요일,경기도 성남시 수정구 태평동,중상사고,0,1,0,0,차대사람 - 보도통행중,기타,포장 - 건조,맑음,단일로 - 기타,승용,여,67세,상해없음,보행자,남,67세,중상
2021041900100512,2021년 4월 19일 20시,월요일,경기도 평택시 합정동,경상사고,0,0,1,0,차대사람 - 차도통행중,안전운전불이행,포장 - 건조,맑음,단일로 - 기타,화물,남,42세,상해없음,보행자,남,59세,경상
2021041900100513,2021년 4월 19일 20시,월요일,경기도 부천시 심곡동,중상사고,0,1,0,0,차대사람 - 횡단중,신호위반,포장 - 건조,맑음,교차로 - 교차로부근,이륜,남,24세,기타불명,보행자,남,62세,중상
2021041900100529,2021년 4월 19일 20시,월요일,경기도 남양주시 다산동,경상사고,0,0,1,0,차대사람 - 보도통행중,신호위반,포장 - 건조,맑음,교차로 - 교차로안,이륜,남,19세,상해없음,보행자,여,30세,경상
2021041900100553,2021년 4월 19일 21시,월요일,경기도 고양시 일산서구 탄현동,경상사고,0,0,1,0,차대사람 - 횡단중,신호위반,포장 - 건조,맑음,단일로 - 기타,이륜,남,20세,상해없음,보행자,남,22세,경상
2021042000100005,2021년 4월 20일 00시,화요일,경기도 수원시 영통구 원천동,경상사고,0,0,1,0,차대사람 - 횡단중,신호위반,포장 - 건조,기타,교차로 - 교차로횡단보도내,화물,남,37세,상해없음,보행자,여,19세,경상
2021042000100049,2021년 4월 20일 07시,화요일,경기도 용인시 기흥구 중동,중상사고,0,1,0,0,차대사람 - 횡단중,안전운전불이행,포장 - 건조,맑음,교차로 - 교차로횡단보도내,승용,남,39세,상해없음,보행자,여,50세,중상
2021042000100063,2021년 4월 20일 07시,화요일,경기도 의정부시 의정부동,경상사고,0,0,1,0,차대사람 - 길가장자리구역통행중,안전운전불이행,포장 - 건조,맑음,단일로 - 기타,자전거,남,53세,상해없음,보행자,여,39세,경상
2021042000100195,2021년 4월 20일 11시,화요일,경기도 이천시 관고동,경상사고,0,0,1,0,차대사람 - 횡단중,보행자보호의무위반,포장 - 건조,맑음,교차로 - 교차로안,승용,남,60세,상해없음,보행자,남,61세,경상
2021042000100231,2021년 4월 20일 12시,화요일,경기도 과천시 중앙동,경상사고,0,0,1,0,차대사람 - 횡단중,보행자보호의무위반,포장 - 건조,맑음,단일로 - 기타,승용,여,78세,상해없음,보행자,남,8세,경상