사고번호,사고일시,요일,시군구,사고내용,사망자수,중상자수,경상자수,부상신고자수,사고유형,법규위반,노면상태,기상상태,도로형태,가해운전자 차종,가해운전자 성별,가해운전자 연령,가해운전자 상해정도,피해운전자 차종,피해운전자 성별,피해운전자 연령,피해운전자 상해정도
2021042000100294,2021년 4월 20일 13시,화요일,경기도 의정부시 의정부동,중상사고,0,1,0,0,차대사람 - 횡단중,안전운전불이행,포장 - 건조,맑음,단일로 - 기타,승용,남,54세,상해없음,보행자,여,54세,중상
2021042000100380,2021년 4월 20일 16시,화요일,경기도 수원시 팔달구 화서동,중상사고,0,1,0,1,차대사람 - 기타,안전운전불이행,포장 - 건조,맑음,단일로 - 기타,자전거,여,79세,부상신고,보행자,남,43세,중상
2021042000100383,2021년 4월 20일 16시,화요일,경기도 용인시 처인구 고림동,경상사고,0,0,1,0,차대사람 - 기타,안전운전불이행,포장 - 건조,맑음,단일로 - 기타,승용,여,65세,기타불명,보행자,여,47세,경상
2021042000100386,2021년 4월 20일 16시,화요일,경기도 화성시 우정읍,경상사고,0,0,1,0,차대사람 - 기타,보행자보호의무위반,포장 - 건조,맑음,교차로 - 교차로부근,승용,여,49세,기타불명,보행자,남,41세,경상
2021042000100425,2021년 4월 20일 17시,화요일,경기도 용인시 처인구 포곡읍,경상사고,0,0,1,0,차대사람 - 차도통행중,안전운전불이행,포장 - 건조,맑음,단일로 - 기타,승용,여,42세,기타불명,보행자,여,63세,경상
2021042000100429,2021년 4월 20일 17시,화요일,경기도 군포시 금정동,경상사고,0,0,1,0,차대사람 - 기타,안전운전불이행,포장 - 건조,맑음,단일로 - 기타,화물,남,52세,상해없음,보행자,여,58세,경상
2021042000100465,2021년 4월 20일 18시,화요일,경기도 김포시 구래동,중상사고,0,1,0,0,차대사람 - 횡단중,신호위반,포장 - 건조,맑음,기타 - 기타,승용,남,70세,상해없음,보행자,여,26세,중상
2021042000100466,2021년 4월 20일 18시,화요일,경기도 부천시 송내동,경상사고,0,0,1,0,차대사람 - 기타,보행자보호의무위반,포장 - 건조,맑음,단일로 - 기타,승용,남,63세,상해없음,보행자,여,34세,경상
2021042000100529,2021년 4월 20일 19시,화요일,경기도 남양주시 다산동,경상사고,0,0,1,0,차대사람 - 횡단중,안전운전불이행,포장 - 건조,맑음,단일로 - 기타,화물,남,58세,상해없음,보행자,여,34세,경상
2021042000100582,2021년 4월 20일 21시,화요일,경기도 고양시 일산동구 백석동,중상사고,0,1,0,0,차대사람 - 길가장자리구역통행중,안전운전불이행,포장 - 건조,맑음,단일로 - 기타,승용,남,58세,상해없음,보행자,남,50세,중상
2021042000100583,2021년 4월 20일 21시,화요일,경기도 양주시 옥정동,경상사고,0,0,1,0,차대사람 - 보도통행중,기타,포장 - 건조,맑음,교차로 - 교차로부근,원동기,남,43세,상해없음,보행자,여,11세,경상
2021042000100593,2021년 4월 20일 22시,화요일,경기도 성남시 중원구 성남동,경상사고,0,0,1,0,차대사람 - 기타,안전운전불이행,포장 - 건조,맑음,기타 - 기타,승합,남,65세,상해없음,보행자,남,25세,경상
2021042100100019,2021년 4월 21일 03시,수요일,경기도 안성시 원곡면,중상사고,0,1,0,0,차대사람 - 기타,안전운전불이행,포장 - 건조,맑음,주차장 - 주차장,승용,남,60세,상해없음,보행자,남,41세,중상
2021042100100043,2021년 4월 21일 06시,수요일,경기도 부천시 도당동,중상사고,0,1,0,0,차대사람 - 횡단중,보행자보호의무위반,포장 - 건조,맑음,교차로 - 교차로횡단보도내,화물,남,51세,상해없음,보행자,여,63세,중상
2021042100100056,2021년 4월 21일 07시,수요일,경기도 시흥시 정왕동,경상사고,0,0,1,0,차대사람 - 횡단중,보행자보호의무위반,포장 - 건조,맑음,교차로 - 교차로횡단보도내,승합,남,60세,상해없음,보행자,남,40세,경상
2021042100100131,2021년 4월 21일 09시,수요일,경기도 부천시 고강동,경상사고,0,0,1,0,차대사람 - 기타,안전운전불이행,포장 - 건조,맑음,단일로 - 기타,승용,여,42세,상해없음,보행자,여,56세,경상
2021042100100170,2021년 4월 21일 10시,수요일,경기도 의정부시 신곡동,경상사고,0,0,1,0,차대사람 - 횡단중,보행자보호의무위반,포장 - 건조,맑음,교차로 - 교차로안,승용,여,47세,상해없음,보행자,여,51세,경상
2021042100100183,2021년 4월 21일 11시,수요일,경기도 수원시 영통구 영통동,경상사고,0,0,1,0,차대사람 - 보도통행중,기타,포장 - 건조,맑음,기타 - 기타,개인형이동수단(PM),남,23세,상해없음,보행자,남,78세,경상
2021042100100204,2021년 4월 21일 11시,수요일,경기도 파주시 법원읍,경상사고,0,0,1,0,차대사람 - 횡단중,기타,포장 - 건조,맑음,주차장 - 주차장,승용,남,60세,상해없음,보행자,여,49세,경상
2021042100100271,2021년 4월 21일 13시,수요일,경기도 의정부시 가능동,경상사고,0,0,1,0,차대사람 - 길가장자리구역통행중,안전운전불이행,포장 - 건조,맑음,단일로 - 기타,승용,남,83세,기타불명,보행자,여,20세,경상
2021042100100290,2021년 4월 21일 14시,수요일,경기도 성남시 분당구 구미동,부상신고사고,0,0,0,1,차대사람 - 기타,안전운전불이행,포장 - 건조,맑음,단일로 - 기타,자전거,남,63세,상해없음,보행자,여,59세,부상신고
2021042100100332,2021년 4월 21일 15시,수요일,경기도 용인시 수지구 동천동,경상사고,0,0,1,0,차대사람 - 횡단중,보행자보호의무위반,포장 - 건조,맑음,교차로 - 교차로횡단보도내,특수,남,38세,상해없음,보행자,여,9세,경상
2021042100100354,2021년 4월 21일 15시,수요일,경기도 의정부시 민락동,경상사고,0,0,1,0,차대사람 - 횡단중,보행자보호의무위반,포장 - 건조,맑음,교차로 - 교차로횡단보도내,승용,여,33세,상해없음,보행자,여,11세,경상
2021042100100366,2021년 4월 21일 16시,수요일,경기도 수원시 장안구 연무동,중상사고,0,1,0,0,차대사람 - 횡단중,신호위반,포장 - 건조,맑음,교차로 - 교차로횡단보도내,승용,여,52세,상해없음,보행자,여,15세,중상
2021042100100368,2021년 4월 21일 16시,수요일,경기도 광주시 회덕동,경상사고,0,0,2,0,차대사람 - 기타,안전운전불이행,포장 - 건조,맑음,단일로 - 기타,승용,남,38세,상해없음,보행자,여,8세,경상
2021042100100448,2021년 4월 21일 17시,수요일,경기도 의정부시 가능동,중상사고,0,1,0,0,차대사람 - 횡단중,보행자보호의무위반,포장 - 건조,맑음,단일로 - 기타,승용,여,68세,상해없음,보행자,여,61세,중상
2021042100100449,2021년 4월 21일 17시,수요일,경기도 의정부시 가능동,부상신고사고,0,0,0,1,차대사람 - 횡단중,교차로운행방법위반,포장 - 건조,맑음,교차로 - 교차로횡단보도내,승용,여,35세,상해없음,보행자,남,59세,부상신고
2021042100100509,2021년 4월 21일 19시,수요일,경기도 성남시 수정구 수진동,사망사고,1,0,0,0,차대사람 - 기타,과속,포장 - 건조,맑음,단일로 - 기타,승용,남,47세,상해없음,보행자,여,62세,사망
2021042100100511,2021년 4월 21일 19시,수요일,경기도 용인시 처인구 양지면,경상사고,0,0,1,0,차대사람 - 기타,보행자보호의무위반,포장 - 건조,맑음,교차로 - 교차로안,승합,남,57세,상해없음,보행자,여,54세,경상
2021042100100513,2021년 4월 21일 19시,수요일,경기도 안산시 단원구 원곡동,중상사고,0,1,0,0,차대사람 - 기타,안전운전불이행,포장 - 건조,맑음,단일로 - 기타,자전거,남,47세,상해없음,보행자,여,69세,중상
2021042100100550,2021년 4월 21일 20시,수요일,경기도 수원시 팔달구 우만동,경상사고,0,0,2,0,차대사람 - 기타,안전운전불이행,포장 - 건조,맑음,기타 - 기타,자전거,남,16세,상해없음,보행자,여,69세,경상
2021042100100553,2021년 4월 21일 20시,수요일,경기도 김포시 구래동,경상사고,0,0,1,0,차대사람 - 횡단중,신호위반,포장 - 건조,맑음,교차로 - 교차로안,승용,남,38세,상해없음,보행자,남,23세,경상
2021042100100569,2021년 4월 21일 20시,수요일,경기도 고양시 일산동구 풍동,중상사고,0,1,0,0,차대사람 - 기타,안전운전불이행,포장 - 건조,맑음,단일로 - 기타,승용,남,43세,상해없음,보행자,여,56세,중상
2021042100100570,2021년 4월 21일 20시,수요일,경기도 고양시 일산동구 마두동,경상사고,0,0,1,0,차대사람 - 횡단중,신호위반,포장 - 건조,맑음,단일로 - 기타,승용,남,49세,상해없음,보행자,여,19세,경상
2021042100100584,2021년 4월 21일 21시,수요일,경기도 용인시 처인구 포곡읍,경상사고,0,0,1,0,차대사람 - 기타,안전운전불이행,포장 - 건조,맑음,단일로 - 기타,승용,남,61세,상해없음,보행자,남,52세,경상
2021042100100596,2021년 4월 21일 21시,수요일,경기도 고양시 덕양구 행신동,사망사고,1,0,0,0,차대사람 - 기타,안전운전불이행,포장 - 건조,맑음,단일로 - 기타,승용,남,62세,상해없음,보행자,남,65세,사망
2021042100100597,2021년 4월 21일 21시,수요일,경기도 연천군 전곡읍,경상사고,0,0,1,0,차대사람 - 기타,안전운전불이행,포장 - 건조,맑음,단일로 - 기타,자전거,남,18세,상해없음,보행자,여,49세,경상
2021042100100608,2021년 4월 21일 22시,수요일,경기도 광명시 철산동,경상사고,0,0,1,0,차대사람 - 길가장자리구역통행중,안전운전불이행,포장 - 건조,맑음,단일로 - 기타,승용,남,68세,상해없음,보행자,남,36세,경상
2021042200100042,2021년 4월 22일 06시,목요일,경기도 성남시 분당구 야탑동,중상사고,0,1,0,0,차대사람 - 횡단중,보행자보호의무위반,포장 - 건조,맑음,교차로 - 교차로부근,승용,남,51세,기타불명,보행자,여,66세,중상
2021042200100072,2021년 4월 22일 08시,목요일,경기도 안양시 동안구 평촌동,경상사고,0,0,1,0,차대사람 - 보도통행중,안전운전불이행,포장 - 건조,맑음,기타 - 기타,자전거,여,35세,상해없음,보행자,남,34세,경상
2021042200100099,2021년 4월 22일 08시,목요일,경기도 의정부시 의정부동,경상사고,0,0,1,0,차대사람 - 기타,안전운전불이행,포장 - 건조,맑음,단일로 - 기타,승용,남,22세,상해없음,보행자,남,72세,경상
2021042200100100,2021년 4월 22일 08시,목요일,경기도 고양시 일산동구 백석동,경상사고,0,0,1,0,차대사람 - 횡단중,중앙선침범,포장 - 건조,맑음,단일로 - 기타,승용,여,50세,상해없음,보행자,여,62세,경상
2021042200100184,2021년 4월 22일 11시,목요일,경기도 안양시 동안구 호계동,경상사고,0,0,1,0,차대사람 - 횡단중,보행자보호의무위반,포장 - 건조,맑음,교차로 - 교차로횡단보도내,화물,남,48세,상해없음,보행자,여,71세,경상
2021042200100217,2021년 4월 22일 12시,목요일,경기도 안성시 석정동,경상사고,0,0,1,0,차대사람 - 기타,안전운전불이행,포장 - 건조,맑음,교차로 - 교차로안,승용,여,39세,상해없음,보행자,여,22세,경상
2021042200100255,2021년 4월 22일 13시,목요일,경기도 수원시 권선구 권선동,경상사고,0,0,1,0,차대사람 - 기타,안전운전불이행,포장 - 건조,맑음,단일로 - 기타,승용,여,26세,상해없음,보행자,남,9세,경상
2021042200100353,2021년 4월 22일 16시,목요일,경기도 평택시 통복동,경상사고,0,0,1,0,차대사람 - 기타,안전운전불이행,포장 - 건조,맑음,단일로 - 기타,승용,남,78세,상해없음,보행자,남,62세,경상
2021042200100355,2021년 4월 22일 16시,목요일,경기도 용인시 처인구 마평동,경상사고,0,0,1,0,차대사람 - 기타,안전운전불이행,포장 - 건조,맑음,단일로 - 기타,개인형이동수단(PM),남,18세,상해없음,보행자,남,58세,경상
2021042200100357,2021년 4월 22일 16시,목요일,경기도 수원시 영통구 영통동,중상사고,0,1,0,0,차대사람 - 횡단중,보행자보호의무위반,포장 - 건조,맑음,교차로 - 교차로횡단보도내,승합,남,58세,상해없음,보행자,여,78세,중상
2021042200100388,2021년 4월 22일 17시,목요일,경기도 부천시 중동,경상사고,0,0,1,0,차대사람 - 횡단중,안전운전불이행,포장 - 건조,맑음,단일로 - 기타,승용,여,50세,상해없음,보행자,남,34세,경상
2021042200100414,2021년 4월 22일 17시,목요일,경기도 파주시 금촌동,경상사고,0,0,1,0,차대사람 - 보도통행중,안전운전불이행,포장 - 건조,맑음,단일로 - 기타,자전거,남,9세,상해없음,보행자,여,64세,경상
2021042200100416,2021년 4월 22일 17시,목요일,경기도 고양시 일산서구 일산동,경상사고,0,0,1,0,차대사람 - 기타,안전운전불이행,포장 - 건조,맑음,주차장 - 주차장,승용,남,59세,상해없음,보행자,여,69세,경상
2021042200100428,2021년 4월 22일 18시,목요일,경기도 수원시 장안구 영화동,중상사고,0,1,0,0,차대사람 - 횡단중,안전운전불이행,포장 - 건조,맑음,단일로 - 기타,승용,남,18세,상해없음,보행자,남,66세,중상
2021042200100477,2021년 4월 22일 19시,목요일,경기도 부천시 범박동,중상사고,0,1,0,0,차대사람 - 횡단중,보행자보호의무위반,포장 - 건조,흐림,교차로 - 교차로안,화물,남,64세,상해없음,보행자,남,31세,중상
2021042200100498,2021년 4월 22일 19시,목요일,경기도 양주시 덕정동,부상신고사고,0,0,0,1,차대사람 - 횡단중,안전운전불이행,포장 - 건조,맑음,교차로 - 교차로안,승용,여,50세,상해없음,보행자,남,65세,부상신고
2021042200100510,2021년 4월 22일 20시,목요일,경기도 용인시 기흥구 동백동,중상사고,0,1,0,0,차대사람 - 횡단중,신호위반,포장 - 건조,맑음,교차로 - 교차로안,이륜,남,40세,상해없음,보행자,여,23세,중상
2021042200100533,2021년 4월 22일 21시,목요일,경기도 수원시 팔달구 인계동,중상사고,0,1,0,0,차대사람 - 횡단중,안전운전불이행,포장 - 건조,맑음,단일로 - 기타,승용,남,51세,상해없음,보행자,남,62세,중상
2021042200100534,2021년 4월 22일 21시,목요일,경기도 시흥시 은행동,경상사고,0,0,1,0,차대사람 - 횡단중,중앙선침범,포장 - 건조,맑음,교차로 - 교차로횡단보도내,개인형이동수단(PM),남,62세,상해없음,보행자,여,50세,경상
2021042200100560,2021년 4월 22일 22시,목요일,경기도 성남시 수정구 수진동,부상신고사고,0,0,0,1,차대사람 - 기타,안전운전불이행,포장 - 건조,맑음,단일로 - 기타,기타불명,기타불명,미분류,기타불명,보행자,남,25세,부상신고
2021042200100561,2021년 4월 22일 22시,목요일,경기도 안성시 고삼면,사망사고,1,0,0,0,차대사람 - 기타,안전운전불이행,포장 - 건조,맑음,단일로 - 기타,화물,남,57세,상해없음,보행자,여,41세,사망
2021042200100568,2021년 4월 22일 22시,목요일,경기도 수원시 영통구 원천동,중상사고,0,1,0,0,차대사람 - 기타,안전운전불이행,포장 - 건조,맑음,교차로 - 교차로부근,승용,여,25세,상해없음,보행자,남,50세,중상
2021042200100572,2021년 4월 22일 22시,목요일,경기도 화성시 반송동,경상사고,0,0,1,0,차대사람 - 횡단중,기타,포장 - 건조,맑음,단일로 - 기타,이륜,남,35세,기타불명,보행자,남,26세,경상
2021042200100582,2021년 4월 22일 22시,목요일,경기도 의정부시 의정부동,중상사고,0,1,0,0,차대사람 - 기타,안전운전불이행,포장 - 건조,맑음,주차장 - 주차장,승용,남,52세,상해없음,보행자,여,61세,중상
2021042300100078,2021년 4월 23일 08시,금요일,경기도 부천시 상동,경상사고,0,0,1,0,차대사람 - 기타,안전운전불이행,포장 - 건조,맑음,단일로 - 기타,화물,남,60세,상해없음,보행자,남,61세,경상
2021042300100080,2021년 4월 23일 08시,금요일,경기도 안산시 단원구 와동,경상사고,0,0,1,0,차대사람 - 기타,안전운전불이행,포장 - 건조,맑음,단일로 - 기타,자전거,남,18세,상해없음,보행자,여,76세,경상
2021042300100081,2021년 4월 23일 08시,금요일,경기도 수원시 권선구 구운동,경상사고,0,0,1,0,차대사람 - 기타,안전운전불이행,포장 - 건조,맑음,교차로 - 교차로안,승용,여,60세,상해없음,보행자,남,10세,경상
2021042300100117,2021년 4월 23일 09시,금요일,경기도 오산시 누읍동,중상사고,0,1,0,0,차대사람 - 기타,안전운전불이행,포장 - 건조,맑음,교차로 - 교차로안,승용,남,50세,상해없음,보행자,여,84세,중상
2021042300100146,2021년 4월 23일 10시,금요일,경기도 오산시 원동,중상사고,0,1,0,0,차대사람 - 기타,신호위반,포장 - 건조,맑음,교차로 - 교차로안,화물,남,63세,상해없음,보행자,여,65세,중상
2021042300100152,2021년 4월 23일 10시,금요일,경기도 화성시 비봉면,중상사고,0,1,0,0,차대사람 - 보도통행중,보행자보호의무위반,포장 - 건조,맑음,교차로 - 교차로안,화물,남,59세,상해없음,보행자,여,42세,중상
2021042300100270,2021년 4월 23일 13시,금요일,경기도 평택시 세교동,중상사고,0,1,0,0,차대사람 - 횡단중,보행자보호의무위반,포장 - 건조,맑음,교차로 - 교차로횡단보도내,승용,여,53세,상해없음,보행자,여,79세,중상
2021042300100271,2021년 4월 23일 13시,금요일,경기도 용인시 기흥구 보라동,경상사고,0,0,1,0,차대사람 - 횡단중,신호위반,포장 - 건조,맑음,교차로 - 교차로횡단보도내,이륜,남,23세,상해없음,보행자,여,78세,경상
2021042300100273,2021년 4월 23일 13시,금요일,경기도 용인시 기흥구 중동,경상사고,0,0,1,0,차대사람 - 차도통행중,안전운전불이행,포장 - 기타,맑음,기타 - 기타,승용,남,42세,상해없음,보행자,남,44세,경상
2021042300100351,2021년 4월 23일 15시,금요일,경기도 화성시 진안동,중상사고,0,1,0,0,차대사람 - 기타,안전운전불이행,포장 - 건조,맑음,단일로 - 기타,승합,남,49세,상해없음,보행자,남,89세,중상
2021042300100372,2021년 4월 23일 15시,금요일,경기도 고양시 덕양구 용두동,중상사고,0,1,0,0,차대사람 - 횡단중,신호위반,포장 - 건조,맑음,교차로 - 교차로안,화물,남,67세,상해없음,보행자,남,62세,중상
2021042300100385,2021년 4월 23일 16시,금요일,경기도 안성시 석정동,중상사고,0,1,0,0,차대사람 - 횡단중,중앙선침범,포장 - 건조,맑음,단일로 - 기타,승용,여,31세,상해없음,보행자,여,48세,중상
2021042300100386,2021년 4월 23일 16시,금요일,경기도 이천시 중리동,중상사고,0,1,0,0,차대사람 - 횡단중,안전운전불이행,포장 - 건조,맑음,단일로 - 기타,승용,여,46세,상해없음,보행자,여,7세,중상
2021042300100454,2021년 4월 23일 17시,금요일,경기도 연천군 전곡읍,중상사고,0,1,0,0,차대사람 - 횡단중,불법유턴,포장 - 건조,맑음,단일로 - 기타,승용,남,27세,상해없음,보행자,여,45세,중상
2021042300100468,2021년 4월 23일 18시,금요일,경기도 안성시 대덕면,부상신고사고,0,0,0,1,차대사람 - 기타,안전운전불이행,포장 - 건조,맑음,단일로 - 기타,기타불명,기타불명,미분류,기타불명,보행자,남,27세,부상신고
2021042300100470,2021년 4월 23일 18시,금요일,경기도 광주시 곤지암읍,경상사고,0,0,1,0,차대사람 - 차도통행중,안전운전불이행,포장 - 건조,맑음,기타 - 기타,화물,남,60세,상해없음,보행자,남,52세,경상
2021042300100480,2021년 4월 23일 18시,금요일,경기도 군포시 대야미동,경상사고,0,0,1,0,차대사람 - 횡단중,보행자보호의무위반,포장 - 건조,맑음,교차로 - 교차로안,승용,여,45세,상해없음,보행자,여,68세,경상
2021042300100524,2021년 4월 23일 19시,금요일,경기도 화성시 송산면,경상사고,0,0,1,0,차대사람 - 길가장자리구역통행중,안전운전불이행,포장 - 건조,맑음,단일로 - 기타,승용,남,58세,상해없음,보행자,남,60세,경상
2021042300100528,2021년 4월 23일 19시,금요일,경기도 화성시 반송동,경상사고,0,0,1,0,차대사람 - 횡단중,신호위반,포장 - 서리/결빙,맑음,교차로 - 교차로부근,기타불명,기타불명,미분류,기타불명,보행자,여,12세,경상
2021042300100556,2021년 4월 23일 20시,금요일,경기도 성남시 수정구 수진동,경상사고,0,0,1,0,차대사람 - 기타,안전운전불이행,포장 - 건조,맑음,단일로 - 기타,이륜,남,34세,상해없음,보행자,여,64세,경상
2021042400100048,2021년 4월 24일 05시,토요일,경기도 성남시 수정구 수진동,중상사고,0,1,0,0,차대사람 - 횡단중,안전운전불이행,포장 - 건조,맑음,교차로 - 교차로횡단보도내,승용,남,43세,상해없음,보행자,여,69세,중상
2021042400100049,2021년 4월 24일 05시,토요일,경기도 평택시 통복동,경상사고,0,0,1,0,차대사람 - 기타,보행자보호의무위반,포장 - 건조,맑음,단일로 - 기타,승용,남,35세,상해없음,보행자,남,55세,경상
2021042400100072,2021년 4월 24일 07시,토요일,경기도 남양주시 화도읍,경상사고,0,0,1,0,차대사람 - 기타,안전운전불이행,포장 - 건조,맑음,교차로 - 교차로부근,이륜,남,60세,상해없음,보행자,여,86세,경상
2021042400100094,2021년 4월 24일 09시,토요일,경기도 시흥시 장현동,경상사고,0,0,1,0,차대사람 - 기타,교차로운행방법위반,포장 - 건조,맑음,교차로 - 교차로안,승용,남,41세,상해없음,보행자,남,50세,경상
2021042400100147,2021년 4월 24일 10시,토요일,경기도 의정부시 호원동,중상사고,0,1,0,0,차대사람 - 보도통행중,보행자보호의무위반,포장 - 건조,맑음,단일로 - 기타,승용,여,54세,상해없음,보행자,여,72세,중상
2021042400100167,2021년 4월 24일 11시,토요일,경기도 광명시 하안동,경상사고,0,0,1,0,차대사람 - 횡단중,보행자보호의무위반,포장 - 건조,맑음,교차로 - 교차로안,승합,남,71세,기타불명,보행자,여,25세,경상
2021042400100173,2021년 4월 24일 11시,토요일,경기도 화성시 능동,경상사고,0,0,1,0,차대사람 - 기타,안전운전불이행,포장 - 건조,맑음,주차장 - 주차장,승용,여,50세,상해없음,보행자,남,25세,경상
2021042400100239,2021년 4월 24일 13시,토요일,경기도 안산시 단원구 선부동,경상사고,0,0,1,0,차대사람 - 차도통행중,안전운전불이행,포장 - 건조,맑음,단일로 - 기타,승용,남,32세,상해없음,보행자,여,41세,경상
2021042400100240,2021년 4월 24일 13시,토요일,경기도 시흥시 신천동,중상사고,0,1,0,0,차대사람 - 기타,안전운전불이행,포장 - 건조,맑음,단일로 - 기타,승용,남,64세,상해없음,보행자,여,59세,중상
2021042400100275,2021년 4월 24일 14시,토요일,경기도 성남시 수정구 신흥동,경상사고,0,0,1,0,차대사람 - 기타,안전운전불이행,포장 - 건조,맑음,단일로 - 기타,승용,남,58세,상해없음,보행자,여,32세,경상
2021042400100281,2021년 4월 24일 14시,토요일,경기도 성남시 분당구 야탑동,부상신고사고,0,0,0,1,차대사람 - 기타,안전운전불이행,포장 - 건조,맑음,단일로 - 기타,자전거,남,48세,부상신고,보행자,남,66세,상해없음
2021042400100319,2021년 4월 24일 15시,토요일,경기도 광주시 송정동,중상사고,0,1,0,0,차대사람 - 차도통행중,안전운전불이행,포장 - 건조,맑음,교차로 - 교차로부근,승용,남,37세,상해없음,보행자,여,78세,중상
2021042400100326,2021년 4월 24일 15시,토요일,경기도 안산시 상록구 수암동,중상사고,0,1,0,0,차대사람 - 횡단중,보행자보호의무위반,포장 - 건조,맑음,교차로 - 교차로횡단보도내,승용,남,73세,상해없음,보행자,여,65세,중상
2021042400100378,2021년 4월 24일 16시,토요일,경기도 남양주시 평내동,부상신고사고,0,0,0,1,차대사람 - 기타,안전운전불이행,포장 - 건조,맑음,단일로 - 기타,기타불명,기타불명,미분류,기타불명,보행자,남,10세,부상신고
2021042400100390,2021년 4월 24일 17시,토요일,경기도 부천시 원미동,부상신고사고,0,0,0,1,차대사람 - 기타,안전운전불이행,포장 - 건조,맑음,교차로 - 교차로부근,승용,여,28세,상해없음,보행자,남,66세,부상신고
2021042400100421,2021년 4월 24일 17시,토요일,경기도 의정부시 의정부동,경상사고,0,0,1,0,차대사람 - 기타,안전운전불이행,포장 - 건조,맑음,기타 - 기타,승용,여,26세,상해없음,보행자,남,26세,경상
2021042400100423,2021년 4월 24일 17시,토요일,경기도 동두천시 지행동,경상사고,0,0,1,0,차대사람 - 기타,안전운전불이행,포장 - 건조,맑음,교차로 - 교차로횡단보도내,승용,여,57세,상해없음,보행자,남,39세,경상
2021042400100437,2021년 4월 24일 18시,토요일,경기도 수원시 장안구 영화동,중상사고,0,1,0,0,차대사람 - 기타,기타,포장 - 건조,맑음,교차로 - 교차로안,승용,남,31세,상해없음,보행자,남,4세,중상
2021042400100438,2021년 4월 24일 18시,토요일,경기도 성남시 수정구 신흥동,중상사고,0,1,1,0,차대사람 - 기타,안전운전불이행,포장 - 건조,맑음,교차로 - 교차로부근,승용,남,67세,상해없음,보행자,남,59세,경상
2021042400100439,2021년 4월 24일 18시,토요일,경기도 광주시 오포읍,중상사고,0,1,0,0,차대사람 - 횡단중,보행자보호의무위반,포장 - 건조,맑음,단일로 - 기타,이륜,남,19세,상해없음,보행자,여,62세,중상
2021042400100447,2021년 4월 24일 18시,토요일,경기도 용인시 기흥구 마북동,경상사고,0,0,1,0,차대사람 - 차도통행중,기타,포장 - 건조,맑음,단일로 - 기타,화물,남,56세,상해없음,보행자,여,52세,경상
2021042400100515,2021년 4월 24일 20시,토요일,경기도 수원시 팔달구 장안동,경상사고,0,0,1,0,차대사람 - 횡단중,보행자보호의무위반,포장 - 건조,맑음,교차로 - 교차로안,승용,여,24세,상해없음,보행자,여,54세,경상
2021042400100518,2021년 4월 24일 20시,토요일,경기도 성남시 중원구 성남동,경상사고,0,0,1,0,차대사람 - 길가장자리구역통행중,안전운전불이행,포장 - 건조,맑음,단일로 - 기타,화물,남,51세,상해없음,보행자,여,60세,경상
2021042400100520,2021년 4월 24일 20시,토요일,경기도 안산시 상록구 사동,경상사고,0,0,1,0,차대사람 - 차도통행중,안전운전불이행,포장 - 건조,맑음,교차로 - 교차로부근,승용,남,60세,상해없음,보행자,남,51세,경상
2021042400100521,2021년 4월 24일 20시,토요일,경기도 수원시 팔달구 고등동,경상사고,0,0,1,0,차대사람 - 기타,안전운전불이행,포장 - 건조,맑음,교차로 - 교차로안,승용,남,48세,상해없음,보행자,남,47세,경상
2021042400100522,2021년 4월 24일 20시,토요일,경기도 화성시 우정읍,사망사고,1,0,0,0,차대사람 - 기타,안전운전불이행,포장 - 건조,맑음,단일로 - 기타,승용,남,54세,상해없음,보행자,남,50세,사망
2021042400100542,2021년 4월 24일 20시,토요일,경기도 의정부시 금오동,경상사고,0,0,2,0,차대사람 - 횡단중,보행자보호의무위반,포장 - 건조,맑음,교차로 - 교차로횡단보도내,승용,남,59세,상해없음,보행자,남,23세,경상
2021042400100545,2021년 4월 24일 20시,토요일,경기도 구리시 수택동,경상사고,0,0,1,0,차대사람 - 기타,안전운전불이행,포장 - 건조,맑음,단일로 - 기타,승용,남,52세,상해없음,보행자,여,72세,경상
2021042400100562,2021년 4월 24일 21시,토요일,경기도 안산시 단원구 선부동,중상사고,0,1,0,0,차대사람 - 횡단중,안전운전불이행,포장 - 건조,맑음,기타 - 기타,승용,여,54세,상해없음,보행자,남,54세,중상
2021042400100586,2021년 4월 24일 22시,토요일,경기도 오산시 금암동,경상사고,0,0,1,0,차대사람 - 보도통행중,기타,포장 - 건조,맑음,단일로 - 기타,이륜,남,70세,상해없음,보행자,남,3세,경상
2021042500100112,2021년 4월 25일 11시,일요일,경기도 의왕시 삼동,경상사고,0,0,1,0,차대사람 - 보도통행중,안전운전불이행,포장 - 건조,맑음,단일로 - 기타,승용,여,50세,상해없음,보행자,여,12세,경상
2021042500100128,2021년 4월 25일 11시,일요일,경기도 의정부시 민락동,중상사고,0,1,0,0,차대사람 - 횡단중,안전운전불이행,포장 - 건조,맑음,교차로 - 교차로부근,승합,여,54세,상해없음,보행자,여,76세,중상
2021042500100205,2021년 4월 25일 13시,일요일,경기도 파주시 탄현면,경상사고,0,0,1,0,차대사람 - 기타,안전운전불이행,포장 - 건조,맑음,단일로 - 기타,승용,남,29세,상해없음,보행자,남,42세,경상
2021042500100214,2021년 4월 25일 14시,일요일,경기도 수원시 팔달구 팔달로1가,경상사고,0,0,1,0,차대사람 - 횡단중,보행자보호의무위반,포장 - 건조,맑음,교차로 - 교차로횡단보도내,승용,남,63세,상해없음,보행자,남,47세,경상