사고번호,사고일시,요일,시군구,사고내용,사망자수,중상자수,경상자수,부상신고자수,사고유형,법규위반,노면상태,기상상태,도로형태,가해운전자 차종,가해운전자 성별,가해운전자 연령,가해운전자 상해정도,피해운전자 차종,피해운전자 성별,피해운전자 연령,피해운전자 상해정도
2021042500100218,2021년 4월 25일 14시,일요일,경기도 광주시 곤지암읍,경상사고,0,0,2,0,차대사람 - 횡단중,보행자보호의무위반,포장 - 건조,맑음,교차로 - 교차로횡단보도내,승용,남,64세,상해없음,보행자,남,60세,경상
2021042500100248,2021년 4월 25일 14시,일요일,경기도 남양주시 별내동,경상사고,0,0,1,0,차대사람 - 차도통행중,안전운전불이행,포장 - 건조,맑음,교차로 - 교차로안,승용,남,67세,상해없음,보행자,남,22세,경상
2021042500100266,2021년 4월 25일 15시,일요일,경기도 김포시 고촌읍,중상사고,0,1,0,0,차대사람 - 기타,안전운전불이행,포장 - 건조,맑음,단일로 - 기타,건설기계,남,57세,상해없음,보행자,남,44세,중상
2021042500100267,2021년 4월 25일 15시,일요일,경기도 부천시 원미동,경상사고,0,0,1,0,차대사람 - 기타,안전운전불이행,포장 - 건조,맑음,단일로 - 기타,승용,여,36세,상해없음,보행자,남,71세,경상
2021042500100343,2021년 4월 25일 17시,일요일,경기도 성남시 분당구 서현동,경상사고,0,0,1,0,차대사람 - 횡단중,보행자보호의무위반,포장 - 건조,맑음,기타 - 기타,승용,남,72세,상해없음,보행자,남,43세,경상
2021042500100368,2021년 4월 25일 17시,일요일,경기도 고양시 덕양구 신원동,중상사고,0,1,0,0,차대사람 - 기타,안전운전불이행,포장 - 건조,맑음,단일로 - 기타,자전거,남,11세,상해없음,보행자,여,80세,중상
2021042500100382,2021년 4월 25일 18시,일요일,경기도 화성시 서신면,경상사고,0,0,1,0,차대사람 - 차도통행중,안전운전불이행,포장 - 건조,맑음,단일로 - 기타,사륜오토바이(ATV),남,21세,상해없음,보행자,남,5세,경상
2021042500100428,2021년 4월 25일 19시,일요일,경기도 고양시 일산동구 중산동,중상사고,0,1,0,0,차대사람 - 기타,안전운전불이행,포장 - 건조,맑음,주차장 - 주차장,승용,여,55세,상해없음,보행자,여,74세,중상
2021042500100429,2021년 4월 25일 19시,일요일,경기도 남양주시 수석동,중상사고,0,1,0,0,차대사람 - 횡단중,안전운전불이행,포장 - 건조,맑음,단일로 - 기타,자전거,남,48세,중상,보행자,여,5세,상해없음
2021042500100473,2021년 4월 25일 22시,일요일,경기도 부천시 상동,경상사고,0,0,1,0,차대사람 - 횡단중,보행자보호의무위반,포장 - 건조,흐림,교차로 - 교차로안,승합,남,36세,상해없음,보행자,남,20세,경상
2021042500100482,2021년 4월 25일 22시,일요일,경기도 파주시 와동동,중상사고,0,1,0,0,차대사람 - 기타,안전운전불이행,포장 - 건조,맑음,단일로 - 기타,승용,여,57세,상해없음,보행자,남,36세,중상
2021042500100483,2021년 4월 25일 22시,일요일,경기도 파주시 조리읍,경상사고,0,0,1,0,차대사람 - 기타,안전운전불이행,포장 - 건조,맑음,단일로 - 기타,승용,남,56세,상해없음,보행자,남,31세,경상
2021042500100487,2021년 4월 25일 23시,일요일,경기도 안산시 단원구 선부동,경상사고,0,0,1,0,차대사람 - 횡단중,신호위반,포장 - 건조,맑음,교차로 - 교차로안,이륜,남,30세,상해없음,보행자,남,62세,경상
2021042600100081,2021년 4월 26일 08시,월요일,경기도 수원시 팔달구 우만동,경상사고,0,0,1,0,차대사람 - 기타,안전운전불이행,포장 - 건조,맑음,기타 - 기타,기타불명,기타불명,미분류,기타불명,보행자,여,9세,경상
2021042600100084,2021년 4월 26일 08시,월요일,경기도 용인시 처인구 백암면,중상사고,0,1,0,0,차대사람 - 차도통행중,안전운전불이행,포장 - 건조,맑음,단일로 - 기타,승용,남,43세,상해없음,보행자,여,17세,중상
2021042600100085,2021년 4월 26일 08시,월요일,경기도 부천시 심곡동,중상사고,0,1,0,0,차대사람 - 보도통행중,안전운전불이행,포장 - 건조,맑음,교차로 - 교차로횡단보도내,승용,남,59세,상해없음,보행자,여,54세,중상
2021042600100123,2021년 4월 26일 08시,월요일,경기도 파주시 야당동,경상사고,0,0,1,0,차대사람 - 기타,안전운전불이행,포장 - 건조,맑음,단일로 - 기타,승용,여,40세,상해없음,보행자,여,13세,경상
2021042600100138,2021년 4월 26일 09시,월요일,경기도 오산시 내삼미동,중상사고,0,1,0,0,차대사람 - 횡단중,신호위반,포장 - 건조,맑음,교차로 - 교차로안,승용,여,41세,상해없음,보행자,여,70세,중상
2021042600100140,2021년 4월 26일 09시,월요일,경기도 부천시 작동,경상사고,0,0,1,0,차대사람 - 횡단중,신호위반,포장 - 건조,맑음,교차로 - 교차로횡단보도내,승용,남,30세,상해없음,보행자,남,6세,경상
2021042600100166,2021년 4월 26일 10시,월요일,경기도 평택시 청북읍,중상사고,0,1,0,0,차대사람 - 기타,기타,포장 - 건조,맑음,단일로 - 기타,승용,여,37세,상해없음,보행자,남,65세,중상
2021042600100203,2021년 4월 26일 11시,월요일,경기도 수원시 장안구 천천동,중상사고,0,1,0,0,차대사람 - 횡단중,보행자보호의무위반,포장 - 건조,맑음,교차로 - 교차로횡단보도내,승용,남,40세,상해없음,보행자,여,20세,중상
2021042600100262,2021년 4월 26일 13시,월요일,경기도 성남시 분당구 야탑동,경상사고,0,0,1,0,차대사람 - 기타,안전운전불이행,포장 - 건조,맑음,기타 - 기타,자전거,남,20세,상해없음,보행자,남,38세,경상
2021042600100306,2021년 4월 26일 14시,월요일,경기도 안산시 단원구 선부동,경상사고,0,0,1,0,차대사람 - 횡단중,안전운전불이행,포장 - 건조,맑음,단일로 - 기타,승용,여,50세,상해없음,보행자,남,6세,경상
2021042600100415,2021년 4월 26일 16시,월요일,경기도 고양시 덕양구 성사동,경상사고,0,0,1,0,차대사람 - 횡단중,보행자보호의무위반,포장 - 건조,맑음,교차로 - 교차로안,승용,여,46세,상해없음,보행자,여,69세,경상
2021042600100417,2021년 4월 26일 16시,월요일,경기도 남양주시 금곡동,중상사고,0,1,1,0,차대사람 - 보도통행중,신호위반,포장 - 건조,맑음,교차로 - 교차로안,승용,남,41세,상해없음,보행자,여,15세,중상
2021042600100435,2021년 4월 26일 17시,월요일,경기도 수원시 영통구 망포동,중상사고,0,1,0,0,차대사람 - 횡단중,신호위반,포장 - 건조,맑음,교차로 - 교차로횡단보도내,이륜,남,54세,상해없음,보행자,남,11세,중상
2021042600100437,2021년 4월 26일 17시,월요일,경기도 의왕시 내손동,중상사고,0,1,0,0,차대사람 - 기타,안전운전불이행,포장 - 건조,맑음,교차로 - 교차로안,승합,남,73세,상해없음,보행자,여,79세,중상
2021042600100548,2021년 4월 26일 20시,월요일,경기도 성남시 분당구 삼평동,경상사고,0,0,1,0,차대사람 - 차도통행중,안전운전불이행,포장 - 젖음/습기,비,단일로 - 기타,승용,남,47세,기타불명,보행자,여,50세,경상
2021042600100552,2021년 4월 26일 20시,월요일,경기도 용인시 수지구 풍덕천동,경상사고,0,0,1,0,차대사람 - 기타,안전운전불이행,포장 - 건조,맑음,단일로 - 기타,승용,여,76세,상해없음,보행자,남,62세,경상
2021042600100572,2021년 4월 26일 21시,월요일,경기도 시흥시 광석동,부상신고사고,0,0,0,1,차대사람 - 기타,안전운전불이행,포장 - 건조,맑음,단일로 - 기타,승합,남,40세,상해없음,보행자,남,60세,부상신고
2021042600100595,2021년 4월 26일 22시,월요일,경기도 평택시 평택동,중상사고,0,1,0,0,차대사람 - 차도통행중,안전운전불이행,포장 - 건조,맑음,교차로 - 교차로안,승용,남,29세,상해없음,보행자,남,36세,중상
2021042600100601,2021년 4월 26일 22시,월요일,경기도 군포시 금정동,사망사고,1,0,0,0,차대사람 - 기타,과속,포장 - 건조,맑음,단일로 - 기타,승용,남,21세,상해없음,보행자,남,59세,사망
2021042600100613,2021년 4월 26일 22시,월요일,경기도 구리시 사노동,경상사고,0,0,1,0,차대사람 - 기타,안전운전불이행,포장 - 건조,맑음,단일로 - 기타,승용,남,60세,상해없음,보행자,남,25세,경상
2021042600100626,2021년 4월 26일 23시,월요일,경기도 구리시 수택동,경상사고,0,0,1,0,차대사람 - 차도통행중,안전운전불이행,포장 - 건조,맑음,단일로 - 기타,승용,여,57세,상해없음,보행자,남,22세,경상
2021042700100002,2021년 4월 27일 00시,화요일,경기도 평택시 안중읍,경상사고,0,0,1,0,차대사람 - 기타,안전운전불이행,포장 - 건조,맑음,교차로 - 교차로안,승용,남,36세,상해없음,보행자,남,53세,경상
2021042700100068,2021년 4월 27일 08시,화요일,경기도 안산시 상록구 월피동,중상사고,0,1,0,0,차대사람 - 횡단중,안전운전불이행,포장 - 건조,맑음,교차로 - 교차로횡단보도내,승용,여,44세,상해없음,보행자,여,65세,중상
2021042700100133,2021년 4월 27일 10시,화요일,경기도 안성시 죽산면,중상사고,0,1,0,0,차대사람 - 기타,안전운전불이행,포장 - 건조,맑음,교차로 - 교차로안,승용,남,24세,상해없음,보행자,여,78세,중상
2021042700100135,2021년 4월 27일 10시,화요일,경기도 안산시 단원구 선부동,경상사고,0,0,1,0,차대사람 - 횡단중,신호위반,포장 - 건조,맑음,교차로 - 교차로부근,원동기,남,28세,기타불명,보행자,여,34세,경상
2021042700100165,2021년 4월 27일 11시,화요일,경기도 시흥시 신천동,경상사고,0,0,1,0,차대사람 - 차도통행중,안전운전불이행,포장 - 건조,맑음,교차로 - 교차로안,개인형이동수단(PM),남,16세,상해없음,보행자,여,58세,경상
2021042700100182,2021년 4월 27일 11시,화요일,경기도 고양시 일산서구 주엽동,경상사고,0,0,1,0,차대사람 - 횡단중,보행자보호의무위반,포장 - 건조,맑음,교차로 - 교차로횡단보도내,특수,남,50세,상해없음,보행자,남,17세,경상
2021042700100197,2021년 4월 27일 12시,화요일,경기도 광주시 곤지암읍,경상사고,0,0,1,0,차대사람 - 기타,기타,포장 - 건조,맑음,교차로 - 교차로부근,승용,남,60세,상해없음,보행자,남,65세,경상
2021042700100202,2021년 4월 27일 12시,화요일,경기도 여주시 가남읍,경상사고,0,0,1,0,차대사람 - 기타,안전운전불이행,포장 - 건조,맑음,주차장 - 주차장,승용,남,43세,기타불명,보행자,남,36세,경상
2021042700100232,2021년 4월 27일 13시,화요일,경기도 안양시 동안구 관양동,중상사고,0,1,0,0,차대사람 - 횡단중,안전운전불이행,포장 - 건조,맑음,교차로 - 교차로횡단보도내,승용,남,33세,상해없음,보행자,여,87세,중상
2021042700100255,2021년 4월 27일 13시,화요일,경기도 구리시 수택동,경상사고,0,0,1,0,차대사람 - 기타,안전운전불이행,포장 - 건조,맑음,단일로 - 기타,승용,남,25세,상해없음,보행자,여,28세,경상
2021042700100303,2021년 4월 27일 15시,화요일,경기도 안양시 만안구 석수동,경상사고,0,0,1,0,차대사람 - 보도통행중,기타,포장 - 건조,맑음,기타 - 기타,자전거,여,44세,상해없음,보행자,여,56세,경상
2021042700100315,2021년 4월 27일 15시,화요일,경기도 남양주시 수동면,경상사고,0,0,1,0,차대사람 - 기타,안전운전불이행,포장 - 건조,맑음,단일로 - 기타,화물,여,49세,상해없음,보행자,여,84세,경상
2021042700100321,2021년 4월 27일 15시,화요일,경기도 연천군 전곡읍,중상사고,0,1,0,0,차대사람 - 횡단중,안전운전불이행,포장 - 건조,맑음,교차로 - 교차로부근,승용,여,38세,상해없음,보행자,여,58세,중상
2021042700100373,2021년 4월 27일 17시,화요일,경기도 평택시 청북읍,경상사고,0,0,1,0,차대사람 - 횡단중,보행자보호의무위반,포장 - 건조,맑음,교차로 - 교차로안,이륜,남,46세,상해없음,보행자,남,11세,경상
2021042700100380,2021년 4월 27일 17시,화요일,경기도 안양시 만안구 안양동,경상사고,0,0,1,0,차대사람 - 기타,안전운전불이행,포장 - 건조,맑음,교차로 - 교차로부근,이륜,남,35세,상해없음,보행자,여,58세,경상
2021042700100412,2021년 4월 27일 18시,화요일,경기도 수원시 팔달구 구천동,경상사고,0,0,1,0,차대사람 - 기타,안전운전불이행,포장 - 건조,맑음,단일로 - 기타,승용,여,32세,상해없음,보행자,남,31세,경상
2021042700100415,2021년 4월 27일 18시,화요일,경기도 광주시 태전동,경상사고,0,0,1,0,차대사람 - 기타,기타,포장 - 건조,맑음,기타 - 기타,승용,여,40세,상해없음,보행자,여,50세,경상
2021042700100417,2021년 4월 27일 18시,화요일,경기도 용인시 처인구 역북동,경상사고,0,0,1,0,차대사람 - 보도통행중,안전운전불이행,포장 - 건조,맑음,미분류 - 미분류,기타불명,기타불명,미분류,기타불명,보행자,남,44세,경상
2021042700100420,2021년 4월 27일 18시,화요일,경기도 광명시 하안동,중상사고,0,1,0,0,차대사람 - 횡단중,안전운전불이행,포장 - 건조,맑음,교차로 - 교차로부근,이륜,남,19세,상해없음,보행자,남,48세,중상
2021042700100450,2021년 4월 27일 18시,화요일,경기도 의정부시 용현동,경상사고,0,0,1,0,차대사람 - 기타,안전운전불이행,포장 - 기타,기타,교차로 - 교차로부근,승합,남,64세,상해없음,보행자,여,48세,경상
2021042700100453,2021년 4월 27일 18시,화요일,경기도 연천군 전곡읍,경상사고,0,0,1,0,차대사람 - 횡단중,안전운전불이행,포장 - 건조,맑음,단일로 - 지하차도(도로)내,승용,남,46세,상해없음,보행자,남,59세,경상
2021042700100482,2021년 4월 27일 19시,화요일,경기도 의정부시 호원동,중상사고,0,1,0,0,차대사람 - 횡단중,안전운전불이행,포장 - 건조,맑음,단일로 - 기타,승합,여,61세,상해없음,보행자,여,63세,중상
2021042700100484,2021년 4월 27일 19시,화요일,경기도 고양시 일산동구 성석동,사망사고,1,0,0,0,차대사람 - 횡단중,안전운전불이행,포장 - 젖음/습기,흐림,교차로 - 교차로안,화물,남,42세,상해없음,보행자,남,77세,사망
2021042700100496,2021년 4월 27일 20시,화요일,경기도 평택시 신장동,중상사고,0,1,0,0,차대사람 - 횡단중,보행자보호의무위반,포장 - 건조,맑음,교차로 - 교차로횡단보도내,승용,남,65세,상해없음,보행자,여,68세,중상
2021042700100498,2021년 4월 27일 20시,화요일,경기도 안산시 상록구 본오동,부상신고사고,0,0,0,1,차대사람 - 횡단중,보행자보호의무위반,포장 - 건조,맑음,단일로 - 기타,이륜,남,34세,상해없음,보행자,남,6세,부상신고
2021042700100522,2021년 4월 27일 20시,화요일,경기도 구리시 수택동,중상사고,0,1,0,0,차대사람 - 차도통행중,안전운전불이행,포장 - 건조,맑음,단일로 - 기타,승용,남,65세,기타불명,보행자,남,51세,중상
2021042700100539,2021년 4월 27일 21시,화요일,경기도 화성시 반정동,사망사고,1,0,0,0,차대사람 - 길가장자리구역통행중,안전운전불이행,포장 - 건조,맑음,단일로 - 기타,화물,남,35세,상해없음,보행자,남,67세,사망
2021042700100581,2021년 4월 27일 23시,화요일,경기도 수원시 팔달구 우만동,경상사고,0,0,1,0,차대사람 - 기타,안전운전불이행,포장 - 건조,맑음,단일로 - 지하차도(도로)내,승용,남,61세,상해없음,보행자,여,24세,경상
2021042800100005,2021년 4월 28일 00시,수요일,경기도 군포시 당동,중상사고,0,1,0,0,차대사람 - 횡단중,신호위반,포장 - 젖음/습기,비,단일로 - 기타,승합,남,66세,기타불명,보행자,여,25세,중상
2021042800100010,2021년 4월 28일 00시,수요일,경기도 양주시 삼숭동,경상사고,0,0,1,0,차대사람 - 차도통행중,안전운전불이행,포장 - 젖음/습기,비,단일로 - 기타,이륜,남,50세,상해없음,보행자,남,46세,경상
2021042800100057,2021년 4월 28일 07시,수요일,경기도 수원시 영통구 하동,경상사고,0,0,1,0,차대사람 - 횡단중,안전운전불이행,포장 - 건조,맑음,단일로 - 기타,승용,여,32세,상해없음,보행자,여,31세,경상
2021042800100088,2021년 4월 28일 08시,수요일,경기도 광명시 철산동,경상사고,0,0,1,0,차대사람 - 횡단중,신호위반,포장 - 건조,맑음,교차로 - 교차로안,화물,여,43세,상해없음,보행자,여,48세,경상
2021042800100089,2021년 4월 28일 08시,수요일,경기도 광명시 철산동,부상신고사고,0,0,0,1,차대사람 - 길가장자리구역통행중,안전운전불이행,포장 - 건조,맑음,단일로 - 기타,자전거,남,48세,부상신고,보행자,남,47세,상해없음
2021042800100132,2021년 4월 28일 09시,수요일,경기도 수원시 권선구 권선동,중상사고,0,1,0,0,차대사람 - 기타,안전운전불이행,포장 - 건조,맑음,단일로 - 기타,원동기,남,53세,상해없음,보행자,여,82세,중상
2021042800100133,2021년 4월 28일 09시,수요일,경기도 군포시 당동,중상사고,0,1,0,0,차대사람 - 횡단중,안전운전불이행,포장 - 건조,맑음,기타 - 기타,승용,여,37세,상해없음,보행자,여,85세,중상
2021042800100157,2021년 4월 28일 10시,수요일,경기도 부천시 심곡동,중상사고,0,1,0,0,차대사람 - 횡단중,안전운전불이행,포장 - 건조,맑음,교차로 - 교차로부근,화물,남,58세,상해없음,보행자,여,62세,중상
2021042800100180,2021년 4월 28일 11시,수요일,경기도 성남시 분당구 금곡동,경상사고,0,0,1,0,차대사람 - 기타,안전운전불이행,포장 - 건조,맑음,기타 - 기타,승용,여,71세,상해없음,보행자,남,58세,경상
2021042800100224,2021년 4월 28일 12시,수요일,경기도 남양주시 와부읍,중상사고,0,1,0,0,차대사람 - 기타,안전운전불이행,포장 - 건조,맑음,교차로 - 교차로부근,개인형이동수단(PM),남,20세,상해없음,보행자,여,69세,중상
2021042800100270,2021년 4월 28일 14시,수요일,경기도 안성시 대천동,경상사고,0,0,1,0,차대사람 - 횡단중,안전운전불이행,포장 - 건조,맑음,단일로 - 기타,화물,남,70세,상해없음,보행자,여,17세,경상
2021042800100273,2021년 4월 28일 14시,수요일,경기도 안산시 단원구 선부동,중상사고,0,1,0,0,차대사람 - 기타,안전운전불이행,포장 - 건조,맑음,단일로 - 기타,승용,남,25세,상해없음,보행자,남,73세,중상
2021042800100365,2021년 4월 28일 17시,수요일,경기도 평택시 합정동,경상사고,0,0,1,0,차대사람 - 기타,안전운전불이행,포장 - 건조,맑음,교차로 - 교차로안,승용,여,31세,상해없음,보행자,남,8세,경상
2021042800100366,2021년 4월 28일 17시,수요일,경기도 용인시 기흥구 신갈동,경상사고,0,0,1,0,차대사람 - 기타,안전운전불이행,포장 - 건조,흐림,단일로 - 기타,승용,남,47세,상해없음,보행자,남,3세,경상
2021042800100404,2021년 4월 28일 18시,수요일,경기도 평택시 용이동,경상사고,0,0,1,0,차대사람 - 보도통행중,기타,포장 - 건조,맑음,단일로 - 기타,이륜,남,34세,상해없음,보행자,남,23세,경상
2021042800100410,2021년 4월 28일 18시,수요일,경기도 안산시 단원구 고잔동,중상사고,0,1,0,0,차대사람 - 횡단중,신호위반,포장 - 건조,맑음,기타 - 기타,승용,여,42세,상해없음,보행자,남,13세,중상
2021042800100451,2021년 4월 28일 19시,수요일,경기도 성남시 분당구 삼평동,경상사고,0,0,1,0,차대사람 - 기타,안전운전불이행,포장 - 건조,맑음,단일로 - 기타,승용,여,42세,상해없음,보행자,남,37세,경상
2021042800100514,2021년 4월 28일 21시,수요일,경기도 성남시 중원구 성남동,경상사고,0,0,1,0,차대사람 - 기타,안전운전불이행,포장 - 건조,맑음,단일로 - 기타,승용,남,64세,상해없음,보행자,남,19세,경상
2021042800100560,2021년 4월 28일 22시,수요일,경기도 고양시 일산서구 대화동,경상사고,0,0,2,0,차대사람 - 기타,안전운전불이행,포장 - 건조,맑음,단일로 - 기타,자전거,남,27세,경상,보행자,여,19세,경상
2021042900100032,2021년 4월 29일 05시,목요일,경기도 안산시 단원구 선부동,중상사고,0,1,0,0,차대사람 - 보도통행중,보행자보호의무위반,포장 - 건조,맑음,단일로 - 기타,승용,남,56세,상해없음,보행자,여,65세,중상
2021042900100054,2021년 4월 29일 07시,목요일,경기도 용인시 처인구 마평동,경상사고,0,0,1,0,차대사람 - 기타,안전운전불이행,포장 - 건조,맑음,기타 - 기타,승합,남,55세,기타불명,보행자,여,64세,경상
2021042900100136,2021년 4월 29일 09시,목요일,경기도 가평군 청평면,경상사고,0,0,1,0,차대사람 - 기타,안전운전불이행,포장 - 건조,맑음,주차장 - 주차장,승용,남,69세,상해없음,보행자,여,51세,경상
2021042900100145,2021년 4월 29일 10시,목요일,경기도 용인시 수지구 상현동,경상사고,0,0,1,0,차대사람 - 기타,안전운전불이행,포장 - 건조,맑음,단일로 - 기타,승합,남,60세,상해없음,보행자,여,54세,경상
2021042900100158,2021년 4월 29일 10시,목요일,경기도 의정부시 용현동,중상사고,0,1,0,0,차대사람 - 횡단중,보행자보호의무위반,포장 - 건조,맑음,교차로 - 교차로횡단보도내,승용,남,60세,상해없음,보행자,여,72세,중상
2021042900100172,2021년 4월 29일 11시,목요일,경기도 오산시 오산동,중상사고,0,1,0,0,차대사람 - 기타,안전운전불이행,포장 - 건조,맑음,교차로 - 교차로안,승용,여,57세,상해없음,보행자,여,53세,중상
2021042900100174,2021년 4월 29일 11시,목요일,경기도 부천시 원미동,경상사고,0,0,1,0,차대사람 - 기타,안전운전불이행,포장 - 건조,맑음,단일로 - 기타,화물,남,30세,기타불명,보행자,여,54세,경상
2021042900100212,2021년 4월 29일 12시,목요일,경기도 성남시 중원구 하대원동,중상사고,0,1,0,0,차대사람 - 기타,기타,포장 - 건조,맑음,기타 - 기타,승용,남,49세,상해없음,보행자,여,56세,중상
2021042900100246,2021년 4월 29일 13시,목요일,경기도 수원시 팔달구 팔달로2가,경상사고,0,0,1,0,차대사람 - 횡단중,보행자보호의무위반,포장 - 건조,맑음,교차로 - 교차로안,승용,남,75세,상해없음,보행자,여,60세,경상
2021042900100254,2021년 4월 29일 13시,목요일,경기도 안산시 상록구 본오동,부상신고사고,0,0,0,1,차대사람 - 횡단중,안전운전불이행,포장 - 건조,맑음,단일로 - 기타,이륜,남,24세,상해없음,보행자,남,50세,부상신고
2021042900100280,2021년 4월 29일 14시,목요일,경기도 평택시 안중읍,경상사고,0,0,1,0,차대사람 - 횡단중,보행자보호의무위반,포장 - 건조,맑음,교차로 - 교차로부근,승용,여,25세,기타불명,보행자,여,7세,경상
2021042900100317,2021년 4월 29일 15시,목요일,경기도 부천시 심곡본동,경상사고,0,0,1,0,차대사람 - 기타,보행자보호의무위반,포장 - 건조,맑음,교차로 - 교차로안,승용,남,50세,상해없음,보행자,남,55세,경상
2021042900100341,2021년 4월 29일 15시,목요일,경기도 남양주시 오남읍,경상사고,0,0,1,0,차대사람 - 기타,안전운전불이행,포장 - 건조,맑음,기타 - 기타,승용,남,67세,상해없음,보행자,남,63세,경상
2021042900100350,2021년 4월 29일 16시,목요일,경기도 광주시 오포읍,중상사고,0,1,0,0,차대사람 - 기타,보행자보호의무위반,포장 - 건조,맑음,교차로 - 교차로횡단보도내,승용,여,35세,상해없음,보행자,여,14세,중상
2021042900100359,2021년 4월 29일 16시,목요일,경기도 성남시 분당구 서현동,경상사고,0,0,1,0,차대사람 - 기타,안전운전불이행,포장 - 건조,맑음,단일로 - 기타,자전거,남,65세,상해없음,보행자,여,11세,경상
2021042900100392,2021년 4월 29일 17시,목요일,경기도 성남시 수정구 신흥동,경상사고,0,0,1,0,차대사람 - 기타,안전운전불이행,포장 - 건조,맑음,단일로 - 기타,승용,남,62세,상해없음,보행자,남,56세,경상
2021042900100396,2021년 4월 29일 17시,목요일,경기도 용인시 처인구 양지면,경상사고,0,0,1,0,차대사람 - 횡단중,보행자보호의무위반,포장 - 건조,맑음,단일로 - 기타,화물,여,52세,상해없음,보행자,남,85세,경상
2021042900100399,2021년 4월 29일 17시,목요일,경기도 광명시 광명동,중상사고,0,1,0,0,차대사람 - 차도통행중,안전운전불이행,포장 - 건조,맑음,교차로 - 교차로안,승용,남,46세,상해없음,보행자,여,42세,중상
2021042900100429,2021년 4월 29일 17시,목요일,경기도 남양주시 일패동,경상사고,0,0,1,0,차대사람 - 횡단중,안전운전불이행,포장 - 건조,맑음,단일로 - 기타,승용,남,64세,상해없음,보행자,남,12세,경상
2021042900100507,2021년 4월 29일 19시,목요일,경기도 성남시 중원구 성남동,경상사고,0,0,1,0,차대사람 - 기타,안전운전불이행,포장 - 건조,맑음,단일로 - 기타,기타불명,기타불명,미분류,기타불명,보행자,여,29세,경상
2021042900100528,2021년 4월 29일 20시,목요일,경기도 평택시 용이동,경상사고,0,0,1,0,차대사람 - 기타,안전운전불이행,포장 - 건조,맑음,단일로 - 기타,자전거,기타불명,미분류,기타불명,보행자,여,28세,경상
2021042900100530,2021년 4월 29일 20시,목요일,경기도 안양시 동안구 관양동,경상사고,0,0,2,0,차대사람 - 기타,안전운전불이행,포장 - 건조,흐림,단일로 - 기타,화물,남,53세,상해없음,보행자,남,22세,경상
2021042900100534,2021년 4월 29일 20시,목요일,경기도 수원시 팔달구 매교동,중상사고,0,1,0,0,차대사람 - 횡단중,안전운전불이행,포장 - 젖음/습기,기타,단일로 - 기타,승용,남,82세,상해없음,보행자,남,59세,중상
2021042900100561,2021년 4월 29일 21시,목요일,경기도 용인시 처인구 이동읍,중상사고,0,1,1,0,차대사람 - 횡단중,안전운전불이행,포장 - 젖음/습기,비,단일로 - 기타,이륜,남,18세,경상,보행자,여,57세,중상
2021042900100583,2021년 4월 29일 21시,목요일,경기도 고양시 일산동구 장항동,중상사고,0,1,0,0,차대사람 - 기타,안전운전불이행,포장 - 건조,맑음,단일로 - 기타,자전거,남,40세,상해없음,보행자,남,16세,중상
2021042900100595,2021년 4월 29일 22시,목요일,경기도 수원시 권선구 세류동,중상사고,0,1,0,0,차대사람 - 횡단중,안전운전불이행,포장 - 젖음/습기,비,교차로 - 교차로횡단보도내,이륜,남,51세,상해없음,보행자,여,74세,중상
2021042900100597,2021년 4월 29일 22시,목요일,경기도 수원시 영통구 원천동,경상사고,0,0,1,0,차대사람 - 횡단중,신호위반,포장 - 젖음/습기,비,교차로 - 교차로횡단보도내,이륜,남,41세,기타불명,보행자,남,24세,경상
2021042900100629,2021년 4월 29일 23시,목요일,경기도 안양시 동안구 비산동,경상사고,0,0,1,0,차대사람 - 차도통행중,교차로운행방법위반,포장 - 젖음/습기,비,교차로 - 교차로안,승용,남,28세,상해없음,보행자,남,37세,경상
2021043000100064,2021년 4월 30일 07시,금요일,경기도 부천시 중동,경상사고,0,0,1,0,차대사람 - 기타,안전운전불이행,포장 - 건조,맑음,교차로 - 교차로부근,승용,남,65세,상해없음,보행자,남,50세,경상
2021043000100088,2021년 4월 30일 08시,금요일,경기도 평택시 장안동,부상신고사고,0,0,0,1,차대사람 - 기타,안전운전불이행,포장 - 건조,맑음,단일로 - 기타,기타불명,기타불명,미분류,기타불명,보행자,남,13세,부상신고
2021043000100093,2021년 4월 30일 08시,금요일,경기도 수원시 권선구 오목천동,경상사고,0,0,1,0,차대사람 - 횡단중,신호위반,포장 - 건조,맑음,교차로 - 교차로안,승용,여,43세,상해없음,보행자,남,8세,경상
2021043000100131,2021년 4월 30일 09시,금요일,경기도 시흥시 대야동,경상사고,0,0,1,0,차대사람 - 기타,안전운전불이행,포장 - 건조,맑음,단일로 - 기타,승합,남,56세,상해없음,보행자,여,61세,경상
2021043000100145,2021년 4월 30일 09시,금요일,경기도 의정부시 의정부동,경상사고,0,0,1,0,차대사람 - 기타,안전운전불이행,포장 - 건조,맑음,단일로 - 기타,자전거,여,33세,상해없음,보행자,남,24세,경상
2021043000100226,2021년 4월 30일 12시,금요일,경기도 오산시 누읍동,중상사고,0,1,0,0,차대사람 - 횡단중,안전운전불이행,포장 - 젖음/습기,흐림,교차로 - 교차로횡단보도내,승합,남,51세,상해없음,보행자,여,48세,중상
2021043000100227,2021년 4월 30일 12시,금요일,경기도 광명시 광명동,중상사고,0,1,0,0,차대사람 - 기타,교차로운행방법위반,포장 - 건조,맑음,교차로 - 교차로부근,승용,여,59세,상해없음,보행자,여,67세,중상