사고번호,사고일시,요일,시군구,사고내용,사망자수,중상자수,경상자수,부상신고자수,사고유형,법규위반,노면상태,기상상태,도로형태,가해운전자 차종,가해운전자 성별,가해운전자 연령,가해운전자 상해정도,피해운전자 차종,피해운전자 성별,피해운전자 연령,피해운전자 상해정도
2021043000100263,2021년 4월 30일 13시,금요일,경기도 성남시 중원구 성남동,중상사고,0,1,0,0,차대사람 - 횡단중,신호위반,포장 - 건조,맑음,단일로 - 기타,승용,남,42세,기타불명,보행자,여,67세,중상
2021043000100326,2021년 4월 30일 14시,금요일,경기도 고양시 일산서구 덕이동,중상사고,0,1,0,0,차대사람 - 기타,안전운전불이행,포장 - 건조,맑음,단일로 - 기타,승용,남,44세,상해없음,보행자,여,62세,중상
2021043000100377,2021년 4월 30일 16시,금요일,경기도 안산시 단원구 초지동,경상사고,0,0,1,0,차대사람 - 기타,안전운전불이행,포장 - 건조,맑음,교차로 - 교차로안,화물,남,62세,상해없음,보행자,남,34세,경상
2021043000100426,2021년 4월 30일 17시,금요일,경기도 평택시 안중읍,부상신고사고,0,0,0,1,차대사람 - 기타,안전운전불이행,포장 - 건조,맑음,기타 - 기타,개인형이동수단(PM),남,11세,기타불명,보행자,여,7세,부상신고
2021043000100428,2021년 4월 30일 17시,금요일,경기도 부천시 중동,경상사고,0,0,1,0,차대사람 - 기타,안전운전불이행,포장 - 건조,맑음,단일로 - 기타,승합,남,56세,상해없음,보행자,여,74세,경상
2021043000100486,2021년 4월 30일 18시,금요일,경기도 시흥시 월곶동,경상사고,0,0,1,0,차대사람 - 기타,안전운전불이행,포장 - 건조,맑음,단일로 - 기타,승합,남,46세,상해없음,보행자,여,72세,경상
2021043000100524,2021년 4월 30일 19시,금요일,경기도 수원시 팔달구 화서동,경상사고,0,0,1,0,차대사람 - 차도통행중,안전운전불이행,포장 - 건조,맑음,교차로 - 교차로안,화물,남,39세,상해없음,보행자,남,44세,경상
2021043000100560,2021년 4월 30일 19시,금요일,경기도 동두천시 지행동,중상사고,0,1,0,0,차대사람 - 횡단중,안전운전불이행,포장 - 건조,맑음,교차로 - 교차로부근,승용,남,68세,상해없음,보행자,여,73세,중상
2021043000100574,2021년 4월 30일 20시,금요일,경기도 광명시 옥길동,경상사고,0,0,1,0,차대사람 - 기타,안전운전불이행,포장 - 건조,맑음,교차로 - 교차로안,승용,남,68세,상해없음,보행자,남,53세,경상
2021043000100579,2021년 4월 30일 20시,금요일,경기도 용인시 수지구 풍덕천동,경상사고,0,0,1,0,차대사람 - 횡단중,신호위반,포장 - 건조,맑음,교차로 - 교차로횡단보도내,이륜,남,41세,기타불명,보행자,여,27세,경상
2021043000100620,2021년 4월 30일 21시,금요일,경기도 평택시 비전동,중상사고,0,1,0,0,차대사람 - 차도통행중,안전운전불이행,포장 - 건조,맑음,단일로 - 기타,승용,남,40세,상해없음,보행자,남,31세,중상
2021043000100656,2021년 4월 30일 22시,금요일,경기도 오산시 오산동,경상사고,0,0,1,0,차대사람 - 기타,안전운전불이행,포장 - 건조,맑음,교차로 - 교차로부근,승용,남,36세,상해없음,보행자,남,49세,경상
2021050100100004,2021년 5월 1일 00시,토요일,경기도 수원시 팔달구 남창동,부상신고사고,0,0,0,1,차대사람 - 기타,안전운전불이행,포장 - 건조,맑음,교차로 - 교차로부근,화물,남,26세,상해없음,보행자,남,39세,부상신고
2021050100100023,2021년 5월 1일 01시,토요일,경기도 시흥시 조남동,경상사고,0,0,1,0,차대사람 - 횡단중,안전운전불이행,포장 - 건조,맑음,교차로 - 교차로부근,이륜,남,16세,상해없음,보행자,남,50세,경상
2021050100100094,2021년 5월 1일 09시,토요일,경기도 안산시 상록구 본오동,부상신고사고,0,0,0,1,차대사람 - 기타,안전운전불이행,포장 - 기타,맑음,단일로 - 기타,개인형이동수단(PM),남,28세,상해없음,보행자,여,66세,부상신고
2021050100100106,2021년 5월 1일 09시,토요일,경기도 동두천시 생연동,중상사고,0,1,0,0,차대사람 - 횡단중,보행자보호의무위반,포장 - 젖음/습기,비,교차로 - 교차로횡단보도내,승용,여,61세,상해없음,보행자,남,79세,중상
2021050100100115,2021년 5월 1일 10시,토요일,경기도 평택시 비전동,경상사고,0,0,1,0,차대사람 - 보도통행중,기타,포장 - 건조,맑음,기타 - 기타,자전거,여,58세,상해없음,보행자,남,26세,경상
2021050100100234,2021년 5월 1일 13시,토요일,경기도 양주시 회정동,중상사고,0,1,0,0,차대사람 - 기타,안전운전불이행,포장 - 건조,맑음,주차장 - 주차장,승용,남,31세,상해없음,보행자,여,65세,중상
2021050100100236,2021년 5월 1일 13시,토요일,경기도 고양시 일산서구 주엽동,중상사고,0,1,0,0,차대사람 - 횡단중,안전운전불이행,포장 - 젖음/습기,흐림,교차로 - 교차로횡단보도내,승용,여,26세,상해없음,보행자,여,14세,중상
2021050100100238,2021년 5월 1일 13시,토요일,경기도 고양시 일산서구 일산동,경상사고,0,0,1,0,차대사람 - 보도통행중,신호위반,포장 - 건조,맑음,교차로 - 교차로안,승용,남,64세,상해없음,보행자,남,34세,경상
2021050100100292,2021년 5월 1일 15시,토요일,경기도 광명시 하안동,부상신고사고,0,0,0,1,차대사람 - 횡단중,보행자보호의무위반,포장 - 건조,맑음,교차로 - 교차로횡단보도내,승용,남,58세,상해없음,보행자,남,23세,부상신고
2021050100100401,2021년 5월 1일 18시,토요일,경기도 화성시 진안동,경상사고,0,0,1,0,차대사람 - 보도통행중,기타,포장 - 젖음/습기,비,단일로 - 기타,이륜,남,33세,상해없음,보행자,남,38세,경상
2021050100100420,2021년 5월 1일 18시,토요일,경기도 고양시 일산서구 덕이동,경상사고,0,0,2,0,차대사람 - 기타,안전운전불이행,포장 - 건조,맑음,주차장 - 주차장,승용,남,57세,상해없음,보행자,남,63세,경상
2021050100100437,2021년 5월 1일 19시,토요일,경기도 화성시 반송동,경상사고,0,0,1,0,차대사람 - 횡단중,보행자보호의무위반,포장 - 건조,맑음,단일로 - 기타,승용,남,32세,상해없음,보행자,남,21세,경상
2021050100100454,2021년 5월 1일 19시,토요일,경기도 포천시 신읍동,중상사고,0,1,0,0,차대사람 - 횡단중,보행자보호의무위반,포장 - 젖음/습기,비,교차로 - 교차로횡단보도내,승용,여,41세,상해없음,보행자,남,46세,중상
2021050100100487,2021년 5월 1일 21시,토요일,경기도 김포시 구래동,중상사고,0,1,0,0,차대사람 - 횡단중,안전운전불이행,포장 - 젖음/습기,비,교차로 - 교차로횡단보도내,이륜,남,25세,상해없음,보행자,여,63세,중상
2021050100100539,2021년 5월 1일 22시,토요일,경기도 파주시 목동동,경상사고,0,0,1,0,차대사람 - 횡단중,신호위반,포장 - 젖음/습기,비,교차로 - 교차로안,이륜,남,17세,상해없음,보행자,여,18세,경상
2021050100100547,2021년 5월 1일 23시,토요일,경기도 광주시 경안동,부상신고사고,0,0,0,1,차대사람 - 횡단중,안전운전불이행,포장 - 건조,맑음,미분류 - 미분류,이륜,남,18세,상해없음,보행자,남,68세,부상신고
2021050200100004,2021년 5월 2일 00시,일요일,경기도 수원시 장안구 정자동,중상사고,0,1,0,0,차대사람 - 횡단중,안전운전불이행,포장 - 젖음/습기,비,단일로 - 기타,승용,남,50세,기타불명,보행자,남,54세,중상
2021050200100061,2021년 5월 2일 08시,일요일,경기도 용인시 수지구 성복동,경상사고,0,0,1,0,차대사람 - 횡단중,보행자보호의무위반,포장 - 건조,맑음,교차로 - 교차로부근,승용,남,39세,상해없음,보행자,여,54세,경상
2021050200100094,2021년 5월 2일 10시,일요일,경기도 하남시 신장동,중상사고,0,1,0,0,차대사람 - 횡단중,안전운전불이행,포장 - 건조,맑음,교차로 - 교차로부근,승용,여,45세,상해없음,보행자,남,82세,중상
2021050200100095,2021년 5월 2일 10시,일요일,경기도 화성시 반송동,경상사고,0,0,1,0,차대사람 - 기타,기타,포장 - 건조,맑음,단일로 - 기타,개인형이동수단(PM),남,18세,상해없음,보행자,여,13세,경상
2021050200100112,2021년 5월 2일 10시,일요일,경기도 의정부시 장암동,경상사고,0,0,1,0,차대사람 - 횡단중,신호위반,포장 - 건조,맑음,교차로 - 교차로횡단보도내,화물,남,70세,상해없음,보행자,여,57세,경상
2021050200100155,2021년 5월 2일 12시,일요일,경기도 수원시 권선구 권선동,경상사고,0,0,1,0,차대사람 - 기타,안전운전불이행,포장 - 건조,맑음,기타 - 기타,승용,여,37세,상해없음,보행자,여,68세,경상
2021050200100240,2021년 5월 2일 14시,일요일,경기도 의정부시 가능동,경상사고,0,0,1,0,차대사람 - 보도통행중,신호위반,포장 - 건조,맑음,교차로 - 교차로안,승용,남,49세,상해없음,보행자,여,18세,경상
2021050200100257,2021년 5월 2일 15시,일요일,경기도 하남시 신장동,중상사고,0,1,0,0,차대사람 - 기타,신호위반,포장 - 건조,맑음,단일로 - 기타,승용,남,62세,상해없음,보행자,남,21세,중상
2021050200100289,2021년 5월 2일 16시,일요일,경기도 평택시 이충동,중상사고,0,1,0,0,차대사람 - 횡단중,보행자보호의무위반,포장 - 건조,맑음,교차로 - 교차로안,이륜,남,40세,상해없음,보행자,여,19세,중상
2021050200100290,2021년 5월 2일 16시,일요일,경기도 김포시 고촌읍,사망사고,1,0,0,0,차대사람 - 기타,기타,포장 - 건조,맑음,미분류 - 미분류,승합,남,55세,상해없음,보행자,여,73세,사망
2021050200100295,2021년 5월 2일 16시,일요일,경기도 화성시 진안동,중상사고,0,1,0,0,차대사람 - 보도통행중,안전운전불이행,포장 - 건조,맑음,교차로 - 교차로안,승용,남,43세,상해없음,보행자,여,73세,중상
2021050200100312,2021년 5월 2일 16시,일요일,경기도 구리시 수택동,경상사고,0,0,2,0,차대사람 - 기타,안전운전불이행,포장 - 건조,맑음,단일로 - 기타,자전거,남,12세,경상,보행자,여,68세,경상
2021050200100328,2021년 5월 2일 17시,일요일,경기도 시흥시 정왕동,부상신고사고,0,0,0,1,차대사람 - 기타,안전운전불이행,포장 - 건조,맑음,단일로 - 기타,기타불명,기타불명,미분류,기타불명,보행자,남,42세,부상신고
2021050200100395,2021년 5월 2일 19시,일요일,경기도 고양시 덕양구 화정동,경상사고,0,0,1,0,차대사람 - 횡단중,보행자보호의무위반,포장 - 건조,맑음,교차로 - 교차로안,승용,남,31세,상해없음,보행자,여,37세,경상
2021050200100426,2021년 5월 2일 21시,일요일,경기도 부천시 고강동,중상사고,0,1,0,0,차대사람 - 기타,안전운전불이행,포장 - 건조,맑음,단일로 - 기타,승용,남,37세,상해없음,보행자,남,64세,중상
2021050200100462,2021년 5월 2일 22시,일요일,경기도 포천시 선단동,중상사고,0,1,0,0,차대사람 - 기타,안전운전불이행,포장 - 건조,맑음,단일로 - 기타,승합,남,60세,상해없음,보행자,남,50세,중상
2021050300100005,2021년 5월 3일 00시,월요일,경기도 의정부시 의정부동,경상사고,0,0,1,0,차대사람 - 횡단중,안전운전불이행,포장 - 건조,맑음,교차로 - 교차로횡단보도내,이륜,남,48세,상해없음,보행자,남,57세,경상
2021050300100057,2021년 5월 3일 07시,월요일,경기도 수원시 영통구 영통동,경상사고,0,0,1,0,차대사람 - 횡단중,안전운전불이행,포장 - 건조,맑음,기타 - 기타,승용,남,32세,상해없음,보행자,남,37세,경상
2021050300100088,2021년 5월 3일 08시,월요일,경기도 성남시 분당구 분당동,중상사고,0,1,0,0,차대사람 - 횡단중,보행자보호의무위반,포장 - 서리/결빙,맑음,교차로 - 교차로안,승용,남,49세,상해없음,보행자,여,55세,중상
2021050300100122,2021년 5월 3일 09시,월요일,경기도 김포시 통진읍,중상사고,0,1,0,0,차대사람 - 기타,안전운전불이행,포장 - 건조,맑음,단일로 - 기타,건설기계,남,60세,상해없음,보행자,남,73세,중상
2021050300100124,2021년 5월 3일 09시,월요일,경기도 성남시 분당구 서현동,경상사고,0,0,1,0,차대사람 - 기타,안전운전불이행,포장 - 건조,맑음,교차로 - 교차로횡단보도내,승용,남,60세,상해없음,보행자,남,85세,경상
2021050300100158,2021년 5월 3일 10시,월요일,경기도 수원시 장안구 영화동,중상사고,0,1,0,0,차대사람 - 보도통행중,안전운전불이행,포장 - 건조,맑음,기타 - 기타,자전거,남,69세,상해없음,보행자,여,54세,중상
2021050300100186,2021년 5월 3일 10시,월요일,경기도 의정부시 민락동,경상사고,0,0,1,0,차대사람 - 기타,기타,포장 - 건조,맑음,단일로 - 기타,승합,남,52세,기타불명,보행자,여,80세,경상
2021050300100187,2021년 5월 3일 10시,월요일,경기도 고양시 일산동구 성석동,중상사고,0,1,0,0,차대사람 - 기타,안전운전불이행,포장 - 건조,맑음,단일로 - 기타,화물,남,56세,상해없음,보행자,남,79세,중상
2021050300100204,2021년 5월 3일 11시,월요일,경기도 시흥시 정왕동,경상사고,0,0,1,0,차대사람 - 기타,안전운전불이행,포장 - 건조,맑음,기타 - 기타,승용,남,55세,상해없음,보행자,남,62세,경상
2021050300100281,2021년 5월 3일 13시,월요일,경기도 안산시 단원구 선부동,경상사고,0,0,1,0,차대사람 - 기타,안전운전불이행,포장 - 건조,맑음,기타 - 기타,승용,남,52세,상해없음,보행자,여,64세,경상
2021050300100285,2021년 5월 3일 13시,월요일,경기도 용인시 수지구 죽전동,경상사고,0,0,1,0,차대사람 - 기타,안전운전불이행,포장 - 건조,맑음,단일로 - 기타,승용,여,29세,상해없음,보행자,여,18세,경상
2021050300100316,2021년 5월 3일 13시,월요일,경기도 가평군 설악면,경상사고,0,0,1,0,차대사람 - 기타,과속,포장 - 건조,맑음,단일로 - 기타,화물,남,65세,상해없음,보행자,남,9세,경상
2021050300100330,2021년 5월 3일 14시,월요일,경기도 안산시 단원구 선부동,경상사고,0,0,1,0,차대사람 - 차도통행중,안전운전불이행,포장 - 건조,맑음,교차로 - 교차로부근,승용,여,62세,상해없음,보행자,여,81세,경상
2021050300100449,2021년 5월 3일 17시,월요일,경기도 부천시 중동,중상사고,0,1,0,0,차대사람 - 횡단중,보행자보호의무위반,포장 - 건조,맑음,교차로 - 교차로횡단보도내,이륜,남,42세,상해없음,보행자,여,33세,중상
2021050300100455,2021년 5월 3일 17시,월요일,경기도 화성시 송산면,경상사고,0,0,1,0,차대사람 - 기타,안전운전불이행,포장 - 건조,맑음,기타 - 기타,화물,남,24세,상해없음,보행자,남,83세,경상
2021050300100487,2021년 5월 3일 17시,월요일,경기도 파주시 금촌동,경상사고,0,0,1,0,차대사람 - 횡단중,안전운전불이행,포장 - 건조,맑음,단일로 - 기타,승용,여,51세,상해없음,보행자,남,83세,경상
2021050300100506,2021년 5월 3일 18시,월요일,경기도 용인시 수지구 동천동,중상사고,0,1,0,0,차대사람 - 횡단중,보행자보호의무위반,포장 - 건조,맑음,교차로 - 교차로횡단보도내,승용,여,49세,상해없음,보행자,여,34세,중상
2021050300100539,2021년 5월 3일 19시,월요일,경기도 광주시 경안동,경상사고,0,0,1,0,차대사람 - 횡단중,보행자보호의무위반,포장 - 건조,맑음,기타 - 기타,승용,여,30세,상해없음,보행자,남,23세,경상
2021050300100543,2021년 5월 3일 19시,월요일,경기도 부천시 상동,경상사고,0,0,1,0,차대사람 - 기타,기타,포장 - 건조,맑음,기타 - 기타,승용,여,51세,상해없음,보행자,남,42세,경상
2021050300100573,2021년 5월 3일 20시,월요일,경기도 수원시 팔달구 고등동,경상사고,0,0,1,0,차대사람 - 기타,안전운전불이행,포장 - 건조,맑음,단일로 - 기타,승합,남,54세,상해없음,보행자,남,51세,경상
2021050300100588,2021년 5월 3일 20시,월요일,경기도 고양시 일산서구 대화동,중상사고,0,1,1,0,차대사람 - 횡단중,안전운전불이행,포장 - 건조,맑음,단일로 - 기타,이륜,남,27세,상해없음,보행자,여,51세,중상
2021050300100596,2021년 5월 3일 21시,월요일,경기도 부천시 중동,경상사고,0,0,1,0,차대사람 - 기타,안전운전불이행,포장 - 건조,맑음,단일로 - 기타,승용,남,39세,상해없음,보행자,남,59세,경상
2021050300100615,2021년 5월 3일 21시,월요일,경기도 남양주시 화도읍,경상사고,0,0,1,0,차대사람 - 횡단중,보행자보호의무위반,포장 - 건조,맑음,교차로 - 교차로횡단보도내,승용,남,47세,상해없음,보행자,여,34세,경상
2021050300100616,2021년 5월 3일 21시,월요일,경기도 양주시 옥정동,경상사고,0,0,2,0,차대사람 - 횡단중,보행자보호의무위반,포장 - 건조,맑음,교차로 - 교차로횡단보도내,승용,남,44세,상해없음,보행자,남,55세,경상
2021050300100649,2021년 5월 3일 23시,월요일,경기도 부천시 상동,중상사고,0,1,0,0,차대사람 - 횡단중,안전운전불이행,포장 - 건조,흐림,기타 - 기타,이륜,남,29세,상해없음,보행자,남,31세,중상
2021050400100003,2021년 5월 4일 00시,화요일,경기도 수원시 팔달구 인계동,사망사고,1,0,0,0,차대사람 - 기타,과속,포장 - 건조,맑음,단일로 - 기타,승용,남,38세,상해없음,보행자,남,53세,사망
2021050400100033,2021년 5월 4일 06시,화요일,경기도 안산시 단원구 고잔동,중상사고,0,1,0,0,차대사람 - 횡단중,안전운전불이행,포장 - 건조,맑음,기타 - 기타,화물,남,59세,상해없음,보행자,여,62세,중상
2021050400100072,2021년 5월 4일 08시,화요일,경기도 부천시 상동,경상사고,0,0,1,0,차대사람 - 기타,안전운전불이행,포장 - 젖음/습기,비,기타 - 기타,기타불명,기타불명,미분류,기타불명,보행자,여,20세,경상
2021050400100118,2021년 5월 4일 09시,화요일,경기도 의정부시 호원동,경상사고,0,0,1,0,차대사람 - 횡단중,신호위반,포장 - 젖음/습기,비,단일로 - 기타,화물,남,47세,상해없음,보행자,여,20세,경상
2021050400100239,2021년 5월 4일 13시,화요일,경기도 동두천시 생연동,중상사고,0,1,0,0,차대사람 - 차도통행중,안전운전불이행,포장 - 건조,맑음,교차로 - 교차로안,승용,여,53세,상해없음,보행자,여,75세,중상
2021050400100251,2021년 5월 4일 14시,화요일,경기도 부천시 소사동,경상사고,0,0,1,0,차대사람 - 기타,안전운전불이행,포장 - 젖음/습기,비,기타 - 기타,이륜,남,37세,상해없음,보행자,남,39세,경상
2021050400100253,2021년 5월 4일 14시,화요일,경기도 용인시 기흥구 보정동,부상신고사고,0,0,0,1,차대사람 - 기타,교차로운행방법위반,포장 - 젖음/습기,비,교차로 - 교차로안,승용,여,79세,상해없음,보행자,여,76세,부상신고
2021050400100290,2021년 5월 4일 15시,화요일,경기도 성남시 중원구 금광동,경상사고,0,0,1,0,차대사람 - 보도통행중,보행자보호의무위반,포장 - 젖음/습기,비,교차로 - 교차로안,승용,여,61세,상해없음,보행자,남,53세,경상
2021050400100318,2021년 5월 4일 15시,화요일,경기도 고양시 덕양구 화전동,경상사고,0,0,1,0,차대사람 - 차도통행중,안전운전불이행,포장 - 젖음/습기,비,교차로 - 교차로부근,승용,여,40세,상해없음,보행자,여,36세,경상
2021050400100335,2021년 5월 4일 16시,화요일,경기도 용인시 처인구 김량장동,중상사고,0,1,0,0,차대사람 - 기타,안전운전불이행,포장 - 젖음/습기,비,교차로 - 교차로안,승용,여,47세,상해없음,보행자,여,66세,중상
2021050400100477,2021년 5월 4일 19시,화요일,경기도 김포시 사우동,경상사고,0,0,1,0,차대사람 - 횡단중,보행자보호의무위반,포장 - 젖음/습기,비,단일로 - 기타,이륜,남,38세,상해없음,보행자,여,28세,경상
2021050400100482,2021년 5월 4일 19시,화요일,경기도 안산시 상록구 건건동,중상사고,0,1,0,0,차대사람 - 횡단중,안전운전불이행,포장 - 젖음/습기,비,교차로 - 교차로안,승용,남,39세,상해없음,보행자,남,58세,중상
2021050400100484,2021년 5월 4일 19시,화요일,경기도 부천시 고강동,중상사고,0,1,0,0,차대사람 - 기타,안전운전불이행,포장 - 젖음/습기,비,교차로 - 교차로안,승용,여,55세,상해없음,보행자,여,57세,중상
2021050400100485,2021년 5월 4일 19시,화요일,경기도 용인시 수지구 죽전동,사망사고,1,0,0,0,차대사람 - 횡단중,안전운전불이행,포장 - 젖음/습기,맑음,단일로 - 기타,승용,여,45세,상해없음,보행자,여,76세,사망
2021050400100519,2021년 5월 4일 19시,화요일,경기도 고양시 일산동구 정발산동,경상사고,0,0,1,0,차대사람 - 횡단중,보행자보호의무위반,포장 - 젖음/습기,비,교차로 - 교차로횡단보도내,승용,남,55세,상해없음,보행자,남,80세,경상
2021050400100533,2021년 5월 4일 20시,화요일,경기도 광주시 태전동,중상사고,0,1,1,0,차대사람 - 기타,신호위반,포장 - 젖음/습기,비,교차로 - 교차로횡단보도내,이륜,남,38세,상해없음,보행자,남,58세,경상
2021050400100575,2021년 5월 4일 20시,화요일,경기도 파주시 동패동,경상사고,0,0,2,0,차대사람 - 보도통행중,기타,포장 - 젖음/습기,비,기타 - 기타,이륜,남,17세,상해없음,보행자,남,18세,경상
2021050400100598,2021년 5월 4일 21시,화요일,경기도 이천시 창전동,중상사고,0,1,0,1,차대사람 - 횡단중,안전운전불이행,포장 - 젖음/습기,비,교차로 - 교차로안,이륜,남,16세,부상신고,보행자,여,59세,중상
2021050400100600,2021년 5월 4일 21시,화요일,경기도 오산시 부산동,중상사고,0,1,0,0,차대사람 - 횡단중,중앙선침범,포장 - 젖음/습기,비,교차로 - 교차로부근,승용,여,34세,상해없음,보행자,여,50세,중상
2021050400100601,2021년 5월 4일 21시,화요일,경기도 부천시 심곡동,중상사고,0,1,0,0,차대사람 - 횡단중,신호위반,포장 - 젖음/습기,비,단일로 - 기타,원동기,남,22세,상해없음,보행자,남,61세,중상
2021050400100602,2021년 5월 4일 21시,화요일,경기도 안산시 단원구 초지동,경상사고,0,0,1,0,차대사람 - 기타,보행자보호의무위반,포장 - 건조,맑음,교차로 - 교차로횡단보도내,승용,여,48세,상해없음,보행자,남,37세,경상
2021050400100603,2021년 5월 4일 21시,화요일,경기도 시흥시 정왕동,경상사고,0,0,1,0,차대사람 - 횡단중,신호위반,포장 - 젖음/습기,비,교차로 - 교차로부근,승용,남,49세,상해없음,보행자,남,27세,경상
2021050400100604,2021년 5월 4일 21시,화요일,경기도 안산시 상록구 월피동,중상사고,0,1,0,0,차대사람 - 횡단중,신호위반,포장 - 젖음/습기,비,교차로 - 교차로횡단보도내,승용,남,60세,상해없음,보행자,남,58세,중상
2021050400100644,2021년 5월 4일 22시,화요일,경기도 평택시 평택동,경상사고,0,0,1,0,차대사람 - 차도통행중,안전운전불이행,포장 - 젖음/습기,비,교차로 - 교차로안,승용,남,45세,상해없음,보행자,여,62세,경상
2021050400100647,2021년 5월 4일 22시,화요일,경기도 부천시 범박동,경상사고,0,0,1,0,차대사람 - 횡단중,보행자보호의무위반,포장 - 젖음/습기,비,교차로 - 교차로횡단보도내,승용,남,63세,상해없음,보행자,남,51세,경상
2021050400100679,2021년 5월 4일 22시,화요일,경기도 의정부시 호원동,부상신고사고,0,0,0,1,차대사람 - 횡단중,안전운전불이행,포장 - 젖음/습기,비,단일로 - 기타,승합,남,38세,상해없음,보행자,남,60세,부상신고
2021050400100695,2021년 5월 4일 23시,화요일,경기도 성남시 수정구 태평동,경상사고,0,0,1,0,차대사람 - 횡단중,신호위반,포장 - 젖음/습기,비,교차로 - 교차로안,이륜,남,34세,상해없음,보행자,남,36세,경상
2021050500100210,2021년 5월 5일 12시,수요일,경기도 포천시 이동면,경상사고,0,0,1,0,차대사람 - 길가장자리구역통행중,안전운전불이행,포장 - 건조,맑음,단일로 - 기타,승용,여,38세,상해없음,보행자,남,8세,경상
2021050500100248,2021년 5월 5일 13시,수요일,경기도 연천군 연천읍,경상사고,0,0,1,0,차대사람 - 차도통행중,안전운전불이행,포장 - 건조,맑음,교차로 - 교차로횡단보도내,화물,남,45세,상해없음,보행자,남,41세,경상
2021050500100249,2021년 5월 5일 13시,수요일,경기도 남양주시 퇴계원읍,중상사고,0,1,0,0,차대사람 - 기타,신호위반,포장 - 건조,맑음,교차로 - 교차로안,승용,여,28세,상해없음,보행자,여,12세,중상
2021050500100308,2021년 5월 5일 15시,수요일,경기도 여주시 상동,중상사고,0,1,0,0,차대사람 - 보도통행중,기타,포장 - 건조,맑음,단일로 - 기타,자전거,남,60세,상해없음,보행자,여,50세,중상
2021050500100312,2021년 5월 5일 15시,수요일,경기도 안산시 단원구 초지동,중상사고,0,1,0,0,차대사람 - 기타,안전운전불이행,포장 - 건조,맑음,단일로 - 기타,자전거,남,18세,상해없음,보행자,여,68세,중상
2021050500100313,2021년 5월 5일 15시,수요일,경기도 안산시 단원구 선부동,경상사고,0,0,1,0,차대사람 - 차도통행중,안전운전불이행,포장 - 건조,맑음,교차로 - 교차로부근,승용,남,36세,상해없음,보행자,여,48세,경상
2021050500100314,2021년 5월 5일 15시,수요일,경기도 군포시 당정동,중상사고,0,1,0,0,차대사람 - 횡단중,안전운전불이행,포장 - 건조,맑음,교차로 - 교차로안,승합,남,45세,상해없음,보행자,여,66세,중상
2021050500100344,2021년 5월 5일 16시,수요일,경기도 안성시 양성면,부상신고사고,0,0,0,1,차대사람 - 기타,기타,포장 - 건조,맑음,기타 - 기타,승용,여,59세,상해없음,보행자,남,37세,부상신고
2021050500100345,2021년 5월 5일 16시,수요일,경기도 안양시 동안구 호계동,사망사고,1,0,0,0,차대사람 - 기타,안전운전불이행,포장 - 건조,맑음,기타 - 기타,건설기계,남,54세,상해없음,보행자,여,21세,사망
2021050500100438,2021년 5월 5일 18시,수요일,경기도 광명시 소하동,경상사고,0,0,1,0,차대사람 - 기타,안전운전불이행,포장 - 건조,맑음,교차로 - 교차로안,승용,남,36세,상해없음,보행자,남,47세,경상
2021050500100443,2021년 5월 5일 18시,수요일,경기도 화성시 서신면,중상사고,0,1,0,0,차대사람 - 기타,안전운전불이행,포장 - 건조,맑음,단일로 - 기타,승용,남,54세,상해없음,보행자,남,80세,중상
2021050500100488,2021년 5월 5일 19시,수요일,경기도 남양주시 진접읍,중상사고,0,1,0,0,차대사람 - 기타,안전운전불이행,포장 - 건조,맑음,단일로 - 기타,개인형이동수단(PM),남,14세,상해없음,보행자,여,64세,중상
2021050500100504,2021년 5월 5일 20시,수요일,경기도 안산시 단원구 선부동,경상사고,0,0,1,0,차대사람 - 기타,안전운전불이행,포장 - 건조,맑음,기타 - 기타,승용,여,35세,상해없음,보행자,남,65세,경상
2021050500100505,2021년 5월 5일 20시,수요일,경기도 화성시 향남읍,경상사고,0,0,1,0,차대사람 - 횡단중,보행자보호의무위반,포장 - 건조,맑음,교차로 - 교차로안,승용,여,52세,상해없음,보행자,남,35세,경상
2021050500100544,2021년 5월 5일 21시,수요일,경기도 고양시 일산서구 일산동,경상사고,0,0,1,0,차대사람 - 기타,안전운전불이행,포장 - 건조,맑음,교차로 - 교차로안,승용,여,49세,상해없음,보행자,남,48세,경상
2021050500100568,2021년 5월 5일 22시,수요일,경기도 고양시 일산동구 장항동,중상사고,0,1,0,0,차대사람 - 보도통행중,기타,포장 - 건조,맑음,단일로 - 기타,개인형이동수단(PM),남,18세,상해없음,보행자,여,24세,중상
2021050600100009,2021년 5월 6일 01시,목요일,경기도 용인시 기흥구 동백동,중상사고,0,1,0,0,차대사람 - 횡단중,보행자보호의무위반,포장 - 건조,맑음,단일로 - 기타,승용,남,69세,상해없음,보행자,남,9세,중상
2021050600100017,2021년 5월 6일 03시,목요일,경기도 안산시 상록구 본오동,사망사고,1,0,0,0,차대사람 - 기타,안전운전불이행,포장 - 건조,맑음,단일로 - 기타,화물,남,54세,상해없음,보행자,남,79세,사망
2021050600100062,2021년 5월 6일 07시,목요일,경기도 고양시 덕양구 행신동,경상사고,0,0,1,0,차대사람 - 횡단중,안전운전불이행,포장 - 건조,맑음,교차로 - 교차로횡단보도내,승용,남,59세,상해없음,보행자,여,54세,경상
2021050600100071,2021년 5월 6일 08시,목요일,경기도 안산시 상록구 건건동,경상사고,0,0,1,0,차대사람 - 기타,안전운전불이행,포장 - 건조,맑음,단일로 - 기타,승용,남,62세,상해없음,보행자,여,22세,경상