사고번호,사고일시,요일,시군구,사고내용,사망자수,중상자수,경상자수,부상신고자수,사고유형,법규위반,노면상태,기상상태,도로형태,가해운전자 차종,가해운전자 성별,가해운전자 연령,가해운전자 상해정도,피해운전자 차종,피해운전자 성별,피해운전자 연령,피해운전자 상해정도
2021051100100371,2021년 5월 11일 15시,화요일,경기도 안산시 상록구 일동,중상사고,0,1,0,0,차대사람 - 길가장자리구역통행중,안전운전불이행,포장 - 건조,맑음,단일로 - 기타,승합,여,42세,상해없음,보행자,남,6세,중상
2021051100100415,2021년 5월 11일 16시,화요일,경기도 김포시 대곶면,경상사고,0,0,1,0,차대사람 - 기타,안전운전불이행,포장 - 건조,맑음,기타 - 기타,승합,남,59세,상해없음,보행자,여,63세,경상
2021051100100441,2021년 5월 11일 16시,화요일,경기도 고양시 일산서구 주엽동,부상신고사고,0,0,0,2,차대사람 - 보도통행중,기타,포장 - 건조,맑음,단일로 - 기타,승용,여,52세,상해없음,보행자,여,60세,부상신고
2021051100100480,2021년 5월 11일 17시,화요일,경기도 고양시 일산동구 풍동,경상사고,0,0,1,0,차대사람 - 기타,안전운전불이행,포장 - 건조,맑음,단일로 - 기타,화물,남,50세,상해없음,보행자,남,22세,경상
2021051100100481,2021년 5월 11일 17시,화요일,경기도 파주시 교하동,경상사고,0,0,1,0,차대사람 - 기타,안전운전불이행,포장 - 건조,맑음,단일로 - 기타,승용,여,68세,상해없음,보행자,남,38세,경상
2021051100100494,2021년 5월 11일 18시,화요일,경기도 여주시 세종대왕면,경상사고,0,0,1,0,차대사람 - 기타,안전운전불이행,포장 - 건조,맑음,단일로 - 기타,승용,남,60세,상해없음,보행자,남,39세,경상
2021051100100496,2021년 5월 11일 18시,화요일,경기도 부천시 상동,경상사고,0,0,1,0,차대사람 - 보도통행중,안전운전불이행,포장 - 건조,맑음,단일로 - 기타,기타불명,기타불명,미분류,기타불명,보행자,여,26세,경상
2021051100100497,2021년 5월 11일 18시,화요일,경기도 시흥시 신천동,경상사고,0,0,1,0,차대사람 - 기타,안전운전불이행,포장 - 건조,맑음,교차로 - 교차로안,승용,남,51세,상해없음,보행자,여,78세,경상
2021051100100499,2021년 5월 11일 18시,화요일,경기도 부천시 오정동,경상사고,0,0,1,0,차대사람 - 차도통행중,신호위반,포장 - 건조,맑음,단일로 - 기타,이륜,남,26세,상해없음,보행자,남,8세,경상
2021051100100525,2021년 5월 11일 18시,화요일,경기도 고양시 일산동구 중산동,부상신고사고,0,0,0,1,차대사람 - 기타,안전운전불이행,포장 - 건조,맑음,단일로 - 기타,승합,남,61세,상해없음,보행자,여,62세,부상신고
2021051100100527,2021년 5월 11일 18시,화요일,경기도 남양주시 도농동,경상사고,0,0,1,0,차대사람 - 기타,안전운전불이행,포장 - 건조,맑음,단일로 - 기타,승합,남,70세,상해없음,보행자,여,13세,경상
2021051100100576,2021년 5월 11일 20시,화요일,경기도 시흥시 정왕동,중상사고,0,1,0,0,차대사람 - 기타,안전운전불이행,포장 - 건조,맑음,단일로 - 기타,승합,남,29세,상해없음,보행자,남,31세,중상
2021051100100647,2021년 5월 11일 23시,화요일,경기도 이천시 대월면,경상사고,0,0,1,0,차대사람 - 횡단중,보행자보호의무위반,포장 - 건조,맑음,교차로 - 교차로안,승용,남,37세,상해없음,보행자,남,35세,경상
2021051100100649,2021년 5월 11일 23시,화요일,경기도 여주시 세종대왕면,사망사고,1,0,0,0,차대사람 - 차도통행중,안전운전불이행,포장 - 건조,맑음,단일로 - 기타,승용,남,50세,상해없음,보행자,남,82세,사망
2021051200100031,2021년 5월 12일 06시,수요일,경기도 오산시 금암동,부상신고사고,0,0,0,1,차대사람 - 횡단중,교차로운행방법위반,포장 - 건조,맑음,교차로 - 교차로안,승용,남,48세,상해없음,보행자,여,56세,부상신고
2021051200100071,2021년 5월 12일 08시,수요일,경기도 성남시 수정구 창곡동,경상사고,0,0,1,0,차대사람 - 기타,안전운전불이행,포장 - 건조,맑음,기타 - 기타,개인형이동수단(PM),여,16세,상해없음,보행자,여,16세,경상
2021051200100100,2021년 5월 12일 08시,수요일,경기도 의정부시 의정부동,중상사고,0,1,0,0,차대사람 - 길가장자리구역통행중,안전운전불이행,포장 - 건조,맑음,교차로 - 교차로안,자전거,남,50세,상해없음,보행자,여,56세,중상
2021051200100135,2021년 5월 12일 09시,수요일,경기도 동두천시 생연동,경상사고,0,0,1,0,차대사람 - 기타,안전운전불이행,포장 - 건조,맑음,단일로 - 기타,승합,남,60세,기타불명,보행자,남,64세,경상
2021051200100144,2021년 5월 12일 10시,수요일,경기도 부천시 괴안동,경상사고,0,0,1,0,차대사람 - 기타,안전운전불이행,포장 - 건조,맑음,교차로 - 교차로부근,이륜,남,22세,상해없음,보행자,여,37세,경상
2021051200100206,2021년 5월 12일 12시,수요일,경기도 여주시 점동면,중상사고,0,1,0,0,차대사람 - 차도통행중,안전운전불이행,포장 - 건조,맑음,단일로 - 기타,승용,여,38세,상해없음,보행자,남,33세,중상
2021051200100211,2021년 5월 12일 12시,수요일,경기도 성남시 중원구 상대원동,경상사고,0,0,1,0,차대사람 - 횡단중,신호위반,포장 - 건조,맑음,단일로 - 기타,승용,남,85세,상해없음,보행자,남,28세,경상
2021051200100232,2021년 5월 12일 12시,수요일,경기도 남양주시 진건읍,경상사고,0,0,1,0,차대사람 - 기타,안전운전불이행,포장 - 건조,맑음,단일로 - 기타,개인형이동수단(PM),남,36세,상해없음,보행자,남,42세,경상
2021051200100282,2021년 5월 12일 14시,수요일,경기도 광명시 일직동,중상사고,0,1,0,0,차대사람 - 횡단중,신호위반,포장 - 건조,맑음,교차로 - 교차로횡단보도내,승용,남,48세,상해없음,보행자,여,12세,중상
2021051200100283,2021년 5월 12일 14시,수요일,경기도 안산시 단원구 선부동,중상사고,0,1,0,0,차대사람 - 횡단중,안전운전불이행,포장 - 건조,맑음,단일로 - 기타,승용,여,63세,상해없음,보행자,여,60세,중상
2021051200100312,2021년 5월 12일 15시,수요일,경기도 성남시 수정구 신흥동,경상사고,0,0,1,0,차대사람 - 횡단중,안전운전불이행,포장 - 건조,맑음,교차로 - 교차로횡단보도내,이륜,남,50세,상해없음,보행자,여,74세,경상
2021051200100317,2021년 5월 12일 15시,수요일,경기도 수원시 권선구 호매실동,중상사고,0,1,0,0,차대사람 - 횡단중,보행자보호의무위반,포장 - 건조,맑음,교차로 - 교차로횡단보도내,승용,남,35세,상해없음,보행자,남,8세,중상
2021051200100319,2021년 5월 12일 15시,수요일,경기도 안양시 만안구 안양동,경상사고,0,0,1,0,차대사람 - 기타,안전운전불이행,포장 - 건조,맑음,기타 - 기타,승용,남,22세,상해없음,보행자,여,22세,경상
2021051200100342,2021년 5월 12일 15시,수요일,경기도 구리시 교문동,중상사고,0,1,0,0,차대사람 - 기타,안전운전불이행,포장 - 건조,맑음,주차장 - 주차장,승용,남,74세,상해없음,보행자,남,55세,중상
2021051200100356,2021년 5월 12일 16시,수요일,경기도 평택시 지산동,중상사고,0,1,0,0,차대사람 - 횡단중,보행자보호의무위반,포장 - 건조,맑음,교차로 - 교차로횡단보도내,승용,남,44세,상해없음,보행자,남,56세,중상
2021051200100392,2021년 5월 12일 16시,수요일,경기도 의정부시 호원동,사망사고,1,0,0,0,차대사람 - 횡단중,신호위반,포장 - 건조,맑음,교차로 - 교차로부근,승합,남,54세,상해없음,보행자,여,82세,사망
2021051200100393,2021년 5월 12일 16시,수요일,경기도 파주시 파주읍,경상사고,0,0,1,0,차대사람 - 횡단중,보행자보호의무위반,포장 - 건조,맑음,단일로 - 기타,승용,여,47세,상해없음,보행자,여,65세,경상
2021051200100415,2021년 5월 12일 17시,수요일,경기도 광주시 경안동,경상사고,0,0,1,0,차대사람 - 기타,안전운전불이행,포장 - 건조,기타,단일로 - 기타,승합,남,59세,상해없음,보행자,여,57세,경상
2021051200100417,2021년 5월 12일 17시,수요일,경기도 부천시 괴안동,경상사고,0,0,1,0,차대사람 - 횡단중,보행자보호의무위반,포장 - 건조,맑음,교차로 - 교차로횡단보도내,화물,남,35세,상해없음,보행자,남,44세,경상
2021051200100445,2021년 5월 12일 17시,수요일,경기도 의정부시 용현동,중상사고,0,1,0,0,차대사람 - 보도통행중,기타,포장 - 건조,맑음,단일로 - 기타,개인형이동수단(PM),남,18세,기타불명,보행자,여,61세,중상
2021051200100468,2021년 5월 12일 18시,수요일,경기도 부천시 심곡동,경상사고,0,0,1,0,차대사람 - 길가장자리구역통행중,안전운전불이행,포장 - 건조,맑음,단일로 - 기타,승용,여,49세,상해없음,보행자,여,57세,경상
2021051200100472,2021년 5월 12일 18시,수요일,경기도 안산시 상록구 일동,경상사고,0,0,1,0,차대사람 - 차도통행중,안전운전불이행,포장 - 건조,맑음,단일로 - 기타,승용,남,32세,상해없음,보행자,남,27세,경상
2021051200100543,2021년 5월 12일 20시,수요일,경기도 광주시 곤지암읍,경상사고,0,0,1,0,차대사람 - 보도통행중,안전운전불이행,포장 - 건조,맑음,기타 - 기타,승용,남,70세,상해없음,보행자,여,17세,경상
2021051200100545,2021년 5월 12일 20시,수요일,경기도 부천시 소사본동,중상사고,0,1,0,0,차대사람 - 기타,안전운전불이행,포장 - 건조,맑음,단일로 - 기타,개인형이동수단(PM),여,13세,기타불명,보행자,여,54세,중상
2021051200100565,2021년 5월 12일 21시,수요일,경기도 광주시 경안동,중상사고,0,2,0,0,차대사람 - 횡단중,보행자보호의무위반,포장 - 건조,맑음,교차로 - 교차로횡단보도내,화물,남,51세,상해없음,보행자,여,53세,중상
2021051200100588,2021년 5월 12일 22시,수요일,경기도 수원시 팔달구 화서동,경상사고,0,0,1,0,차대사람 - 횡단중,안전운전불이행,포장 - 건조,맑음,기타 - 기타,승용,남,22세,상해없음,보행자,여,21세,경상
2021051200100603,2021년 5월 12일 22시,수요일,경기도 고양시 덕양구 삼송동,부상신고사고,0,0,0,1,차대사람 - 기타,안전운전불이행,포장 - 건조,맑음,교차로 - 교차로부근,자전거,남,11세,상해없음,보행자,남,45세,부상신고
2021051200100612,2021년 5월 12일 23시,수요일,경기도 이천시 중리동,경상사고,0,0,1,0,차대사람 - 차도통행중,안전운전불이행,포장 - 건조,맑음,교차로 - 교차로부근,승용,여,30세,상해없음,보행자,남,23세,경상
2021051300100002,2021년 5월 13일 00시,목요일,경기도 성남시 분당구 정자동,중상사고,0,1,0,0,차대사람 - 기타,안전운전불이행,포장 - 건조,맑음,단일로 - 기타,이륜,남,34세,상해없음,보행자,여,95세,중상
2021051300100035,2021년 5월 13일 06시,목요일,경기도 부천시 심곡본동,경상사고,0,0,1,0,차대사람 - 기타,안전운전불이행,포장 - 기타,맑음,교차로 - 교차로안,승용,남,61세,상해없음,보행자,남,58세,경상
2021051300100036,2021년 5월 13일 06시,목요일,경기도 시흥시 정왕동,경상사고,0,0,1,0,차대사람 - 차도통행중,안전운전불이행,포장 - 건조,맑음,교차로 - 교차로안,개인형이동수단(PM),여,22세,상해없음,보행자,여,29세,경상
2021051300100038,2021년 5월 13일 06시,목요일,경기도 부천시 원종동,경상사고,0,0,1,0,차대사람 - 길가장자리구역통행중,안전운전불이행,포장 - 건조,맑음,단일로 - 기타,화물,남,77세,상해없음,보행자,남,52세,경상
2021051300100091,2021년 5월 13일 08시,목요일,경기도 하남시 망월동,경상사고,0,0,1,0,차대사람 - 기타,안전운전불이행,포장 - 건조,맑음,기타 - 기타,승합,남,58세,상해없음,보행자,여,57세,경상
2021051300100211,2021년 5월 13일 11시,목요일,경기도 고양시 일산서구 일산동,경상사고,0,0,1,0,차대사람 - 기타,안전운전불이행,포장 - 건조,맑음,단일로 - 기타,승용,남,52세,상해없음,보행자,남,80세,경상
2021051300100221,2021년 5월 13일 12시,목요일,경기도 여주시 천송동,중상사고,0,1,0,0,차대사람 - 기타,안전운전불이행,포장 - 건조,맑음,단일로 - 기타,건설기계,남,52세,상해없음,보행자,여,66세,중상
2021051300100225,2021년 5월 13일 12시,목요일,경기도 안산시 상록구 사동,중상사고,0,1,0,0,차대사람 - 기타,안전운전불이행,포장 - 건조,맑음,단일로 - 기타,승용,남,46세,상해없음,보행자,남,23세,중상
2021051300100226,2021년 5월 13일 12시,목요일,경기도 화성시 산척동,경상사고,0,0,1,0,차대사람 - 횡단중,신호위반,포장 - 건조,맑음,교차로 - 교차로횡단보도내,이륜,남,50세,상해없음,보행자,남,5세,경상
2021051300100341,2021년 5월 13일 15시,목요일,경기도 부천시 원미동,중상사고,0,1,0,0,차대사람 - 보도통행중,안전운전불이행,포장 - 건조,맑음,기타 - 기타,자전거,남,13세,상해없음,보행자,여,74세,중상
2021051300100380,2021년 5월 13일 16시,목요일,경기도 용인시 처인구 김량장동,경상사고,0,0,1,0,차대사람 - 차도통행중,안전운전불이행,포장 - 건조,맑음,단일로 - 기타,승용,남,90세,상해없음,보행자,남,47세,경상
2021051300100383,2021년 5월 13일 16시,목요일,경기도 성남시 중원구 금광동,경상사고,0,0,1,0,차대사람 - 보도통행중,신호위반,포장 - 건조,맑음,교차로 - 교차로횡단보도내,이륜,남,18세,기타불명,보행자,남,61세,경상
2021051300100476,2021년 5월 13일 18시,목요일,경기도 안성시 대덕면,경상사고,0,0,1,0,차대사람 - 기타,안전운전불이행,포장 - 건조,맑음,단일로 - 기타,이륜,남,20세,상해없음,보행자,남,84세,경상
2021051300100549,2021년 5월 13일 20시,목요일,경기도 용인시 기흥구 영덕동,경상사고,0,0,1,0,차대사람 - 기타,안전운전불이행,포장 - 건조,맑음,단일로 - 기타,승합,남,58세,상해없음,보행자,여,70세,경상
2021051300100550,2021년 5월 13일 20시,목요일,경기도 군포시 금정동,부상신고사고,0,0,0,1,차대사람 - 차도통행중,안전운전불이행,포장 - 건조,맑음,단일로 - 기타,승용,남,55세,상해없음,보행자,남,74세,부상신고
2021051300100572,2021년 5월 13일 20시,목요일,경기도 구리시 인창동,중상사고,0,1,0,0,차대사람 - 횡단중,보행자보호의무위반,포장 - 건조,맑음,교차로 - 교차로횡단보도내,승용,여,44세,상해없음,보행자,여,31세,중상
2021051400100002,2021년 5월 14일 00시,금요일,경기도 성남시 중원구 상대원동,경상사고,0,0,1,0,차대사람 - 기타,안전운전불이행,포장 - 건조,맑음,기타 - 기타,기타불명,기타불명,미분류,기타불명,보행자,남,73세,경상
2021051400100053,2021년 5월 14일 06시,금요일,경기도 고양시 일산동구 장항동,중상사고,0,1,0,0,차대사람 - 횡단중,안전운전불이행,포장 - 건조,맑음,교차로 - 교차로안,화물,남,57세,상해없음,보행자,남,66세,중상
2021051400100094,2021년 5월 14일 08시,금요일,경기도 화성시 영천동,경상사고,0,0,1,0,차대사람 - 횡단중,보행자보호의무위반,포장 - 건조,맑음,교차로 - 교차로횡단보도내,승용,여,51세,상해없음,보행자,여,34세,경상
2021051400100136,2021년 5월 14일 09시,금요일,경기도 여주시 대신면,경상사고,0,0,1,0,차대사람 - 기타,안전운전불이행,비포장 - 건조,맑음,주차장 - 주차장,승용,남,56세,상해없음,보행자,남,57세,경상
2021051400100140,2021년 5월 14일 09시,금요일,경기도 부천시 중동,중상사고,0,1,0,0,차대사람 - 기타,안전운전불이행,포장 - 젖음/습기,맑음,단일로 - 기타,건설기계,남,56세,상해없음,보행자,남,59세,중상
2021051400100195,2021년 5월 14일 11시,금요일,경기도 부천시 원미동,중상사고,0,1,0,0,차대사람 - 기타,안전운전불이행,포장 - 건조,맑음,교차로 - 교차로안,승용,여,55세,상해없음,보행자,여,77세,중상
2021051400100196,2021년 5월 14일 11시,금요일,경기도 광명시 광명동,중상사고,0,1,0,0,차대사람 - 기타,안전운전불이행,포장 - 건조,맑음,단일로 - 기타,승용,여,55세,기타불명,보행자,남,86세,중상
2021051400100197,2021년 5월 14일 11시,금요일,경기도 광명시 광명동,부상신고사고,0,0,0,1,차대사람 - 기타,보행자보호의무위반,포장 - 건조,맑음,교차로 - 교차로횡단보도내,자전거,기타불명,미분류,기타불명,보행자,남,78세,부상신고
2021051400100200,2021년 5월 14일 11시,금요일,경기도 화성시 향남읍,경상사고,0,0,1,0,차대사람 - 기타,안전운전불이행,포장 - 건조,맑음,단일로 - 기타,화물,남,58세,상해없음,보행자,남,61세,경상
2021051400100239,2021년 5월 14일 12시,금요일,경기도 성남시 분당구 구미동,경상사고,0,0,1,0,차대사람 - 횡단중,신호위반,포장 - 건조,맑음,교차로 - 교차로횡단보도내,화물,여,54세,상해없음,보행자,남,7세,경상
2021051400100351,2021년 5월 14일 15시,금요일,경기도 안양시 동안구 비산동,경상사고,0,0,1,0,차대사람 - 횡단중,신호위반,포장 - 건조,맑음,교차로 - 교차로횡단보도내,이륜,남,48세,상해없음,보행자,여,37세,경상
2021051400100358,2021년 5월 14일 15시,금요일,경기도 화성시 오산동,경상사고,0,0,1,0,차대사람 - 기타,신호위반,포장 - 건조,맑음,교차로 - 교차로안,승용,여,49세,상해없음,보행자,남,9세,경상
2021051400100409,2021년 5월 14일 16시,금요일,경기도 안양시 동안구 호계동,중상사고,0,1,0,0,차대사람 - 보도통행중,기타,포장 - 건조,맑음,단일로 - 기타,자전거,기타불명,미분류,기타불명,보행자,여,80세,중상
2021051400100416,2021년 5월 14일 16시,금요일,경기도 광명시 광명동,부상신고사고,0,0,0,1,차대사람 - 횡단중,신호위반,포장 - 건조,맑음,교차로 - 교차로횡단보도내,이륜,남,48세,상해없음,보행자,여,68세,부상신고
2021051400100464,2021년 5월 14일 17시,금요일,경기도 용인시 처인구 이동읍,중상사고,0,2,0,0,차대사람 - 기타,안전운전불이행,포장 - 건조,맑음,교차로 - 교차로안,화물,남,61세,상해없음,보행자,여,13세,중상
2021051400100536,2021년 5월 14일 18시,금요일,경기도 하남시 덕풍동,경상사고,0,0,1,0,차대사람 - 기타,안전운전불이행,포장 - 건조,맑음,기타 - 기타,승용,여,53세,상해없음,보행자,여,31세,경상
2021051400100564,2021년 5월 14일 18시,금요일,경기도 남양주시 다산동,경상사고,0,0,1,0,차대사람 - 기타,기타,포장 - 건조,맑음,단일로 - 기타,승용,여,65세,상해없음,보행자,여,10세,경상
2021051400100565,2021년 5월 14일 18시,금요일,경기도 남양주시 화도읍,경상사고,0,0,1,0,차대사람 - 횡단중,보행자보호의무위반,포장 - 건조,맑음,단일로 - 기타,개인형이동수단(PM),남,17세,기타불명,보행자,남,11세,경상
2021051400100566,2021년 5월 14일 18시,금요일,경기도 동두천시 지행동,경상사고,0,0,1,0,차대사람 - 보도통행중,보행자보호의무위반,포장 - 건조,맑음,교차로 - 교차로횡단보도내,이륜,남,17세,상해없음,보행자,여,68세,경상
2021051400100581,2021년 5월 14일 19시,금요일,경기도 안산시 상록구 사동,경상사고,0,0,1,0,차대사람 - 횡단중,안전운전불이행,포장 - 건조,맑음,교차로 - 교차로안,승용,남,56세,상해없음,보행자,여,19세,경상
2021051400100604,2021년 5월 14일 19시,금요일,경기도 남양주시 오남읍,경상사고,0,0,1,0,차대사람 - 횡단중,안전운전불이행,포장 - 건조,맑음,기타 - 기타,승용,남,62세,상해없음,보행자,여,26세,경상
2021051400100656,2021년 5월 14일 21시,금요일,경기도 안양시 동안구 비산동,경상사고,0,0,1,0,차대사람 - 횡단중,신호위반,포장 - 건조,맑음,교차로 - 교차로횡단보도내,승용,남,61세,상해없음,보행자,남,58세,경상
2021051400100685,2021년 5월 14일 22시,금요일,경기도 성남시 수정구 수진동,중상사고,0,2,0,0,차대사람 - 횡단중,안전운전불이행,포장 - 건조,맑음,단일로 - 기타,승합,남,70세,상해없음,보행자,남,27세,중상
2021051400100686,2021년 5월 14일 22시,금요일,경기도 평택시 통복동,사망사고,1,0,0,0,차대사람 - 횡단중,기타,포장 - 건조,기타,교차로 - 교차로안,승용,남,30세,상해없음,보행자,남,55세,사망
2021051400100687,2021년 5월 14일 22시,금요일,경기도 수원시 팔달구 인계동,중상사고,0,1,0,0,차대사람 - 차도통행중,안전운전불이행,포장 - 건조,맑음,기타 - 기타,승용,남,18세,상해없음,보행자,남,25세,중상
2021051400100698,2021년 5월 14일 22시,금요일,경기도 고양시 일산동구 장항동,경상사고,0,0,1,0,차대사람 - 횡단중,안전운전불이행,포장 - 건조,맑음,단일로 - 기타,이륜,남,29세,상해없음,보행자,남,33세,경상
2021051400100712,2021년 5월 14일 23시,금요일,경기도 용인시 수지구 동천동,부상신고사고,0,0,0,1,차대사람 - 기타,안전운전불이행,포장 - 건조,맑음,교차로 - 교차로안,기타불명,기타불명,미분류,기타불명,보행자,남,52세,부상신고
2021051500100003,2021년 5월 15일 00시,토요일,경기도 광주시 경안동,중상사고,0,1,0,0,차대사람 - 보도통행중,안전운전불이행,포장 - 건조,맑음,교차로 - 교차로안,승용,여,51세,상해없음,보행자,남,18세,중상
2021051500100134,2021년 5월 15일 10시,토요일,경기도 부천시 소사본동,경상사고,0,0,1,0,차대사람 - 기타,보행자보호의무위반,포장 - 건조,맑음,단일로 - 기타,승용,남,44세,상해없음,보행자,남,39세,경상
2021051500100154,2021년 5월 15일 10시,토요일,경기도 고양시 덕양구 덕은동,중상사고,0,2,0,0,차대사람 - 횡단중,신호위반,포장 - 건조,맑음,교차로 - 교차로안,화물,남,55세,상해없음,보행자,남,60세,중상
2021051500100193,2021년 5월 15일 12시,토요일,경기도 성남시 수정구 상적동,경상사고,0,0,1,0,차대사람 - 기타,안전운전불이행,비포장 - 적설,비,단일로 - 기타,승용,남,78세,상해없음,보행자,남,70세,경상
2021051500100249,2021년 5월 15일 13시,토요일,경기도 시흥시 은행동,경상사고,0,0,1,0,차대사람 - 횡단중,보행자보호의무위반,포장 - 젖음/습기,비,교차로 - 교차로횡단보도내,승용,여,26세,상해없음,보행자,여,48세,경상
2021051500100329,2021년 5월 15일 15시,토요일,경기도 시흥시 대야동,중상사고,0,1,0,0,차대사람 - 기타,보행자보호의무위반,포장 - 젖음/습기,비,교차로 - 교차로횡단보도내,승용,남,41세,상해없음,보행자,여,28세,중상
2021051500100331,2021년 5월 15일 15시,토요일,경기도 안산시 상록구 월피동,경상사고,0,0,1,0,차대사람 - 차도통행중,안전운전불이행,포장 - 건조,맑음,단일로 - 기타,승용,남,56세,상해없음,보행자,남,51세,경상
2021051500100469,2021년 5월 15일 19시,토요일,경기도 광주시 오포읍,중상사고,0,1,0,0,차대사람 - 횡단중,신호위반,포장 - 젖음/습기,비,교차로 - 교차로횡단보도내,이륜,남,21세,기타불명,보행자,남,58세,중상
2021051500100483,2021년 5월 15일 19시,토요일,경기도 시흥시 신천동,경상사고,0,0,1,0,차대사람 - 기타,안전운전불이행,포장 - 젖음/습기,비,단일로 - 기타,승용,여,46세,경상,보행자,남,56세,상해없음
2021051500100506,2021년 5월 15일 20시,토요일,경기도 부천시 범박동,중상사고,0,1,0,0,차대사람 - 기타,보행자보호의무위반,포장 - 젖음/습기,비,교차로 - 교차로안,승용,남,70세,상해없음,보행자,남,55세,중상
2021051500100507,2021년 5월 15일 20시,토요일,경기도 안산시 단원구 원곡동,경상사고,0,0,1,0,차대사람 - 보도통행중,안전운전불이행,포장 - 젖음/습기,비,단일로 - 기타,기타불명,기타불명,미분류,기타불명,보행자,여,36세,경상
2021051500100508,2021년 5월 15일 20시,토요일,경기도 성남시 중원구 성남동,중상사고,0,1,0,0,차대사람 - 횡단중,신호위반,포장 - 젖음/습기,비,교차로 - 교차로횡단보도내,이륜,남,37세,상해없음,보행자,남,68세,중상
2021051500100510,2021년 5월 15일 20시,토요일,경기도 안산시 상록구 본오동,경상사고,0,0,1,0,차대사람 - 횡단중,안전운전불이행,포장 - 젖음/습기,비,교차로 - 교차로안,승용,남,34세,상해없음,보행자,남,58세,경상
2021051500100535,2021년 5월 15일 20시,토요일,경기도 남양주시 퇴계원읍,중상사고,0,1,0,0,차대사람 - 보도통행중,신호위반,포장 - 젖음/습기,비,교차로 - 교차로횡단보도내,이륜,남,51세,상해없음,보행자,여,30세,중상
2021051500100550,2021년 5월 15일 21시,토요일,경기도 부천시 중동,경상사고,0,0,2,0,차대사람 - 횡단중,신호위반,포장 - 젖음/습기,비,교차로 - 교차로부근,이륜,남,26세,상해없음,보행자,여,27세,경상
2021051500100553,2021년 5월 15일 21시,토요일,경기도 용인시 수지구 죽전동,중상사고,0,1,0,0,차대사람 - 횡단중,신호위반,포장 - 젖음/습기,비,교차로 - 교차로횡단보도내,이륜,남,26세,상해없음,보행자,여,68세,중상
2021051500100582,2021년 5월 15일 22시,토요일,경기도 수원시 장안구 송죽동,중상사고,0,1,1,0,차대사람 - 횡단중,안전운전불이행,포장 - 젖음/습기,비,단일로 - 기타,이륜,남,23세,상해없음,보행자,남,23세,중상
2021051500100586,2021년 5월 15일 22시,토요일,경기도 성남시 중원구 성남동,경상사고,0,0,1,0,차대사람 - 기타,안전운전불이행,포장 - 건조,맑음,단일로 - 기타,승용,남,28세,상해없음,보행자,남,25세,경상
2021051600100003,2021년 5월 16일 00시,일요일,경기도 화성시 진안동,중상사고,0,1,0,0,차대사람 - 횡단중,신호위반,포장 - 젖음/습기,비,단일로 - 기타,승합,남,57세,상해없음,보행자,남,41세,중상
2021051600100025,2021년 5월 16일 00시,일요일,경기도 의정부시 의정부동,경상사고,0,0,1,0,차대사람 - 차도통행중,안전운전불이행,포장 - 건조,흐림,교차로 - 교차로안,승용,남,27세,기타불명,보행자,남,23세,경상
2021051600100106,2021년 5월 16일 10시,일요일,경기도 남양주시 호평동,경상사고,0,0,2,0,차대사람 - 보도통행중,기타,포장 - 젖음/습기,비,단일로 - 기타,승용,여,35세,상해없음,보행자,여,71세,경상
2021051600100138,2021년 5월 16일 12시,일요일,경기도 안산시 단원구 대부북동,중상사고,0,1,0,0,차대사람 - 기타,안전운전불이행,포장 - 젖음/습기,비,기타 - 기타,승용,남,59세,상해없음,보행자,남,9세,중상
2021051600100159,2021년 5월 16일 12시,일요일,경기도 고양시 덕양구 동산동,경상사고,0,0,1,0,차대사람 - 기타,안전운전불이행,포장 - 젖음/습기,비,단일로 - 기타,승용,남,51세,상해없음,보행자,여,25세,경상
2021051600100203,2021년 5월 16일 14시,일요일,경기도 안양시 만안구 안양동,경상사고,0,0,1,0,차대사람 - 기타,안전운전불이행,포장 - 젖음/습기,비,기타 - 기타,승합,남,57세,기타불명,보행자,여,30세,경상
2021051600100231,2021년 5월 16일 15시,일요일,경기도 평택시 지제동,경상사고,0,0,1,0,차대사람 - 보도통행중,신호위반,포장 - 젖음/습기,비,교차로 - 교차로횡단보도내,승용,여,28세,상해없음,보행자,남,41세,경상
2021051600100233,2021년 5월 16일 15시,일요일,경기도 양평군 양평읍,부상신고사고,0,0,0,2,차대사람 - 기타,안전운전불이행,포장 - 젖음/습기,비,단일로 - 기타,화물,남,19세,부상신고,보행자,남,49세,부상신고
2021051600100259,2021년 5월 16일 16시,일요일,경기도 안산시 상록구 본오동,경상사고,0,0,1,0,차대사람 - 횡단중,안전운전불이행,포장 - 건조,맑음,단일로 - 기타,승용,남,49세,상해없음,보행자,여,37세,경상
2021051600100260,2021년 5월 16일 16시,일요일,경기도 화성시 우정읍,경상사고,0,0,1,0,차대사람 - 기타,안전운전불이행,포장 - 젖음/습기,비,기타 - 기타,승용,남,50세,상해없음,보행자,남,73세,경상
2021051600100273,2021년 5월 16일 16시,일요일,경기도 파주시 문산읍,중상사고,0,1,0,0,차대사람 - 횡단중,신호위반,포장 - 젖음/습기,비,교차로 - 교차로안,승용,남,46세,상해없음,보행자,여,54세,중상
2021051600100281,2021년 5월 16일 17시,일요일,경기도 성남시 중원구 중앙동,중상사고,0,1,0,0,차대사람 - 횡단중,안전운전불이행,포장 - 젖음/습기,비,단일로 - 기타,이륜,남,36세,상해없음,보행자,남,66세,중상