사고번호,사고일시,요일,시군구,사고내용,사망자수,중상자수,경상자수,부상신고자수,사고유형,법규위반,노면상태,기상상태,도로형태,가해운전자 차종,가해운전자 성별,가해운전자 연령,가해운전자 상해정도,피해운전자 차종,피해운전자 성별,피해운전자 연령,피해운전자 상해정도
2021051600100303,2021년 5월 16일 18시,일요일,경기도 안성시 공도읍,경상사고,0,0,1,0,차대사람 - 기타,안전운전불이행,포장 - 젖음/습기,비,기타 - 기타,이륜,남,70세,상해없음,보행자,남,50세,경상
2021051600100332,2021년 5월 16일 19시,일요일,경기도 평택시 서정동,중상사고,0,1,0,0,차대사람 - 횡단중,안전운전불이행,포장 - 젖음/습기,비,교차로 - 교차로부근,이륜,남,30세,상해없음,보행자,남,55세,중상
2021051600100334,2021년 5월 16일 19시,일요일,경기도 용인시 기흥구 상하동,중상사고,0,1,0,0,차대사람 - 횡단중,신호위반,포장 - 젖음/습기,비,교차로 - 교차로안,원동기,남,54세,상해없음,보행자,남,48세,중상
2021051600100354,2021년 5월 16일 19시,일요일,경기도 고양시 덕양구 삼송동,중상사고,0,1,0,0,차대사람 - 횡단중,신호위반,포장 - 젖음/습기,비,교차로 - 교차로횡단보도내,이륜,남,48세,상해없음,보행자,남,40세,중상
2021051600100368,2021년 5월 16일 20시,일요일,경기도 수원시 권선구 탑동,경상사고,0,0,1,0,차대사람 - 기타,안전운전불이행,포장 - 젖음/습기,비,교차로 - 교차로부근,승용,남,25세,상해없음,보행자,남,52세,경상
2021051600100369,2021년 5월 16일 20시,일요일,경기도 안양시 만안구 안양동,경상사고,0,0,2,0,차대사람 - 기타,신호위반,포장 - 젖음/습기,비,기타 - 기타,이륜,남,24세,기타불명,보행자,남,63세,경상
2021051600100388,2021년 5월 16일 20시,일요일,경기도 의정부시 민락동,중상사고,0,1,0,0,차대사람 - 횡단중,신호위반,포장 - 젖음/습기,맑음,단일로 - 기타,이륜,남,34세,기타불명,보행자,여,57세,중상
2021051600100389,2021년 5월 16일 20시,일요일,경기도 고양시 덕양구 원흥동,중상사고,0,1,0,0,차대사람 - 횡단중,신호위반,포장 - 젖음/습기,비,교차로 - 교차로안,이륜,남,34세,상해없음,보행자,남,56세,중상
2021051600100399,2021년 5월 16일 21시,일요일,경기도 부천시 심곡동,중상사고,0,1,0,0,차대사람 - 기타,안전운전불이행,포장 - 젖음/습기,비,교차로 - 교차로부근,이륜,남,48세,상해없음,보행자,여,57세,중상
2021051600100401,2021년 5월 16일 21시,일요일,경기도 광명시 하안동,경상사고,0,0,1,0,차대사람 - 횡단중,안전운전불이행,포장 - 젖음/습기,비,교차로 - 교차로횡단보도내,화물,남,57세,기타불명,보행자,남,68세,경상
2021051600100402,2021년 5월 16일 21시,일요일,경기도 의왕시 삼동,중상사고,0,1,0,0,차대사람 - 차도통행중,안전운전불이행,포장 - 젖음/습기,비,단일로 - 기타,이륜,남,23세,상해없음,보행자,여,25세,중상
2021051600100423,2021년 5월 16일 21시,일요일,경기도 동두천시 생연동,부상신고사고,0,0,0,1,차대사람 - 길가장자리구역통행중,안전운전불이행,포장 - 젖음/습기,비,교차로 - 교차로부근,승용,여,52세,상해없음,보행자,남,61세,부상신고
2021051600100433,2021년 5월 16일 22시,일요일,경기도 광주시 역동,경상사고,0,0,1,1,차대사람 - 횡단중,안전운전불이행,포장 - 젖음/습기,흐림,교차로 - 교차로횡단보도내,이륜,남,23세,부상신고,보행자,남,24세,경상
2021051600100434,2021년 5월 16일 22시,일요일,경기도 부천시 심곡동,중상사고,0,1,0,0,차대사람 - 횡단중,안전운전불이행,포장 - 젖음/습기,비,단일로 - 기타,이륜,남,24세,상해없음,보행자,남,43세,중상
2021051600100436,2021년 5월 16일 22시,일요일,경기도 시흥시 대야동,중상사고,0,1,0,0,차대사람 - 차도통행중,안전운전불이행,포장 - 젖음/습기,비,단일로 - 기타,화물,남,68세,상해없음,보행자,남,60세,중상
2021051600100446,2021년 5월 16일 22시,일요일,경기도 포천시 선단동,중상사고,0,1,0,0,차대사람 - 기타,안전운전불이행,포장 - 젖음/습기,비,단일로 - 기타,승용,남,20세,상해없음,보행자,여,57세,중상
2021051600100447,2021년 5월 16일 22시,일요일,경기도 가평군 설악면,경상사고,0,0,1,0,차대사람 - 횡단중,신호위반,포장 - 젖음/습기,비,교차로 - 교차로횡단보도내,승용,남,41세,상해없음,보행자,여,21세,경상
2021051600100449,2021년 5월 16일 23시,일요일,경기도 부천시 심곡동,경상사고,0,0,1,0,차대사람 - 횡단중,신호위반,포장 - 젖음/습기,비,교차로 - 교차로횡단보도내,이륜,남,20세,상해없음,보행자,남,27세,경상
2021051600100458,2021년 5월 16일 23시,일요일,경기도 화성시 송산면,경상사고,0,0,1,0,차대사람 - 횡단중,안전운전불이행,포장 - 젖음/습기,비,주차장 - 주차장,승용,남,62세,상해없음,보행자,남,66세,경상
2021051700100043,2021년 5월 17일 06시,월요일,경기도 시흥시 대야동,경상사고,0,0,1,0,차대사람 - 기타,안전운전불이행,포장 - 건조,맑음,교차로 - 교차로부근,화물,남,58세,상해없음,보행자,여,82세,경상
2021051700100081,2021년 5월 17일 08시,월요일,경기도 광명시 철산동,부상신고사고,0,0,0,1,차대사람 - 기타,안전운전불이행,포장 - 젖음/습기,비,단일로 - 기타,승용,남,38세,상해없음,보행자,여,61세,부상신고
2021051700100221,2021년 5월 17일 13시,월요일,경기도 광주시 쌍령동,경상사고,0,0,1,0,차대사람 - 기타,안전운전불이행,포장 - 건조,맑음,단일로 - 기타,승합,남,45세,상해없음,보행자,여,65세,경상
2021051700100265,2021년 5월 17일 14시,월요일,경기도 포천시 소흘읍,경상사고,0,0,1,0,차대사람 - 기타,보행자보호의무위반,포장 - 건조,맑음,교차로 - 교차로부근,화물,남,45세,상해없음,보행자,남,18세,경상
2021051700100313,2021년 5월 17일 16시,월요일,경기도 광주시 도척면,경상사고,0,0,1,0,차대사람 - 기타,안전운전불이행,포장 - 건조,맑음,기타 - 기타,승용,여,38세,상해없음,보행자,남,37세,경상
2021051700100352,2021년 5월 17일 17시,월요일,경기도 화성시 반월동,경상사고,0,0,1,0,차대사람 - 기타,기타,포장 - 건조,흐림,단일로 - 기타,승용,남,23세,상해없음,보행자,남,49세,경상
2021051700100386,2021년 5월 17일 18시,월요일,경기도 평택시 서정동,경상사고,0,0,1,0,차대사람 - 기타,안전운전불이행,포장 - 건조,맑음,단일로 - 기타,화물,남,59세,상해없음,보행자,남,44세,경상
2021051700100389,2021년 5월 17일 18시,월요일,경기도 광명시 하안동,경상사고,0,0,1,0,차대사람 - 기타,안전운전불이행,포장 - 젖음/습기,비,교차로 - 교차로안,승용,여,58세,상해없음,보행자,여,60세,경상
2021051700100423,2021년 5월 17일 19시,월요일,경기도 용인시 기흥구 상하동,중상사고,0,1,0,0,차대사람 - 기타,안전운전불이행,포장 - 건조,맑음,기타 - 기타,승용,여,53세,상해없음,보행자,남,54세,중상
2021051700100453,2021년 5월 17일 20시,월요일,경기도 성남시 수정구 복정동,경상사고,0,0,1,0,차대사람 - 기타,안전운전불이행,포장 - 건조,맑음,단일로 - 기타,승용,남,52세,상해없음,보행자,남,35세,경상
2021051700100454,2021년 5월 17일 20시,월요일,경기도 안성시 석정동,경상사고,0,0,1,0,차대사람 - 횡단중,안전운전불이행,포장 - 젖음/습기,비,교차로 - 교차로안,이륜,남,19세,상해없음,보행자,남,16세,경상
2021051700100455,2021년 5월 17일 20시,월요일,경기도 여주시 가남읍,중상사고,0,1,0,0,차대사람 - 횡단중,안전운전불이행,포장 - 젖음/습기,비,교차로 - 교차로안,승용,남,67세,상해없음,보행자,남,53세,중상
2021051700100456,2021년 5월 17일 20시,월요일,경기도 안산시 단원구 고잔동,경상사고,0,0,1,0,차대사람 - 차도통행중,안전운전불이행,포장 - 건조,맑음,단일로 - 기타,승용,남,31세,상해없음,보행자,남,46세,경상
2021051700100487,2021년 5월 17일 21시,월요일,경기도 양평군 강하면,경상사고,0,0,1,0,차대사람 - 횡단중,안전운전불이행,포장 - 젖음/습기,흐림,교차로 - 교차로안,화물,남,58세,상해없음,보행자,여,53세,경상
2021051700100504,2021년 5월 17일 21시,월요일,경기도 의정부시 신곡동,경상사고,0,0,1,0,차대사람 - 기타,안전운전불이행,포장 - 건조,맑음,단일로 - 기타,승용,여,55세,상해없음,보행자,남,53세,경상
2021051700100505,2021년 5월 17일 21시,월요일,경기도 구리시 인창동,중상사고,0,1,0,0,차대사람 - 기타,안전운전불이행,포장 - 건조,흐림,단일로 - 기타,승용,남,26세,상해없음,보행자,여,15세,중상
2021051700100516,2021년 5월 17일 22시,월요일,경기도 부천시 심곡동,경상사고,0,0,1,0,차대사람 - 기타,안전운전불이행,포장 - 건조,맑음,기타 - 기타,승용,남,23세,상해없음,보행자,남,47세,경상
2021051700100531,2021년 5월 17일 22시,월요일,경기도 고양시 일산서구 덕이동,경상사고,0,0,1,0,차대사람 - 횡단중,보행자보호의무위반,포장 - 건조,흐림,교차로 - 교차로횡단보도내,승용,남,55세,상해없음,보행자,여,19세,경상
2021051800100064,2021년 5월 18일 07시,화요일,경기도 고양시 덕양구 원흥동,경상사고,0,0,1,0,차대사람 - 횡단중,신호위반,포장 - 건조,맑음,교차로 - 교차로횡단보도내,승용,남,50세,상해없음,보행자,여,31세,경상
2021051800100065,2021년 5월 18일 07시,화요일,경기도 남양주시 오남읍,경상사고,0,0,1,0,차대사람 - 횡단중,보행자보호의무위반,포장 - 건조,맑음,교차로 - 교차로횡단보도내,승용,남,40세,상해없음,보행자,남,27세,경상
2021051800100097,2021년 5월 18일 08시,화요일,경기도 고양시 일산동구 문봉동,경상사고,0,0,1,0,차대사람 - 횡단중,안전운전불이행,포장 - 건조,맑음,교차로 - 교차로부근,승용,여,61세,상해없음,보행자,여,51세,경상
2021051800100109,2021년 5월 18일 09시,화요일,경기도 수원시 영통구 원천동,경상사고,0,0,1,0,차대사람 - 차도통행중,안전운전불이행,포장 - 건조,맑음,교차로 - 교차로안,승용,여,39세,상해없음,보행자,여,27세,경상
2021051800100124,2021년 5월 18일 09시,화요일,경기도 의정부시 신곡동,경상사고,0,0,1,0,차대사람 - 횡단중,안전운전불이행,포장 - 건조,맑음,교차로 - 교차로부근,승용,남,73세,상해없음,보행자,여,77세,경상
2021051800100125,2021년 5월 18일 09시,화요일,경기도 남양주시 화도읍,중상사고,0,1,0,0,차대사람 - 횡단중,보행자보호의무위반,포장 - 건조,맑음,교차로 - 교차로안,승용,여,40세,상해없음,보행자,여,55세,중상
2021051800100132,2021년 5월 18일 10시,화요일,경기도 평택시 서정동,경상사고,0,0,1,0,차대사람 - 횡단중,보행자보호의무위반,포장 - 건조,맑음,기타 - 기타,승용,여,57세,상해없음,보행자,여,69세,경상
2021051800100133,2021년 5월 18일 10시,화요일,경기도 광주시 오포읍,경상사고,0,0,1,0,차대사람 - 차도통행중,안전운전불이행,포장 - 건조,맑음,교차로 - 교차로부근,승용,여,43세,상해없음,보행자,남,70세,경상
2021051800100177,2021년 5월 18일 12시,화요일,경기도 수원시 팔달구 우만동,경상사고,0,0,1,0,차대사람 - 기타,안전운전불이행,포장 - 건조,맑음,단일로 - 기타,개인형이동수단(PM),남,72세,상해없음,보행자,남,70세,경상
2021051800100214,2021년 5월 18일 13시,화요일,경기도 평택시 통복동,경상사고,0,0,1,0,차대사람 - 차도통행중,안전운전불이행,포장 - 건조,맑음,단일로 - 기타,승용,남,30세,상해없음,보행자,남,78세,경상
2021051800100237,2021년 5월 18일 13시,화요일,경기도 남양주시 진접읍,중상사고,0,1,0,0,차대사람 - 횡단중,안전운전불이행,포장 - 건조,맑음,교차로 - 교차로안,승용,여,69세,상해없음,보행자,여,8세,중상
2021051800100244,2021년 5월 18일 14시,화요일,경기도 수원시 장안구 천천동,부상신고사고,0,0,0,1,차대사람 - 기타,안전운전불이행,포장 - 건조,맑음,단일로 - 기타,승합,남,55세,상해없음,보행자,여,87세,부상신고
2021051800100249,2021년 5월 18일 14시,화요일,경기도 광명시 소하동,중상사고,0,1,0,0,차대사람 - 기타,안전운전불이행,포장 - 건조,맑음,단일로 - 기타,승용,남,60세,상해없음,보행자,남,52세,중상
2021051800100296,2021년 5월 18일 15시,화요일,경기도 부천시 중동,중상사고,0,1,0,0,차대사람 - 횡단중,보행자보호의무위반,포장 - 건조,맑음,교차로 - 교차로안,승용,여,45세,상해없음,보행자,여,74세,중상
2021051800100297,2021년 5월 18일 15시,화요일,경기도 부천시 심곡동,중상사고,0,1,0,0,차대사람 - 횡단중,안전운전불이행,포장 - 건조,맑음,단일로 - 기타,승용,남,74세,상해없음,보행자,여,88세,중상
2021051800100301,2021년 5월 18일 15시,화요일,경기도 군포시 금정동,중상사고,0,1,0,0,차대사람 - 횡단중,안전운전불이행,포장 - 건조,맑음,교차로 - 교차로부근,승용,여,34세,상해없음,보행자,여,9세,중상
2021051800100304,2021년 5월 18일 15시,화요일,경기도 화성시 병점동,중상사고,0,1,0,0,차대사람 - 기타,안전운전불이행,포장 - 건조,맑음,단일로 - 기타,이륜,여,50세,중상,보행자,남,4세,상해없음
2021051800100305,2021년 5월 18일 15시,화요일,경기도 화성시 영천동,중상사고,0,1,0,0,차대사람 - 횡단중,보행자보호의무위반,포장 - 건조,맑음,교차로 - 교차로횡단보도내,승합,남,44세,상해없음,보행자,여,8세,중상
2021051800100339,2021년 5월 18일 16시,화요일,경기도 평택시 서탄면,경상사고,0,0,1,0,차대사람 - 기타,안전운전불이행,포장 - 건조,맑음,교차로 - 교차로안,화물,남,41세,기타불명,보행자,남,43세,경상
2021051800100342,2021년 5월 18일 16시,화요일,경기도 안산시 단원구 고잔동,경상사고,0,0,1,0,차대사람 - 횡단중,신호위반,포장 - 건조,맑음,기타 - 기타,이륜,남,33세,상해없음,보행자,여,25세,경상
2021051800100370,2021년 5월 18일 16시,화요일,경기도 고양시 일산동구 장항동,중상사고,0,1,0,0,차대사람 - 횡단중,보행자보호의무위반,포장 - 건조,맑음,단일로 - 기타,승용,여,36세,상해없음,보행자,여,58세,중상
2021051800100371,2021년 5월 18일 16시,화요일,경기도 고양시 일산동구 백석동,경상사고,0,0,1,0,차대사람 - 기타,기타,포장 - 건조,맑음,단일로 - 기타,승합,남,63세,상해없음,보행자,남,53세,경상
2021051800100427,2021년 5월 18일 18시,화요일,경기도 평택시 용이동,부상신고사고,0,0,0,1,차대사람 - 횡단중,안전운전불이행,포장 - 건조,맑음,교차로 - 교차로횡단보도내,기타불명,기타불명,미분류,기타불명,보행자,남,29세,부상신고
2021051800100436,2021년 5월 18일 18시,화요일,경기도 의왕시 오전동,중상사고,0,1,0,0,차대사람 - 기타,안전운전불이행,포장 - 건조,맑음,교차로 - 교차로안,승용,남,48세,상해없음,보행자,남,72세,중상
2021051800100437,2021년 5월 18일 18시,화요일,경기도 하남시 망월동,경상사고,0,0,1,0,차대사람 - 기타,안전운전불이행,포장 - 건조,맑음,교차로 - 교차로안,기타불명,기타불명,미분류,기타불명,보행자,여,50세,경상
2021051800100462,2021년 5월 18일 18시,화요일,경기도 의정부시 의정부동,경상사고,0,0,1,0,차대사람 - 기타,안전운전불이행,포장 - 건조,맑음,교차로 - 교차로부근,자전거,여,25세,상해없음,보행자,남,56세,경상
2021051800100481,2021년 5월 18일 19시,화요일,경기도 이천시 장호원읍,경상사고,0,0,1,0,차대사람 - 횡단중,보행자보호의무위반,포장 - 건조,맑음,교차로 - 교차로횡단보도내,승용,여,69세,상해없음,보행자,남,39세,경상
2021051800100486,2021년 5월 18일 19시,화요일,경기도 시흥시 장현동,경상사고,0,0,1,0,차대사람 - 길가장자리구역통행중,안전운전불이행,포장 - 건조,맑음,단일로 - 기타,승용,여,24세,상해없음,보행자,남,63세,경상
2021051800100520,2021년 5월 18일 20시,화요일,경기도 화성시 향남읍,중상사고,0,1,0,0,차대사람 - 기타,안전운전불이행,포장 - 건조,맑음,교차로 - 교차로부근,이륜,남,33세,상해없음,보행자,남,57세,중상
2021051800100548,2021년 5월 18일 21시,화요일,경기도 수원시 장안구 조원동,중상사고,0,1,0,0,차대사람 - 횡단중,신호위반,포장 - 건조,흐림,교차로 - 교차로안,승용,여,48세,상해없음,보행자,남,27세,중상
2021051800100551,2021년 5월 18일 21시,화요일,경기도 광주시 곤지암읍,경상사고,0,0,1,0,차대사람 - 차도통행중,안전운전불이행,포장 - 건조,맑음,기타 - 기타,승용,남,56세,상해없음,보행자,남,19세,경상
2021051800100553,2021년 5월 18일 21시,화요일,경기도 여주시 창동,경상사고,0,0,1,0,차대사람 - 기타,안전운전불이행,포장 - 건조,맑음,단일로 - 기타,승용,남,66세,상해없음,보행자,남,48세,경상
2021051800100554,2021년 5월 18일 21시,화요일,경기도 용인시 처인구 포곡읍,중상사고,0,1,0,0,차대사람 - 기타,안전운전불이행,포장 - 건조,맑음,기타 - 기타,승용,남,53세,상해없음,보행자,남,57세,중상
2021051800100578,2021년 5월 18일 22시,화요일,경기도 수원시 팔달구 인계동,경상사고,0,0,1,0,차대사람 - 길가장자리구역통행중,안전운전불이행,포장 - 건조,맑음,단일로 - 기타,승용,남,39세,상해없음,보행자,남,58세,경상
2021051900100057,2021년 5월 19일 06시,수요일,경기도 고양시 덕양구 고양동,중상사고,0,2,0,0,차대사람 - 보도통행중,기타,포장 - 건조,맑음,단일로 - 기타,승용,남,57세,중상,보행자,남,63세,중상
2021051900100099,2021년 5월 19일 09시,수요일,경기도 광명시 광명동,경상사고,0,0,1,0,차대사람 - 기타,안전운전불이행,포장 - 건조,맑음,단일로 - 기타,승용,남,48세,상해없음,보행자,여,25세,경상
2021051900100127,2021년 5월 19일 10시,수요일,경기도 안산시 상록구 본오동,경상사고,0,0,1,0,차대사람 - 횡단중,신호위반,포장 - 건조,맑음,교차로 - 교차로횡단보도내,승용,여,39세,상해없음,보행자,여,10세,경상
2021051900100160,2021년 5월 19일 11시,수요일,경기도 용인시 처인구 남사읍,경상사고,0,0,1,0,차대사람 - 기타,안전운전불이행,포장 - 건조,맑음,단일로 - 기타,승용,여,54세,상해없음,보행자,여,12세,경상
2021051900100235,2021년 5월 19일 13시,수요일,경기도 수원시 팔달구 팔달로3가,중상사고,0,1,0,0,차대사람 - 길가장자리구역통행중,안전운전불이행,포장 - 건조,맑음,단일로 - 기타,이륜,남,67세,기타불명,보행자,여,44세,중상
2021051900100240,2021년 5월 19일 13시,수요일,경기도 성남시 분당구 금곡동,경상사고,0,0,2,0,차대사람 - 보도통행중,기타,포장 - 건조,맑음,기타 - 기타,원동기,남,60세,경상,보행자,남,33세,경상
2021051900100260,2021년 5월 19일 13시,수요일,경기도 의정부시 의정부동,경상사고,0,0,1,0,차대사람 - 길가장자리구역통행중,안전운전불이행,포장 - 건조,맑음,단일로 - 기타,승용,남,59세,상해없음,보행자,여,46세,경상
2021051900100272,2021년 5월 19일 14시,수요일,경기도 부천시 약대동,경상사고,0,0,1,0,차대사람 - 횡단중,안전운전불이행,포장 - 건조,맑음,교차로 - 교차로부근,이륜,남,29세,상해없음,보행자,남,24세,경상
2021051900100297,2021년 5월 19일 14시,수요일,경기도 남양주시 다산동,중상사고,0,1,0,0,차대사람 - 기타,안전운전불이행,포장 - 건조,맑음,단일로 - 기타,승용,남,45세,상해없음,보행자,여,61세,중상
2021051900100307,2021년 5월 19일 15시,수요일,경기도 이천시 중리동,경상사고,0,0,1,0,차대사람 - 기타,기타,포장 - 건조,맑음,단일로 - 기타,원동기,여,60세,상해없음,보행자,여,24세,경상
2021051900100310,2021년 5월 19일 15시,수요일,경기도 부천시 중동,경상사고,0,0,1,0,차대사람 - 보도통행중,안전운전불이행,포장 - 건조,맑음,기타 - 기타,개인형이동수단(PM),남,16세,상해없음,보행자,여,71세,경상
2021051900100327,2021년 5월 19일 15시,수요일,경기도 고양시 일산서구 주엽동,경상사고,0,0,1,0,차대사람 - 기타,기타,포장 - 건조,맑음,단일로 - 기타,승합,남,35세,상해없음,보행자,여,62세,경상
2021051900100442,2021년 5월 19일 18시,수요일,경기도 의정부시 민락동,경상사고,0,0,1,0,차대사람 - 차도통행중,안전운전불이행,포장 - 젖음/습기,맑음,교차로 - 교차로안,화물,남,62세,상해없음,보행자,남,55세,경상
2021051900100479,2021년 5월 19일 20시,수요일,경기도 부천시 심곡동,중상사고,0,1,1,0,차대사람 - 횡단중,보행자보호의무위반,포장 - 건조,맑음,교차로 - 교차로횡단보도내,승용,여,52세,상해없음,보행자,남,19세,경상
2021051900100508,2021년 5월 19일 21시,수요일,경기도 남양주시 수동면,경상사고,0,0,1,0,차대사람 - 횡단중,보행자보호의무위반,포장 - 건조,맑음,교차로 - 교차로횡단보도내,승합,남,67세,상해없음,보행자,여,17세,경상
2021051900100509,2021년 5월 19일 21시,수요일,경기도 파주시 동패동,중상사고,0,1,0,0,차대사람 - 기타,안전운전불이행,포장 - 건조,맑음,교차로 - 교차로안,승용,남,27세,상해없음,보행자,여,55세,중상
2021051900100514,2021년 5월 19일 22시,수요일,경기도 양평군 양평읍,경상사고,0,0,1,0,차대사람 - 보도통행중,보행자보호의무위반,포장 - 건조,맑음,단일로 - 기타,화물,남,48세,상해없음,보행자,남,58세,경상
2021051900100527,2021년 5월 19일 22시,수요일,경기도 고양시 일산서구 일산동,부상신고사고,0,0,0,1,차대사람 - 기타,안전운전불이행,포장 - 건조,맑음,단일로 - 기타,기타불명,기타불명,미분류,기타불명,보행자,남,42세,부상신고
2021051900100539,2021년 5월 19일 23시,수요일,경기도 의정부시 의정부동,경상사고,0,0,1,0,차대사람 - 횡단중,신호위반,포장 - 건조,맑음,단일로 - 기타,승용,남,39세,상해없음,보행자,남,57세,경상
2021052000100058,2021년 5월 20일 07시,목요일,경기도 의정부시 의정부동,경상사고,0,0,1,0,차대사람 - 기타,안전운전불이행,포장 - 건조,맑음,단일로 - 기타,승용,여,54세,상해없음,보행자,여,27세,경상
2021052000100084,2021년 5월 20일 08시,목요일,경기도 포천시 선단동,경상사고,0,0,1,0,차대사람 - 기타,중앙선침범,포장 - 건조,흐림,교차로 - 교차로부근,승용,남,55세,상해없음,보행자,남,17세,경상
2021052000100122,2021년 5월 20일 10시,목요일,경기도 부천시 심곡본동,중상사고,0,1,0,0,차대사람 - 기타,보행자보호의무위반,포장 - 기타,맑음,교차로 - 교차로부근,화물,남,35세,상해없음,보행자,여,80세,중상
2021052000100181,2021년 5월 20일 12시,목요일,경기도 부천시 삼정동,경상사고,0,0,1,0,차대사람 - 횡단중,신호위반,포장 - 젖음/습기,비,교차로 - 교차로횡단보도내,화물,남,68세,상해없음,보행자,여,63세,경상
2021052000100212,2021년 5월 20일 13시,목요일,경기도 안양시 만안구 안양동,중상사고,0,1,0,0,차대사람 - 횡단중,안전운전불이행,포장 - 건조,맑음,단일로 - 기타,승용,남,48세,상해없음,보행자,여,19세,중상
2021052000100227,2021년 5월 20일 13시,목요일,경기도 양주시 남면,경상사고,0,0,1,0,차대사람 - 기타,안전운전불이행,포장 - 건조,맑음,단일로 - 기타,승용,남,59세,상해없음,보행자,남,55세,경상
2021052000100237,2021년 5월 20일 14시,목요일,경기도 이천시 창전동,경상사고,0,0,1,0,차대사람 - 횡단중,중앙선침범,포장 - 건조,맑음,단일로 - 기타,이륜,남,19세,상해없음,보행자,여,68세,경상
2021052000100273,2021년 5월 20일 15시,목요일,경기도 용인시 처인구 김량장동,중상사고,0,1,0,0,차대사람 - 기타,안전운전불이행,포장 - 건조,맑음,기타 - 기타,개인형이동수단(PM),여,34세,상해없음,보행자,여,62세,중상
2021052000100274,2021년 5월 20일 15시,목요일,경기도 화성시 남양읍,경상사고,0,0,1,0,차대사람 - 기타,안전운전불이행,포장 - 건조,맑음,기타 - 기타,승용,남,44세,상해없음,보행자,남,39세,경상
2021052000100319,2021년 5월 20일 16시,목요일,경기도 양주시 덕정동,중상사고,0,1,0,0,차대사람 - 횡단중,신호위반,포장 - 건조,맑음,교차로 - 교차로안,승용,여,66세,상해없음,보행자,여,12세,중상
2021052000100333,2021년 5월 20일 17시,목요일,경기도 용인시 처인구 김량장동,중상사고,0,1,0,0,차대사람 - 길가장자리구역통행중,교차로운행방법위반,포장 - 건조,맑음,교차로 - 교차로안,승용,남,55세,상해없음,보행자,남,68세,중상
2021052000100342,2021년 5월 20일 17시,목요일,경기도 수원시 팔달구 매산로1가,부상신고사고,0,0,0,1,차대사람 - 기타,안전운전불이행,포장 - 건조,맑음,교차로 - 교차로부근,승용,남,51세,상해없음,보행자,여,57세,부상신고
2021052000100372,2021년 5월 20일 18시,목요일,경기도 부천시 원미동,경상사고,0,0,1,0,차대사람 - 횡단중,보행자보호의무위반,포장 - 건조,맑음,교차로 - 교차로횡단보도내,화물,남,53세,상해없음,보행자,남,71세,경상
2021052000100373,2021년 5월 20일 18시,목요일,경기도 광명시 철산동,부상신고사고,0,0,0,1,차대사람 - 횡단중,신호위반,포장 - 건조,맑음,교차로 - 교차로안,기타불명,기타불명,미분류,기타불명,보행자,여,16세,부상신고
2021052000100412,2021년 5월 20일 19시,목요일,경기도 부천시 원미동,중상사고,0,1,0,0,차대사람 - 기타,안전운전불이행,포장 - 젖음/습기,비,교차로 - 교차로부근,화물,남,45세,상해없음,보행자,남,54세,중상
2021052000100419,2021년 5월 20일 19시,목요일,경기도 안양시 만안구 안양동,중상사고,0,1,0,0,차대사람 - 기타,안전운전불이행,포장 - 젖음/습기,비,교차로 - 교차로안,승용,남,29세,상해없음,보행자,여,55세,중상
2021052000100453,2021년 5월 20일 20시,목요일,경기도 부천시 송내동,중상사고,0,1,0,0,차대사람 - 횡단중,보행자보호의무위반,포장 - 젖음/습기,비,교차로 - 교차로횡단보도내,화물,남,36세,상해없음,보행자,여,62세,중상
2021052000100454,2021년 5월 20일 20시,목요일,경기도 오산시 오산동,중상사고,0,1,0,0,차대사람 - 기타,보행자보호의무위반,포장 - 젖음/습기,비,교차로 - 교차로안,승합,남,45세,상해없음,보행자,여,83세,중상
2021052000100459,2021년 5월 20일 20시,목요일,경기도 수원시 권선구 서둔동,중상사고,0,1,0,0,차대사람 - 기타,안전운전불이행,포장 - 젖음/습기,비,단일로 - 기타,승용,여,49세,상해없음,보행자,여,72세,중상
2021052000100461,2021년 5월 20일 20시,목요일,경기도 화성시 병점동,중상사고,0,1,0,0,차대사람 - 횡단중,보행자보호의무위반,포장 - 젖음/습기,비,교차로 - 교차로횡단보도내,승용,여,46세,상해없음,보행자,여,48세,중상
2021052000100495,2021년 5월 20일 21시,목요일,경기도 오산시 오산동,경상사고,0,0,1,0,차대사람 - 횡단중,신호위반,포장 - 젖음/습기,비,교차로 - 교차로횡단보도내,승용,여,56세,상해없음,보행자,남,10세,경상
2021052000100500,2021년 5월 20일 21시,목요일,경기도 시흥시 신천동,경상사고,0,0,1,0,차대사람 - 기타,신호위반,포장 - 젖음/습기,맑음,단일로 - 기타,승용,남,36세,상해없음,보행자,남,52세,경상
2021052000100539,2021년 5월 20일 22시,목요일,경기도 안산시 상록구 월피동,경상사고,0,0,1,0,차대사람 - 기타,안전운전불이행,포장 - 젖음/습기,비,단일로 - 기타,승용,여,28세,상해없음,보행자,남,51세,경상
2021052000100540,2021년 5월 20일 22시,목요일,경기도 안산시 상록구 월피동,경상사고,0,0,1,0,차대사람 - 기타,안전운전불이행,포장 - 젖음/습기,비,교차로 - 교차로안,승용,남,59세,상해없음,보행자,남,61세,경상
2021052000100558,2021년 5월 20일 23시,목요일,경기도 이천시 부발읍,경상사고,0,0,2,0,차대사람 - 기타,보행자보호의무위반,포장 - 젖음/습기,비,단일로 - 기타,이륜,남,18세,상해없음,보행자,남,36세,경상
2021052000100563,2021년 5월 20일 23시,목요일,경기도 시흥시 장곡동,중상사고,0,1,0,0,차대사람 - 횡단중,과속,포장 - 젖음/습기,비,교차로 - 교차로안,승합,여,52세,상해없음,보행자,남,45세,중상