사고번호,사고일시,요일,시군구,사고내용,사망자수,중상자수,경상자수,부상신고자수,사고유형,법규위반,노면상태,기상상태,도로형태,가해운전자 차종,가해운전자 성별,가해운전자 연령,가해운전자 상해정도,피해운전자 차종,피해운전자 성별,피해운전자 연령,피해운전자 상해정도
2021052100100017,2021년 5월 21일 02시,금요일,경기도 성남시 분당구 백현동,경상사고,0,0,1,0,차대사람 - 횡단중,신호위반,포장 - 젖음/습기,비,교차로 - 교차로횡단보도내,화물,남,64세,상해없음,보행자,남,24세,경상
2021052100100020,2021년 5월 21일 02시,금요일,경기도 고양시 덕양구 행주내동,중상사고,0,1,0,0,차대사람 - 기타,안전운전불이행,포장 - 젖음/습기,비,단일로 - 기타,승용,여,35세,상해없음,보행자,남,21세,중상
2021052100100077,2021년 5월 21일 08시,금요일,경기도 안산시 상록구 장상동,경상사고,0,0,1,0,차대사람 - 기타,안전운전불이행,포장 - 젖음/습기,흐림,단일로 - 기타,승용,남,36세,상해없음,보행자,남,17세,경상
2021052100100098,2021년 5월 21일 08시,금요일,경기도 고양시 일산동구 중산동,경상사고,0,0,1,0,차대사람 - 기타,안전운전불이행,포장 - 젖음/습기,맑음,단일로 - 기타,승합,남,61세,상해없음,보행자,여,51세,경상
2021052100100218,2021년 5월 21일 13시,금요일,경기도 안산시 상록구 일동,경상사고,0,0,1,0,차대사람 - 기타,안전운전불이행,포장 - 건조,맑음,단일로 - 기타,승용,남,48세,상해없음,보행자,남,61세,경상
2021052100100244,2021년 5월 21일 13시,금요일,경기도 남양주시 와부읍,경상사고,0,0,1,0,차대사람 - 기타,안전운전불이행,포장 - 건조,맑음,단일로 - 기타,승용,남,48세,상해없음,보행자,여,72세,경상
2021052100100246,2021년 5월 21일 13시,금요일,경기도 포천시 가산면,경상사고,0,0,1,0,차대사람 - 기타,안전운전불이행,포장 - 건조,맑음,단일로 - 기타,승용,남,84세,상해없음,보행자,여,49세,경상
2021052100100304,2021년 5월 21일 15시,금요일,경기도 화성시 향남읍,경상사고,0,0,1,0,차대사람 - 기타,안전운전불이행,포장 - 건조,맑음,기타 - 기타,승용,남,55세,상해없음,보행자,남,56세,경상
2021052100100307,2021년 5월 21일 15시,금요일,경기도 화성시 반송동,중상사고,0,1,0,0,차대사람 - 횡단중,보행자보호의무위반,포장 - 건조,맑음,교차로 - 교차로횡단보도내,승용,여,58세,상해없음,보행자,남,4세,중상
2021052100100334,2021년 5월 21일 15시,금요일,경기도 남양주시 와부읍,경상사고,0,0,1,0,차대사람 - 횡단중,보행자보호의무위반,포장 - 젖음/습기,흐림,교차로 - 교차로안,승용,여,50세,상해없음,보행자,남,80세,경상
2021052100100417,2021년 5월 21일 17시,금요일,경기도 남양주시 오남읍,부상신고사고,0,0,0,1,차대사람 - 횡단중,안전운전불이행,포장 - 건조,맑음,기타 - 기타,승용,여,41세,상해없음,보행자,남,5세,부상신고
2021052100100427,2021년 5월 21일 18시,금요일,경기도 광주시 탄벌동,경상사고,0,0,1,0,차대사람 - 기타,중앙선침범,포장 - 건조,맑음,기타 - 기타,승용,여,46세,상해없음,보행자,남,81세,경상
2021052100100430,2021년 5월 21일 18시,금요일,경기도 수원시 영통구 신동,경상사고,0,0,1,0,차대사람 - 길가장자리구역통행중,안전운전불이행,포장 - 건조,맑음,단일로 - 기타,승용,여,25세,상해없음,보행자,여,27세,경상
2021052100100435,2021년 5월 21일 18시,금요일,경기도 용인시 수지구 상현동,경상사고,0,0,1,0,차대사람 - 기타,보행자보호의무위반,포장 - 건조,맑음,교차로 - 교차로안,승용,여,61세,상해없음,보행자,남,49세,경상
2021052100100475,2021년 5월 21일 19시,금요일,경기도 성남시 중원구 성남동,경상사고,0,0,1,0,차대사람 - 기타,안전운전불이행,포장 - 건조,맑음,기타 - 기타,승용,남,52세,상해없음,보행자,여,10세,경상
2021052100100477,2021년 5월 21일 19시,금요일,경기도 시흥시 신천동,경상사고,0,0,1,0,차대사람 - 기타,중앙선침범,포장 - 건조,맑음,단일로 - 기타,이륜,남,45세,상해없음,보행자,남,7세,경상
2021052100100501,2021년 5월 21일 19시,금요일,경기도 고양시 덕양구 행신동,경상사고,0,0,1,0,차대사람 - 기타,안전운전불이행,포장 - 건조,맑음,단일로 - 기타,승용,남,53세,상해없음,보행자,남,48세,경상
2021052100100512,2021년 5월 21일 20시,금요일,경기도 여주시 가남읍,경상사고,0,0,1,0,차대사람 - 기타,안전운전불이행,포장 - 건조,맑음,단일로 - 기타,승용,남,62세,상해없음,보행자,남,58세,경상
2021052100100563,2021년 5월 21일 22시,금요일,경기도 용인시 처인구 역북동,경상사고,0,0,1,0,차대사람 - 횡단중,보행자보호의무위반,포장 - 건조,맑음,교차로 - 교차로횡단보도내,승용,남,34세,상해없음,보행자,여,22세,경상
2021052100100564,2021년 5월 21일 22시,금요일,경기도 부천시 상동,경상사고,0,0,1,0,차대사람 - 차도통행중,신호위반,포장 - 건조,맑음,단일로 - 기타,승용,여,38세,상해없음,보행자,남,63세,경상
2021052100100565,2021년 5월 21일 22시,금요일,경기도 안산시 단원구 고잔동,중상사고,0,1,0,0,차대사람 - 횡단중,안전운전불이행,포장 - 기타,기타,단일로 - 기타,승용,남,23세,상해없음,보행자,남,48세,중상
2021052100100598,2021년 5월 21일 23시,금요일,경기도 고양시 덕양구 성사동,부상신고사고,0,0,0,1,차대사람 - 길가장자리구역통행중,안전운전불이행,포장 - 건조,맑음,단일로 - 지하차도(도로)내,기타불명,기타불명,미분류,기타불명,보행자,남,52세,부상신고
2021052200100015,2021년 5월 22일 01시,토요일,경기도 수원시 영통구 원천동,중상사고,0,1,0,0,차대사람 - 횡단중,안전운전불이행,포장 - 건조,맑음,단일로 - 기타,승용,남,65세,상해없음,보행자,남,24세,중상
2021052200100158,2021년 5월 22일 11시,토요일,경기도 부천시 도당동,중상사고,0,1,0,0,차대사람 - 횡단중,안전운전불이행,포장 - 건조,맑음,교차로 - 교차로부근,화물,남,49세,상해없음,보행자,남,86세,중상
2021052200100195,2021년 5월 22일 12시,토요일,경기도 수원시 권선구 오목천동,경상사고,0,0,1,0,차대사람 - 기타,안전운전불이행,포장 - 건조,맑음,단일로 - 기타,화물,남,47세,상해없음,보행자,남,55세,경상
2021052200100284,2021년 5월 22일 14시,토요일,경기도 과천시 부림동,경상사고,0,0,1,0,차대사람 - 기타,신호위반,포장 - 건조,맑음,교차로 - 교차로횡단보도내,이륜,남,48세,상해없음,보행자,여,54세,경상
2021052200100333,2021년 5월 22일 15시,토요일,경기도 성남시 수정구 둔전동,경상사고,0,0,1,0,차대사람 - 기타,안전운전불이행,포장 - 건조,맑음,단일로 - 기타,자전거,남,25세,상해없음,보행자,여,81세,경상
2021052200100361,2021년 5월 22일 15시,토요일,경기도 파주시 광탄면,중상사고,0,1,0,0,차대사람 - 횡단중,보행자보호의무위반,포장 - 건조,맑음,교차로 - 교차로횡단보도내,승용,남,40세,상해없음,보행자,여,60세,중상
2021052200100420,2021년 5월 22일 17시,토요일,경기도 평택시 세교동,중상사고,0,1,0,0,차대사람 - 횡단중,보행자보호의무위반,포장 - 건조,맑음,교차로 - 교차로부근,화물,남,56세,상해없음,보행자,여,77세,중상
2021052200100426,2021년 5월 22일 17시,토요일,경기도 안산시 단원구 선부동,경상사고,0,0,1,1,차대사람 - 차도통행중,기타,포장 - 건조,맑음,교차로 - 교차로안,승용,여,42세,상해없음,보행자,남,6세,경상
2021052200100449,2021년 5월 22일 17시,토요일,경기도 구리시 토평동,중상사고,0,1,0,0,차대사람 - 기타,안전운전불이행,포장 - 건조,맑음,단일로 - 기타,자전거,남,38세,상해없음,보행자,남,5세,중상
2021052200100462,2021년 5월 22일 18시,토요일,경기도 부천시 중동,중상사고,0,1,0,0,차대사람 - 횡단중,교차로운행방법위반,포장 - 건조,맑음,교차로 - 교차로안,승합,남,53세,상해없음,보행자,남,61세,중상
2021052200100463,2021년 5월 22일 18시,토요일,경기도 수원시 팔달구 인계동,경상사고,0,0,1,0,차대사람 - 기타,안전운전불이행,포장 - 건조,맑음,단일로 - 기타,승용,여,48세,상해없음,보행자,남,30세,경상
2021052200100491,2021년 5월 22일 18시,토요일,경기도 고양시 덕양구 동산동,경상사고,0,0,1,0,차대사람 - 횡단중,신호위반,포장 - 건조,맑음,교차로 - 교차로횡단보도내,승용,여,42세,상해없음,보행자,남,56세,경상
2021052200100505,2021년 5월 22일 19시,토요일,경기도 수원시 장안구 연무동,부상신고사고,0,0,0,1,차대사람 - 횡단중,안전운전불이행,포장 - 건조,맑음,교차로 - 교차로안,승용,남,83세,기타불명,보행자,남,22세,부상신고
2021052200100527,2021년 5월 22일 20시,토요일,경기도 광주시 장지동,경상사고,0,0,1,0,차대사람 - 기타,안전운전불이행,포장 - 건조,맑음,기타 - 기타,승합,남,57세,상해없음,보행자,남,22세,경상
2021052200100531,2021년 5월 22일 20시,토요일,경기도 안산시 단원구 고잔동,중상사고,0,1,0,0,차대사람 - 횡단중,안전운전불이행,포장 - 건조,기타,기타 - 기타,이륜,남,26세,상해없음,보행자,남,50세,중상
2021052200100560,2021년 5월 22일 21시,토요일,경기도 김포시 장기동,경상사고,0,0,1,0,차대사람 - 횡단중,안전운전불이행,포장 - 건조,맑음,교차로 - 교차로안,승용,여,31세,상해없음,보행자,여,44세,경상
2021052200100581,2021년 5월 22일 22시,토요일,경기도 안성시 당왕동,경상사고,0,0,1,0,차대사람 - 보도통행중,기타,포장 - 건조,맑음,기타 - 기타,개인형이동수단(PM),남,41세,상해없음,보행자,남,25세,경상
2021052300100075,2021년 5월 23일 10시,일요일,경기도 성남시 분당구 금곡동,경상사고,0,0,1,0,차대사람 - 기타,안전운전불이행,포장 - 건조,맑음,교차로 - 교차로부근,이륜,남,16세,상해없음,보행자,남,32세,경상
2021052300100087,2021년 5월 23일 10시,일요일,경기도 고양시 일산동구 정발산동,경상사고,0,0,1,0,차대사람 - 횡단중,신호위반,포장 - 건조,맑음,단일로 - 기타,화물,남,46세,상해없음,보행자,여,22세,경상
2021052300100135,2021년 5월 23일 12시,일요일,경기도 고양시 일산동구 백석동,경상사고,0,0,1,0,차대사람 - 기타,안전운전불이행,포장 - 건조,맑음,단일로 - 기타,승용,여,46세,기타불명,보행자,남,35세,경상
2021052300100146,2021년 5월 23일 13시,일요일,경기도 평택시 평택동,중상사고,0,1,0,0,차대사람 - 기타,안전운전불이행,포장 - 건조,맑음,단일로 - 기타,승용,여,39세,상해없음,보행자,여,46세,중상
2021052300100153,2021년 5월 23일 13시,일요일,경기도 시흥시 정왕동,경상사고,0,0,1,0,차대사람 - 횡단중,보행자보호의무위반,포장 - 건조,맑음,교차로 - 교차로횡단보도내,이륜,남,25세,상해없음,보행자,남,18세,경상
2021052300100154,2021년 5월 23일 13시,일요일,경기도 수원시 팔달구 교동,경상사고,0,0,1,0,차대사람 - 보도통행중,보행자보호의무위반,포장 - 건조,맑음,단일로 - 기타,승용,남,27세,상해없음,보행자,남,28세,경상
2021052300100178,2021년 5월 23일 13시,일요일,경기도 남양주시 평내동,경상사고,0,0,1,0,차대사람 - 횡단중,보행자보호의무위반,포장 - 건조,맑음,단일로 - 기타,승용,남,22세,상해없음,보행자,남,65세,경상
2021052300100191,2021년 5월 23일 14시,일요일,경기도 수원시 팔달구 중동,경상사고,0,0,1,0,차대사람 - 기타,안전운전불이행,포장 - 건조,맑음,교차로 - 교차로안,승용,여,34세,상해없음,보행자,남,53세,경상
2021052300100194,2021년 5월 23일 14시,일요일,경기도 시흥시 장곡동,경상사고,0,0,1,0,차대사람 - 기타,안전운전불이행,포장 - 건조,맑음,단일로 - 기타,승용,남,46세,상해없음,보행자,남,38세,경상
2021052300100243,2021년 5월 23일 16시,일요일,경기도 김포시 구래동,경상사고,0,0,1,0,차대사람 - 차도통행중,안전운전불이행,포장 - 건조,맑음,교차로 - 교차로안,승용,남,34세,상해없음,보행자,남,50세,경상
2021052300100261,2021년 5월 23일 16시,일요일,경기도 포천시 선단동,경상사고,0,0,1,0,차대사람 - 기타,안전운전불이행,포장 - 건조,흐림,주차장 - 주차장,화물,남,40세,상해없음,보행자,여,68세,경상
2021052300100358,2021년 5월 23일 20시,일요일,경기도 안산시 상록구 사동,경상사고,0,0,1,0,차대사람 - 기타,안전거리미확보,포장 - 건조,맑음,교차로 - 교차로부근,승용,여,28세,상해없음,보행자,남,41세,경상
2021052300100378,2021년 5월 23일 20시,일요일,경기도 남양주시 다산동,중상사고,0,1,0,0,차대사람 - 횡단중,보행자보호의무위반,포장 - 건조,맑음,교차로 - 교차로부근,승용,남,44세,상해없음,보행자,여,74세,중상
2021052300100408,2021년 5월 23일 22시,일요일,경기도 안산시 단원구 와동,경상사고,0,0,1,0,차대사람 - 보도통행중,안전운전불이행,포장 - 건조,맑음,단일로 - 기타,자전거,남,23세,상해없음,보행자,남,59세,경상
2021052300100409,2021년 5월 23일 22시,일요일,경기도 수원시 영통구 영통동,경상사고,0,0,1,0,차대사람 - 횡단중,신호위반,포장 - 건조,맑음,단일로 - 기타,승용,남,55세,상해없음,보행자,남,53세,경상
2021052400100068,2021년 5월 24일 08시,월요일,경기도 김포시 사우동,사망사고,1,0,0,0,차대사람 - 차도통행중,안전운전불이행,포장 - 건조,맑음,교차로 - 교차로안,화물,남,27세,상해없음,보행자,남,81세,사망
2021052400100131,2021년 5월 24일 10시,월요일,경기도 안양시 동안구 비산동,중상사고,0,1,0,0,차대사람 - 횡단중,보행자보호의무위반,포장 - 건조,맑음,교차로 - 교차로횡단보도내,승합,남,63세,상해없음,보행자,여,64세,중상
2021052400100132,2021년 5월 24일 10시,월요일,경기도 하남시 풍산동,경상사고,0,0,1,0,차대사람 - 기타,안전운전불이행,포장 - 건조,맑음,기타 - 기타,기타불명,기타불명,미분류,기타불명,보행자,여,27세,경상
2021052400100165,2021년 5월 24일 11시,월요일,경기도 수원시 영통구 원천동,경상사고,0,0,1,0,차대사람 - 기타,안전운전불이행,포장 - 건조,맑음,교차로 - 교차로안,승용,남,26세,상해없음,보행자,여,80세,경상
2021052400100184,2021년 5월 24일 11시,월요일,경기도 파주시 금촌동,경상사고,0,0,1,0,차대사람 - 횡단중,기타,포장 - 건조,맑음,단일로 - 지하차도(도로)내,승용,남,70세,상해없음,보행자,여,82세,경상
2021052400100246,2021년 5월 24일 13시,월요일,경기도 파주시 파주읍,중상사고,0,1,0,0,차대사람 - 횡단중,안전운전불이행,포장 - 건조,맑음,단일로 - 지하차도(도로)내,승용,남,41세,상해없음,보행자,남,6세,중상
2021052400100305,2021년 5월 24일 15시,월요일,경기도 부천시 심곡본동,경상사고,0,0,1,0,차대사람 - 횡단중,보행자보호의무위반,포장 - 건조,맑음,교차로 - 교차로부근,승용,여,38세,상해없음,보행자,남,7세,경상
2021052400100378,2021년 5월 24일 16시,월요일,경기도 고양시 덕양구 토당동,경상사고,0,0,1,0,차대사람 - 횡단중,안전운전불이행,포장 - 기타,맑음,단일로 - 기타,승용,여,35세,상해없음,보행자,남,14세,경상
2021052400100392,2021년 5월 24일 17시,월요일,경기도 평택시 지산동,중상사고,0,1,0,0,차대사람 - 횡단중,신호위반,포장 - 건조,맑음,교차로 - 교차로횡단보도내,이륜,남,29세,상해없음,보행자,여,9세,중상
2021052400100393,2021년 5월 24일 17시,월요일,경기도 평택시 합정동,중상사고,0,1,0,0,차대사람 - 기타,안전운전불이행,포장 - 건조,맑음,교차로 - 교차로부근,승용,남,60세,상해없음,보행자,남,35세,중상
2021052400100443,2021년 5월 24일 18시,월요일,경기도 화성시 마도면,경상사고,0,0,1,0,차대사람 - 기타,안전운전불이행,포장 - 기타,맑음,교차로 - 교차로안,승용,남,45세,상해없음,보행자,남,7세,경상
2021052400100459,2021년 5월 24일 18시,월요일,경기도 남양주시 진건읍,중상사고,0,1,0,0,차대사람 - 기타,안전운전불이행,포장 - 건조,맑음,교차로 - 교차로안,자전거,남,78세,상해없음,보행자,여,74세,중상
2021052400100469,2021년 5월 24일 19시,월요일,경기도 광주시 회덕동,경상사고,0,0,1,0,차대사람 - 횡단중,보행자보호의무위반,포장 - 건조,맑음,교차로 - 교차로안,승용,남,66세,상해없음,보행자,남,19세,경상
2021052400100471,2021년 5월 24일 19시,월요일,경기도 수원시 팔달구 매산로3가,경상사고,0,0,1,0,차대사람 - 기타,보행자보호의무위반,포장 - 건조,맑음,교차로 - 교차로안,승용,남,57세,상해없음,보행자,여,7세,경상
2021052400100486,2021년 5월 24일 19시,월요일,경기도 의정부시 의정부동,경상사고,0,0,1,0,차대사람 - 횡단중,신호위반,포장 - 건조,맑음,교차로 - 교차로횡단보도내,이륜,남,23세,기타불명,보행자,남,49세,경상
2021052400100487,2021년 5월 24일 19시,월요일,경기도 의정부시 신곡동,경상사고,0,0,1,0,차대사람 - 기타,안전운전불이행,포장 - 건조,맑음,기타 - 기타,승합,남,64세,상해없음,보행자,여,67세,경상
2021052400100493,2021년 5월 24일 20시,월요일,경기도 평택시 죽백동,경상사고,0,0,1,0,차대사람 - 기타,안전운전불이행,포장 - 건조,맑음,단일로 - 기타,자전거,남,74세,상해없음,보행자,남,50세,경상
2021052400100515,2021년 5월 24일 20시,월요일,경기도 연천군 전곡읍,중상사고,0,1,0,0,차대사람 - 차도통행중,안전운전불이행,포장 - 건조,맑음,단일로 - 지하차도(도로)내,승용,남,46세,상해없음,보행자,남,9세,중상
2021052400100549,2021년 5월 24일 22시,월요일,경기도 화성시 남양읍,중상사고,0,1,0,0,차대사람 - 차도통행중,안전운전불이행,포장 - 젖음/습기,흐림,교차로 - 교차로부근,승용,남,36세,상해없음,보행자,남,21세,중상
2021052500100013,2021년 5월 25일 01시,화요일,경기도 이천시 부발읍,중상사고,0,1,0,0,차대사람 - 기타,안전운전불이행,포장 - 건조,맑음,단일로 - 기타,화물,남,47세,상해없음,보행자,여,55세,중상
2021052500100059,2021년 5월 25일 07시,화요일,경기도 용인시 수지구 상현동,경상사고,0,0,1,0,차대사람 - 기타,안전운전불이행,포장 - 젖음/습기,비,교차로 - 교차로안,승용,남,67세,상해없음,보행자,남,39세,경상
2021052500100091,2021년 5월 25일 08시,화요일,경기도 수원시 영통구 매탄동,경상사고,0,0,1,0,차대사람 - 기타,안전운전불이행,포장 - 건조,맑음,단일로 - 기타,승합,남,60세,상해없음,보행자,남,43세,경상
2021052500100124,2021년 5월 25일 09시,화요일,경기도 이천시 창전동,경상사고,0,0,1,0,차대사람 - 기타,교차로운행방법위반,포장 - 젖음/습기,비,교차로 - 교차로안,승용,여,46세,상해없음,보행자,남,66세,경상
2021052500100127,2021년 5월 25일 09시,화요일,경기도 부천시 춘의동,중상사고,0,1,0,0,차대사람 - 기타,안전운전불이행,포장 - 건조,맑음,단일로 - 기타,화물,남,71세,상해없음,보행자,여,66세,중상
2021052500100177,2021년 5월 25일 10시,화요일,경기도 시흥시 은행동,사망사고,1,0,0,0,차대사람 - 기타,안전운전불이행,포장 - 건조,맑음,단일로 - 기타,화물,남,64세,상해없음,보행자,남,43세,사망
2021052500100195,2021년 5월 25일 11시,화요일,경기도 김포시 사우동,경상사고,0,0,1,0,차대사람 - 기타,안전운전불이행,포장 - 건조,맑음,단일로 - 기타,승용,남,43세,상해없음,보행자,남,63세,경상
2021052500100259,2021년 5월 25일 13시,화요일,경기도 부천시 도당동,경상사고,0,0,1,0,차대사람 - 횡단중,안전운전불이행,포장 - 건조,맑음,단일로 - 기타,승용,남,26세,상해없음,보행자,남,24세,경상
2021052500100293,2021년 5월 25일 14시,화요일,경기도 시흥시 장곡동,경상사고,0,0,1,0,차대사람 - 보도통행중,안전운전불이행,포장 - 건조,맑음,교차로 - 교차로안,화물,남,63세,상해없음,보행자,남,22세,경상
2021052500100311,2021년 5월 25일 14시,화요일,경기도 동두천시 지행동,경상사고,0,0,1,0,차대사람 - 기타,안전운전불이행,포장 - 젖음/습기,비,교차로 - 교차로부근,승합,남,59세,기타불명,보행자,여,34세,경상
2021052500100351,2021년 5월 25일 15시,화요일,경기도 파주시 동패동,중상사고,0,1,0,0,차대사람 - 횡단중,보행자보호의무위반,포장 - 건조,맑음,교차로 - 교차로횡단보도내,승합,여,51세,상해없음,보행자,여,85세,중상
2021052500100352,2021년 5월 25일 15시,화요일,경기도 포천시 신북면,중상사고,0,1,0,0,차대사람 - 기타,기타,포장 - 건조,맑음,단일로 - 기타,승합,남,62세,상해없음,보행자,여,76세,중상
2021052500100354,2021년 5월 25일 15시,화요일,경기도 고양시 일산서구 가좌동,경상사고,0,0,1,0,차대사람 - 기타,안전운전불이행,포장 - 건조,맑음,단일로 - 기타,승용,남,60세,상해없음,보행자,남,8세,경상
2021052500100369,2021년 5월 25일 16시,화요일,경기도 수원시 팔달구 우만동,경상사고,0,0,1,0,차대사람 - 보도통행중,보행자보호의무위반,포장 - 건조,맑음,단일로 - 기타,승용,남,64세,상해없음,보행자,여,75세,경상
2021052500100399,2021년 5월 25일 16시,화요일,경기도 남양주시 와부읍,중상사고,0,1,0,0,차대사람 - 길가장자리구역통행중,안전운전불이행,포장 - 건조,맑음,단일로 - 기타,승용,여,37세,상해없음,보행자,남,9세,중상
2021052500100454,2021년 5월 25일 17시,화요일,경기도 구리시 인창동,경상사고,0,0,1,0,차대사람 - 횡단중,보행자보호의무위반,포장 - 건조,맑음,교차로 - 교차로횡단보도내,승용,여,33세,상해없음,보행자,남,11세,경상
2021052500100462,2021년 5월 25일 18시,화요일,경기도 이천시 창전동,중상사고,0,1,0,0,차대사람 - 기타,안전운전불이행,포장 - 건조,맑음,단일로 - 기타,이륜,남,48세,상해없음,보행자,남,59세,중상
2021052500100467,2021년 5월 25일 18시,화요일,경기도 시흥시 정왕동,경상사고,0,0,1,0,차대사람 - 차도통행중,안전운전불이행,포장 - 건조,맑음,단일로 - 기타,이륜,남,28세,상해없음,보행자,여,54세,경상
2021052500100490,2021년 5월 25일 18시,화요일,경기도 남양주시 와부읍,경상사고,0,0,1,0,차대사람 - 길가장자리구역통행중,안전운전불이행,포장 - 건조,맑음,단일로 - 기타,승용,남,51세,상해없음,보행자,여,13세,경상
2021052500100526,2021년 5월 25일 20시,화요일,경기도 평택시 세교동,경상사고,0,0,1,0,차대사람 - 횡단중,보행자보호의무위반,포장 - 건조,맑음,교차로 - 교차로횡단보도내,이륜,남,16세,상해없음,보행자,남,54세,경상
2021052500100554,2021년 5월 25일 21시,화요일,경기도 오산시 오산동,경상사고,0,0,1,0,차대사람 - 횡단중,신호위반,포장 - 건조,맑음,교차로 - 교차로안,승용,남,32세,상해없음,보행자,여,47세,경상
2021052500100555,2021년 5월 25일 21시,화요일,경기도 부천시 원종동,경상사고,0,0,1,0,차대사람 - 기타,안전운전불이행,포장 - 건조,맑음,주차장 - 주차장,승용,남,52세,상해없음,보행자,여,34세,경상
2021052500100591,2021년 5월 25일 22시,화요일,경기도 포천시 신읍동,경상사고,0,0,1,0,차대사람 - 횡단중,안전운전불이행,포장 - 건조,맑음,교차로 - 교차로안,이륜,남,16세,상해없음,보행자,여,31세,경상
2021052500100598,2021년 5월 25일 23시,화요일,경기도 이천시 장호원읍,사망사고,1,0,0,0,차대사람 - 차도통행중,안전운전불이행,포장 - 건조,맑음,단일로 - 기타,승용,남,71세,상해없음,보행자,남,37세,사망
2021052500100599,2021년 5월 25일 23시,화요일,경기도 안산시 상록구 이동,중상사고,0,1,0,0,차대사람 - 기타,안전운전불이행,포장 - 건조,기타,단일로 - 기타,승용,남,21세,상해없음,보행자,남,62세,중상
2021052600100034,2021년 5월 26일 05시,수요일,경기도 화성시 청계동,경상사고,0,0,1,0,차대사람 - 기타,안전운전불이행,포장 - 건조,맑음,기타 - 기타,승합,남,56세,상해없음,보행자,여,72세,경상
2021052600100036,2021년 5월 26일 05시,수요일,경기도 구리시 인창동,중상사고,0,1,0,0,차대사람 - 기타,안전운전불이행,포장 - 건조,맑음,단일로 - 기타,건설기계,남,46세,상해없음,보행자,남,46세,중상
2021052600100050,2021년 5월 26일 06시,수요일,경기도 가평군 설악면,중상사고,0,1,0,0,차대사람 - 기타,안전운전불이행,포장 - 건조,맑음,단일로 - 기타,화물,남,59세,상해없음,보행자,남,58세,중상
2021052600100084,2021년 5월 26일 08시,수요일,경기도 군포시 당동,중상사고,0,1,0,0,차대사람 - 횡단중,안전운전불이행,포장 - 건조,맑음,교차로 - 교차로부근,화물,남,56세,상해없음,보행자,남,79세,중상
2021052600100123,2021년 5월 26일 09시,수요일,경기도 안성시 낙원동,경상사고,0,0,1,0,차대사람 - 횡단중,보행자보호의무위반,포장 - 건조,맑음,기타 - 기타,승용,남,75세,상해없음,보행자,여,75세,경상
2021052600100150,2021년 5월 26일 10시,수요일,경기도 수원시 권선구 호매실동,경상사고,0,0,1,0,차대사람 - 기타,기타,포장 - 건조,맑음,기타 - 기타,개인형이동수단(PM),여,20세,상해없음,보행자,여,24세,경상
2021052600100164,2021년 5월 26일 10시,수요일,경기도 의정부시 금오동,경상사고,0,0,1,0,차대사람 - 기타,안전운전불이행,포장 - 건조,맑음,단일로 - 기타,승합,남,59세,상해없음,보행자,여,62세,경상
2021052600100204,2021년 5월 26일 12시,수요일,경기도 용인시 처인구 이동읍,경상사고,0,0,1,0,차대사람 - 길가장자리구역통행중,안전운전불이행,포장 - 건조,맑음,단일로 - 기타,승합,남,76세,상해없음,보행자,여,70세,경상
2021052600100230,2021년 5월 26일 13시,수요일,경기도 군포시 당동,경상사고,0,0,1,0,차대사람 - 기타,안전운전불이행,포장 - 건조,맑음,교차로 - 교차로안,건설기계,남,58세,상해없음,보행자,여,72세,경상
2021052600100250,2021년 5월 26일 13시,수요일,경기도 파주시 목동동,중상사고,0,1,0,0,차대사람 - 기타,신호위반,포장 - 건조,맑음,단일로 - 기타,이륜,남,26세,상해없음,보행자,여,69세,중상
2021052600100280,2021년 5월 26일 14시,수요일,경기도 남양주시 오남읍,경상사고,0,0,1,0,차대사람 - 횡단중,안전운전불이행,포장 - 건조,맑음,교차로 - 교차로부근,화물,남,58세,상해없음,보행자,남,23세,경상
2021052600100292,2021년 5월 26일 15시,수요일,경기도 용인시 기흥구 중동,경상사고,0,0,1,0,차대사람 - 기타,안전운전불이행,포장 - 건조,맑음,단일로 - 기타,승용,남,78세,상해없음,보행자,여,78세,경상
2021052600100293,2021년 5월 26일 15시,수요일,경기도 김포시 통진읍,중상사고,0,1,0,0,차대사람 - 횡단중,신호위반,포장 - 건조,맑음,교차로 - 교차로횡단보도내,화물,남,75세,상해없음,보행자,여,14세,중상
2021052600100312,2021년 5월 26일 15시,수요일,경기도 고양시 덕양구 고양동,경상사고,0,0,1,0,차대사람 - 기타,안전운전불이행,포장 - 건조,맑음,단일로 - 기타,화물,남,59세,상해없음,보행자,여,13세,경상
2021052600100347,2021년 5월 26일 16시,수요일,경기도 연천군 전곡읍,중상사고,0,1,0,0,차대사람 - 횡단중,보행자보호의무위반,포장 - 건조,맑음,단일로 - 기타,승용,남,66세,상해없음,보행자,여,75세,중상
2021052600100369,2021년 5월 26일 17시,수요일,경기도 용인시 수지구 동천동,경상사고,0,0,1,0,차대사람 - 횡단중,안전운전불이행,포장 - 건조,맑음,단일로 - 기타,개인형이동수단(PM),남,49세,상해없음,보행자,여,61세,경상
2021052600100395,2021년 5월 26일 17시,수요일,경기도 파주시 파주읍,경상사고,0,0,1,0,차대사람 - 횡단중,안전운전불이행,포장 - 건조,맑음,단일로 - 기타,기타불명,기타불명,미분류,기타불명,보행자,여,73세,경상
2021052600100396,2021년 5월 26일 17시,수요일,경기도 연천군 전곡읍,경상사고,0,0,1,0,차대사람 - 차도통행중,안전운전불이행,포장 - 건조,맑음,교차로 - 교차로안,화물,남,36세,상해없음,보행자,남,13세,경상