사고번호,사고일시,요일,시군구,사고내용,사망자수,중상자수,경상자수,부상신고자수,사고유형,법규위반,노면상태,기상상태,도로형태,가해운전자 차종,가해운전자 성별,가해운전자 연령,가해운전자 상해정도,피해운전자 차종,피해운전자 성별,피해운전자 연령,피해운전자 상해정도
2021052600100412,2021년 5월 26일 18시,수요일,경기도 부천시 심곡동,경상사고,0,0,1,0,차대사람 - 기타,안전운전불이행,포장 - 건조,맑음,단일로 - 기타,승용,남,38세,상해없음,보행자,여,29세,경상
2021052600100473,2021년 5월 26일 20시,수요일,경기도 안산시 단원구 초지동,중상사고,0,1,0,0,차대사람 - 기타,안전운전불이행,포장 - 건조,맑음,기타 - 기타,승용,남,23세,상해없음,보행자,남,59세,중상
2021052600100500,2021년 5월 26일 21시,수요일,경기도 광주시 오포읍,중상사고,0,2,7,0,차대사람 - 기타,안전운전불이행,포장 - 건조,맑음,단일로 - 기타,승용,여,40세,상해없음,보행자,남,36세,중상
2021052600100529,2021년 5월 26일 22시,수요일,경기도 김포시 장기동,중상사고,0,1,0,0,차대사람 - 기타,보행자보호의무위반,포장 - 기타,맑음,교차로 - 교차로횡단보도내,승용,여,42세,상해없음,보행자,남,50세,중상
2021052600100531,2021년 5월 26일 22시,수요일,경기도 광명시 광명동,경상사고,0,0,1,0,차대사람 - 기타,안전운전불이행,포장 - 건조,맑음,단일로 - 기타,승용,남,25세,상해없음,보행자,남,19세,경상
2021052600100532,2021년 5월 26일 22시,수요일,경기도 안산시 단원구 고잔동,중상사고,0,1,0,0,차대사람 - 횡단중,안전운전불이행,포장 - 건조,기타,단일로 - 기타,승용,남,30세,상해없음,보행자,여,22세,중상
2021052600100533,2021년 5월 26일 22시,수요일,경기도 안산시 상록구 일동,경상사고,0,0,1,0,차대사람 - 보도통행중,안전운전불이행,포장 - 건조,맑음,기타 - 기타,자전거,남,53세,상해없음,보행자,남,46세,경상
2021052600100535,2021년 5월 26일 22시,수요일,경기도 용인시 수지구 성복동,경상사고,0,0,1,0,차대사람 - 보도통행중,안전운전불이행,포장 - 건조,맑음,단일로 - 기타,개인형이동수단(PM),남,21세,상해없음,보행자,여,59세,경상
2021052600100556,2021년 5월 26일 22시,수요일,경기도 고양시 일산동구 장항동,중상사고,0,1,0,0,차대사람 - 기타,안전운전불이행,포장 - 건조,맑음,단일로 - 기타,승합,남,37세,상해없음,보행자,남,65세,중상
2021052700100040,2021년 5월 27일 06시,목요일,경기도 시흥시 거모동,경상사고,0,0,1,0,차대사람 - 차도통행중,안전운전불이행,포장 - 젖음/습기,비,단일로 - 기타,승용,남,60세,상해없음,보행자,남,37세,경상
2021052700100049,2021년 5월 27일 07시,목요일,경기도 안산시 단원구 성곡동,경상사고,0,0,1,0,차대사람 - 기타,중앙선침범,포장 - 젖음/습기,비,기타 - 기타,승용,남,65세,상해없음,보행자,남,26세,경상
2021052700100112,2021년 5월 27일 09시,목요일,경기도 성남시 수정구 수진동,중상사고,0,1,0,0,차대사람 - 기타,안전운전불이행,포장 - 젖음/습기,비,기타 - 기타,승용,남,63세,상해없음,보행자,여,54세,중상
2021052700100114,2021년 5월 27일 09시,목요일,경기도 부천시 상동,경상사고,0,0,1,0,차대사람 - 횡단중,신호위반,포장 - 젖음/습기,비,단일로 - 기타,이륜,남,36세,상해없음,보행자,여,57세,경상
2021052700100119,2021년 5월 27일 09시,목요일,경기도 안산시 상록구 수암동,경상사고,0,0,1,0,차대사람 - 차도통행중,안전운전불이행,포장 - 젖음/습기,비,단일로 - 기타,승용,남,47세,상해없음,보행자,남,55세,경상
2021052700100166,2021년 5월 27일 10시,목요일,경기도 고양시 일산동구 장항동,중상사고,0,1,0,0,차대사람 - 횡단중,신호위반,포장 - 젖음/습기,비,교차로 - 교차로횡단보도내,승용,남,42세,상해없음,보행자,여,75세,중상
2021052700100207,2021년 5월 27일 12시,목요일,경기도 부천시 고강동,경상사고,0,0,1,0,차대사람 - 보도통행중,안전운전불이행,포장 - 건조,맑음,기타 - 기타,기타불명,기타불명,미분류,기타불명,보행자,남,27세,경상
2021052700100238,2021년 5월 27일 13시,목요일,경기도 평택시 서정동,경상사고,0,0,1,0,차대사람 - 기타,안전운전불이행,포장 - 건조,맑음,단일로 - 기타,승용,남,38세,기타불명,보행자,여,43세,경상
2021052700100277,2021년 5월 27일 14시,목요일,경기도 수원시 영통구 매탄동,경상사고,0,0,1,0,차대사람 - 횡단중,보행자보호의무위반,포장 - 젖음/습기,흐림,교차로 - 교차로횡단보도내,화물,남,41세,상해없음,보행자,남,9세,경상
2021052700100278,2021년 5월 27일 14시,목요일,경기도 성남시 중원구 성남동,경상사고,0,0,1,0,차대사람 - 길가장자리구역통행중,안전운전불이행,포장 - 건조,맑음,단일로 - 기타,승용,여,71세,상해없음,보행자,여,52세,경상
2021052700100301,2021년 5월 27일 14시,목요일,경기도 고양시 일산서구 일산동,중상사고,0,1,0,0,차대사람 - 기타,신호위반,포장 - 건조,맑음,교차로 - 교차로횡단보도내,이륜,남,54세,상해없음,보행자,여,11세,중상
2021052700100340,2021년 5월 27일 16시,목요일,경기도 부천시 송내동,중상사고,0,1,1,0,차대사람 - 횡단중,보행자보호의무위반,포장 - 건조,맑음,교차로 - 교차로안,승용,여,25세,기타불명,보행자,여,39세,중상
2021052700100341,2021년 5월 27일 16시,목요일,경기도 오산시 원동,중상사고,0,1,0,0,차대사람 - 보도통행중,보행자보호의무위반,포장 - 젖음/습기,맑음,교차로 - 교차로횡단보도내,화물,남,58세,상해없음,보행자,남,13세,중상
2021052700100345,2021년 5월 27일 16시,목요일,경기도 시흥시 정왕동,중상사고,0,1,0,0,차대사람 - 기타,안전운전불이행,포장 - 건조,맑음,교차로 - 교차로부근,이륜,남,23세,상해없음,보행자,여,29세,중상
2021052700100346,2021년 5월 27일 16시,목요일,경기도 시흥시 정왕동,중상사고,0,1,0,0,차대사람 - 기타,안전운전불이행,포장 - 건조,맑음,단일로 - 기타,승용,남,56세,상해없음,보행자,여,12세,중상
2021052700100347,2021년 5월 27일 16시,목요일,경기도 안산시 상록구 사동,경상사고,0,0,1,0,차대사람 - 기타,안전운전불이행,포장 - 건조,맑음,단일로 - 기타,자전거,여,54세,상해없음,보행자,남,5세,경상
2021052700100376,2021년 5월 27일 17시,목요일,경기도 김포시 양촌읍,경상사고,0,0,1,0,차대사람 - 기타,안전운전불이행,포장 - 건조,맑음,단일로 - 기타,화물,남,58세,상해없음,보행자,남,37세,경상
2021052700100406,2021년 5월 27일 17시,목요일,경기도 고양시 일산동구 장항동,경상사고,0,0,1,0,차대사람 - 횡단중,신호위반,포장 - 건조,맑음,교차로 - 교차로횡단보도내,승용,남,46세,상해없음,보행자,여,18세,경상
2021052700100407,2021년 5월 27일 17시,목요일,경기도 고양시 일산서구 대화동,경상사고,0,0,1,0,차대사람 - 기타,기타,포장 - 건조,맑음,단일로 - 기타,승합,남,60세,상해없음,보행자,남,82세,경상
2021052700100419,2021년 5월 27일 18시,목요일,경기도 평택시 서정동,경상사고,0,0,1,0,차대사람 - 기타,안전운전불이행,포장 - 건조,맑음,단일로 - 기타,승용,남,52세,상해없음,보행자,여,59세,경상
2021052700100463,2021년 5월 27일 19시,목요일,경기도 시흥시 신천동,경상사고,0,0,1,0,차대사람 - 차도통행중,안전운전불이행,포장 - 건조,맑음,기타 - 기타,승용,여,34세,상해없음,보행자,여,58세,경상
2021052700100464,2021년 5월 27일 19시,목요일,경기도 화성시 향남읍,중상사고,0,1,1,0,차대사람 - 기타,안전운전불이행,포장 - 건조,맑음,단일로 - 기타,승용,남,47세,상해없음,보행자,남,8세,경상
2021052700100492,2021년 5월 27일 20시,목요일,경기도 성남시 수정구 태평동,경상사고,0,0,1,0,차대사람 - 기타,안전운전불이행,포장 - 건조,맑음,단일로 - 기타,승용,남,32세,상해없음,보행자,남,34세,경상
2021052700100497,2021년 5월 27일 20시,목요일,경기도 화성시 진안동,경상사고,0,0,1,0,차대사람 - 횡단중,보행자보호의무위반,포장 - 건조,맑음,교차로 - 교차로횡단보도내,승용,남,31세,상해없음,보행자,남,60세,경상
2021052700100532,2021년 5월 27일 21시,목요일,경기도 광주시 탄벌동,경상사고,0,0,1,0,차대사람 - 기타,안전운전불이행,포장 - 건조,맑음,단일로 - 기타,이륜,남,26세,상해없음,보행자,여,24세,경상
2021052700100533,2021년 5월 27일 21시,목요일,경기도 오산시 양산동,중상사고,0,1,0,0,차대사람 - 횡단중,보행자보호의무위반,포장 - 건조,맑음,교차로 - 교차로안,승용,여,43세,상해없음,보행자,남,63세,중상
2021052700100537,2021년 5월 27일 21시,목요일,경기도 화성시 향남읍,경상사고,0,0,1,0,차대사람 - 기타,안전운전불이행,포장 - 건조,맑음,교차로 - 교차로부근,이륜,남,43세,상해없음,보행자,남,66세,경상
2021052700100556,2021년 5월 27일 22시,목요일,경기도 성남시 수정구 창곡동,부상신고사고,0,0,0,1,차대사람 - 기타,안전운전불이행,포장 - 건조,맑음,기타 - 기타,기타불명,기타불명,미분류,기타불명,보행자,남,16세,부상신고
2021052700100557,2021년 5월 27일 22시,목요일,경기도 성남시 수정구 신흥동,경상사고,0,0,1,0,차대사람 - 횡단중,안전운전불이행,포장 - 건조,맑음,교차로 - 교차로부근,승용,남,52세,상해없음,보행자,남,52세,경상
2021052700100558,2021년 5월 27일 22시,목요일,경기도 수원시 영통구 매탄동,부상신고사고,0,0,0,1,차대사람 - 기타,기타,포장 - 건조,맑음,단일로 - 기타,자전거,기타불명,미분류,기타불명,보행자,남,55세,부상신고
2021052700100566,2021년 5월 27일 22시,목요일,경기도 고양시 일산동구 백석동,부상신고사고,0,0,0,1,차대사람 - 기타,안전운전불이행,포장 - 건조,맑음,교차로 - 교차로부근,승용,남,40세,기타불명,보행자,남,48세,부상신고
2021052800100010,2021년 5월 28일 01시,금요일,경기도 부천시 심곡동,경상사고,0,0,1,0,차대사람 - 횡단중,안전운전불이행,포장 - 건조,맑음,교차로 - 교차로안,승용,남,47세,상해없음,보행자,남,53세,경상
2021052800100025,2021년 5월 28일 03시,금요일,경기도 용인시 처인구 포곡읍,경상사고,0,0,1,0,차대사람 - 기타,안전운전불이행,포장 - 건조,맑음,기타 - 기타,개인형이동수단(PM),여,15세,상해없음,보행자,여,76세,경상
2021052800100053,2021년 5월 28일 07시,금요일,경기도 부천시 소사본동,경상사고,0,0,1,0,차대사람 - 횡단중,보행자보호의무위반,포장 - 젖음/습기,맑음,교차로 - 교차로부근,화물,여,71세,상해없음,보행자,남,52세,경상
2021052800100094,2021년 5월 28일 08시,금요일,경기도 용인시 처인구 이동읍,중상사고,0,1,0,0,차대사람 - 차도통행중,안전운전불이행,포장 - 젖음/습기,비,기타 - 기타,승용,남,58세,상해없음,보행자,여,미분류,중상
2021052800100172,2021년 5월 28일 10시,금요일,경기도 남양주시 화도읍,중상사고,0,1,0,0,차대사람 - 기타,안전운전불이행,포장 - 젖음/습기,흐림,단일로 - 기타,승용,여,29세,기타불명,보행자,남,83세,중상
2021052800100190,2021년 5월 28일 11시,금요일,경기도 안산시 상록구 사동,경상사고,0,0,1,0,차대사람 - 기타,안전운전불이행,포장 - 건조,맑음,단일로 - 기타,화물,여,52세,상해없음,보행자,남,58세,경상
2021052800100217,2021년 5월 28일 12시,금요일,경기도 시흥시 과림동,경상사고,0,0,1,0,차대사람 - 횡단중,안전운전불이행,포장 - 건조,맑음,단일로 - 기타,승용,남,63세,상해없음,보행자,남,48세,경상
2021052800100218,2021년 5월 28일 12시,금요일,경기도 부천시 고강동,경상사고,0,0,1,0,차대사람 - 기타,안전운전불이행,포장 - 건조,맑음,단일로 - 기타,승용,남,40세,상해없음,보행자,여,68세,경상
2021052800100249,2021년 5월 28일 13시,금요일,경기도 수원시 장안구 송죽동,경상사고,0,0,1,0,차대사람 - 길가장자리구역통행중,안전운전불이행,포장 - 건조,맑음,단일로 - 기타,승용,여,52세,상해없음,보행자,여,26세,경상
2021052800100250,2021년 5월 28일 13시,금요일,경기도 이천시 창전동,부상신고사고,0,0,0,1,차대사람 - 횡단중,보행자보호의무위반,포장 - 건조,맑음,교차로 - 교차로부근,자전거,기타불명,미분류,기타불명,보행자,여,8세,부상신고
2021052800100252,2021년 5월 28일 13시,금요일,경기도 용인시 기흥구 구갈동,경상사고,0,0,1,0,차대사람 - 보도통행중,보행자보호의무위반,포장 - 건조,맑음,교차로 - 교차로안,승용,여,37세,상해없음,보행자,여,30세,경상
2021052800100253,2021년 5월 28일 13시,금요일,경기도 군포시 산본동,경상사고,0,0,1,0,차대사람 - 길가장자리구역통행중,안전운전불이행,포장 - 건조,맑음,단일로 - 기타,승용,여,45세,상해없음,보행자,남,66세,경상
2021052800100295,2021년 5월 28일 14시,금요일,경기도 수원시 영통구 하동,경상사고,0,0,1,0,차대사람 - 횡단중,보행자보호의무위반,포장 - 젖음/습기,비,교차로 - 교차로안,승용,여,51세,상해없음,보행자,여,59세,경상
2021052800100332,2021년 5월 28일 15시,금요일,경기도 하남시 망월동,부상신고사고,0,0,0,1,차대사람 - 횡단중,안전운전불이행,포장 - 건조,맑음,교차로 - 교차로부근,이륜,남,45세,상해없음,보행자,여,27세,부상신고
2021052800100349,2021년 5월 28일 15시,금요일,경기도 남양주시 와부읍,중상사고,0,1,0,0,차대사람 - 횡단중,보행자보호의무위반,포장 - 건조,맑음,단일로 - 기타,승합,여,48세,상해없음,보행자,여,40세,중상
2021052800100361,2021년 5월 28일 16시,금요일,경기도 오산시 원동,중상사고,0,1,0,0,차대사람 - 길가장자리구역통행중,안전운전불이행,포장 - 건조,맑음,단일로 - 기타,승용,여,40세,상해없음,보행자,여,17세,중상
2021052800100388,2021년 5월 28일 16시,금요일,경기도 파주시 동패동,중상사고,0,1,1,0,차대사람 - 차도통행중,안전운전불이행,포장 - 건조,맑음,단일로 - 기타,승용,여,53세,상해없음,보행자,여,11세,중상
2021052800100390,2021년 5월 28일 16시,금요일,경기도 구리시 수택동,경상사고,0,0,1,0,차대사람 - 기타,보행자보호의무위반,포장 - 건조,맑음,단일로 - 기타,승용,여,61세,상해없음,보행자,여,54세,경상
2021052800100391,2021년 5월 28일 16시,금요일,경기도 고양시 일산서구 일산동,경상사고,0,0,1,0,차대사람 - 횡단중,안전운전불이행,포장 - 건조,맑음,교차로 - 교차로안,승용,여,41세,상해없음,보행자,여,68세,경상
2021052800100407,2021년 5월 28일 17시,금요일,경기도 광주시 오포읍,경상사고,0,0,2,0,차대사람 - 횡단중,신호위반,포장 - 건조,맑음,단일로 - 기타,승합,남,64세,상해없음,보행자,여,10세,경상
2021052800100410,2021년 5월 28일 17시,금요일,경기도 화성시 우정읍,중상사고,0,1,0,0,차대사람 - 횡단중,보행자보호의무위반,포장 - 건조,맑음,교차로 - 교차로횡단보도내,화물,남,46세,상해없음,보행자,여,20세,중상
2021052800100412,2021년 5월 28일 17시,금요일,경기도 용인시 기흥구 보정동,경상사고,0,0,1,0,차대사람 - 차도통행중,안전운전불이행,포장 - 건조,맑음,단일로 - 기타,승합,남,62세,상해없음,보행자,여,49세,경상
2021052800100457,2021년 5월 28일 18시,금요일,경기도 양평군 양평읍,경상사고,0,0,1,0,차대사람 - 횡단중,보행자보호의무위반,포장 - 건조,맑음,교차로 - 교차로부근,승용,여,61세,상해없음,보행자,남,19세,경상
2021052800100460,2021년 5월 28일 18시,금요일,경기도 수원시 영통구 이의동,경상사고,0,0,1,0,차대사람 - 기타,안전운전불이행,포장 - 건조,맑음,교차로 - 교차로부근,이륜,남,23세,상해없음,보행자,여,21세,경상
2021052800100503,2021년 5월 28일 19시,금요일,경기도 안성시 공도읍,경상사고,0,0,1,0,차대사람 - 기타,기타,포장 - 건조,맑음,주차장 - 주차장,이륜,남,17세,상해없음,보행자,남,13세,경상
2021052800100542,2021년 5월 28일 20시,금요일,경기도 성남시 수정구 신흥동,경상사고,0,0,1,0,차대사람 - 횡단중,안전운전불이행,포장 - 건조,맑음,단일로 - 기타,이륜,남,17세,상해없음,보행자,여,65세,경상
2021052800100545,2021년 5월 28일 20시,금요일,경기도 부천시 송내동,경상사고,0,0,1,0,차대사람 - 횡단중,보행자보호의무위반,포장 - 건조,흐림,교차로 - 교차로횡단보도내,승용,남,56세,상해없음,보행자,여,45세,경상
2021052800100547,2021년 5월 28일 20시,금요일,경기도 하남시 덕풍동,중상사고,0,1,0,0,차대사람 - 횡단중,안전운전불이행,포장 - 건조,맑음,교차로 - 교차로안,승용,남,51세,상해없음,보행자,남,60세,중상
2021052800100606,2021년 5월 28일 22시,금요일,경기도 의정부시 의정부동,경상사고,0,0,1,0,차대사람 - 기타,안전운전불이행,포장 - 건조,맑음,교차로 - 교차로부근,승용,여,22세,상해없음,보행자,남,21세,경상
2021052900100002,2021년 5월 29일 00시,토요일,경기도 하남시 덕풍동,중상사고,0,1,0,0,차대사람 - 기타,안전운전불이행,포장 - 건조,맑음,단일로 - 기타,승용,남,26세,상해없음,보행자,남,25세,중상
2021052900100063,2021년 5월 29일 06시,토요일,경기도 고양시 일산동구 식사동,중상사고,0,1,0,0,차대사람 - 기타,안전운전불이행,포장 - 건조,맑음,교차로 - 교차로안,화물,남,60세,상해없음,보행자,여,56세,중상
2021052900100070,2021년 5월 29일 07시,토요일,경기도 안산시 상록구 수암동,중상사고,0,1,0,0,차대사람 - 기타,안전운전불이행,포장 - 건조,맑음,교차로 - 교차로부근,승용,남,57세,상해없음,보행자,여,70세,중상
2021052900100094,2021년 5월 29일 08시,토요일,경기도 남양주시 수석동,중상사고,0,1,0,0,차대사람 - 기타,안전운전불이행,포장 - 건조,맑음,단일로 - 기타,자전거,남,48세,상해없음,보행자,여,67세,중상
2021052900100129,2021년 5월 29일 10시,토요일,경기도 하남시 덕풍동,사망사고,1,0,0,0,차대사람 - 횡단중,보행자보호의무위반,포장 - 건조,맑음,교차로 - 교차로부근,화물,남,44세,상해없음,보행자,여,76세,사망
2021052900100130,2021년 5월 29일 10시,토요일,경기도 용인시 수지구 동천동,중상사고,0,1,0,0,차대사람 - 기타,보행자보호의무위반,포장 - 건조,맑음,교차로 - 교차로안,승용,여,75세,상해없음,보행자,여,69세,중상
2021052900100156,2021년 5월 29일 11시,토요일,경기도 평택시 평택동,경상사고,0,0,1,0,차대사람 - 기타,안전운전불이행,포장 - 건조,맑음,단일로 - 기타,승용,여,52세,상해없음,보행자,남,69세,경상
2021052900100207,2021년 5월 29일 12시,토요일,경기도 안양시 만안구 안양동,중상사고,0,1,0,0,차대사람 - 기타,안전운전불이행,포장 - 건조,맑음,단일로 - 기타,승용,남,53세,상해없음,보행자,남,80세,중상
2021052900100237,2021년 5월 29일 13시,토요일,경기도 성남시 수정구 신흥동,경상사고,0,0,2,0,차대사람 - 횡단중,보행자보호의무위반,포장 - 건조,맑음,교차로 - 교차로부근,승용,여,52세,상해없음,보행자,여,37세,경상
2021052900100240,2021년 5월 29일 13시,토요일,경기도 오산시 오산동,경상사고,0,0,1,0,차대사람 - 기타,안전운전불이행,포장 - 건조,맑음,단일로 - 기타,승합,남,57세,상해없음,보행자,여,59세,경상
2021052900100242,2021년 5월 29일 13시,토요일,경기도 안산시 단원구 고잔동,경상사고,0,0,1,0,차대사람 - 기타,보행자보호의무위반,포장 - 건조,맑음,교차로 - 교차로횡단보도내,승용,여,44세,상해없음,보행자,여,63세,경상
2021052900100267,2021년 5월 29일 13시,토요일,경기도 포천시 소흘읍,경상사고,0,0,1,0,차대사람 - 횡단중,신호위반,포장 - 젖음/습기,비,교차로 - 교차로안,이륜,남,21세,상해없음,보행자,남,8세,경상
2021052900100352,2021년 5월 29일 16시,토요일,경기도 부천시 상동,경상사고,0,0,1,0,차대사람 - 기타,안전운전불이행,포장 - 젖음/습기,비,교차로 - 교차로횡단보도내,승용,남,41세,상해없음,보행자,여,62세,경상
2021052900100354,2021년 5월 29일 16시,토요일,경기도 수원시 팔달구 고등동,경상사고,0,0,1,0,차대사람 - 기타,신호위반,포장 - 건조,맑음,교차로 - 교차로안,승합,남,47세,상해없음,보행자,남,72세,경상
2021052900100460,2021년 5월 29일 19시,토요일,경기도 부천시 송내동,경상사고,0,0,1,0,차대사람 - 기타,안전운전불이행,포장 - 건조,맑음,교차로 - 교차로부근,승용,여,52세,상해없음,보행자,여,28세,경상
2021052900100495,2021년 5월 29일 20시,토요일,경기도 수원시 팔달구 매산로1가,경상사고,0,0,1,0,차대사람 - 기타,안전운전불이행,포장 - 건조,맑음,단일로 - 기타,기타불명,기타불명,미분류,기타불명,보행자,남,56세,경상
2021052900100516,2021년 5월 29일 21시,토요일,경기도 안성시 인지동,사망사고,1,0,0,0,차대사람 - 횡단중,안전운전불이행,포장 - 건조,맑음,교차로 - 교차로안,승용,남,35세,상해없음,보행자,여,45세,사망
2021052900100519,2021년 5월 29일 21시,토요일,경기도 부천시 역곡동,중상사고,0,1,0,0,차대사람 - 횡단중,안전운전불이행,포장 - 건조,맑음,교차로 - 교차로부근,승용,남,40세,상해없음,보행자,여,58세,중상
2021052900100521,2021년 5월 29일 21시,토요일,경기도 용인시 기흥구 마북동,중상사고,0,1,0,1,차대사람 - 횡단중,신호위반,포장 - 건조,맑음,단일로 - 기타,이륜,남,41세,부상신고,보행자,남,30세,중상
2021052900100536,2021년 5월 29일 21시,토요일,경기도 의정부시 호원동,부상신고사고,0,0,0,1,차대사람 - 횡단중,안전운전불이행,포장 - 건조,맑음,단일로 - 기타,승용,남,55세,상해없음,보행자,남,57세,부상신고
2021052900100549,2021년 5월 29일 22시,토요일,경기도 안산시 단원구 고잔동,경상사고,0,0,1,0,차대사람 - 기타,안전운전불이행,포장 - 건조,맑음,단일로 - 기타,승용,남,27세,상해없음,보행자,남,22세,경상
2021052900100573,2021년 5월 29일 23시,토요일,경기도 화성시 팔탄면,사망사고,1,0,0,0,차대사람 - 기타,안전운전불이행,포장 - 건조,맑음,단일로 - 기타,승용,여,26세,상해없음,보행자,남,47세,사망
2021053000100124,2021년 5월 30일 11시,일요일,경기도 파주시 법원읍,경상사고,0,0,1,0,차대사람 - 차도통행중,안전운전불이행,포장 - 건조,맑음,단일로 - 기타,승용,여,59세,기타불명,보행자,남,62세,경상
2021053000100150,2021년 5월 30일 12시,일요일,경기도 가평군 조종면,경상사고,0,0,1,0,차대사람 - 횡단중,안전운전불이행,포장 - 건조,맑음,단일로 - 기타,승용,여,41세,상해없음,보행자,여,74세,경상
2021053000100164,2021년 5월 30일 13시,일요일,경기도 성남시 분당구 야탑동,경상사고,0,0,1,0,차대사람 - 기타,안전운전불이행,포장 - 건조,맑음,기타 - 기타,개인형이동수단(PM),여,70세,기타불명,보행자,여,67세,경상
2021053000100168,2021년 5월 30일 13시,일요일,경기도 용인시 수지구 성복동,경상사고,0,0,1,1,차대사람 - 기타,안전운전불이행,포장 - 건조,맑음,교차로 - 교차로부근,자전거,남,22세,부상신고,보행자,남,37세,경상
2021053000100203,2021년 5월 30일 14시,일요일,경기도 수원시 영통구 이의동,경상사고,0,0,1,0,차대사람 - 차도통행중,안전운전불이행,포장 - 건조,맑음,단일로 - 기타,승용,남,62세,상해없음,보행자,남,41세,경상
2021053000100279,2021년 5월 30일 16시,일요일,경기도 평택시 세교동,중상사고,0,1,0,0,차대사람 - 횡단중,보행자보호의무위반,포장 - 건조,맑음,단일로 - 기타,승용,여,56세,상해없음,보행자,여,75세,중상
2021053000100382,2021년 5월 30일 19시,일요일,경기도 여주시 창동,사망사고,1,0,1,0,차대사람 - 횡단중,신호위반,포장 - 건조,흐림,교차로 - 교차로안,이륜,남,17세,경상,보행자,여,60세,사망
2021053000100384,2021년 5월 30일 19시,일요일,경기도 성남시 중원구 상대원동,부상신고사고,0,0,0,1,차대사람 - 길가장자리구역통행중,안전운전불이행,포장 - 젖음/습기,비,단일로 - 기타,승용,남,27세,상해없음,보행자,여,14세,부상신고
2021053000100386,2021년 5월 30일 19시,일요일,경기도 하남시 천현동,중상사고,0,1,0,0,차대사람 - 차도통행중,신호위반,포장 - 젖음/습기,비,단일로 - 기타,이륜,남,16세,상해없음,보행자,남,57세,중상
2021053000100387,2021년 5월 30일 19시,일요일,경기도 하남시 망월동,경상사고,0,0,1,0,차대사람 - 횡단중,안전운전불이행,포장 - 젖음/습기,비,교차로 - 교차로안,승용,남,34세,상해없음,보행자,남,12세,경상
2021053000100412,2021년 5월 30일 20시,일요일,경기도 안산시 단원구 원곡동,경상사고,0,0,1,0,차대사람 - 횡단중,보행자보호의무위반,포장 - 젖음/습기,비,교차로 - 교차로부근,승용,여,42세,상해없음,보행자,여,40세,경상
2021053000100438,2021년 5월 30일 21시,일요일,경기도 부천시 중동,경상사고,0,0,1,0,차대사람 - 횡단중,신호위반,비포장 - 젖음/습기,비,단일로 - 기타,이륜,남,24세,상해없음,보행자,남,65세,경상
2021053000100450,2021년 5월 30일 21시,일요일,경기도 의정부시 신곡동,중상사고,0,1,0,0,차대사람 - 횡단중,안전운전불이행,포장 - 젖음/습기,비,교차로 - 교차로부근,이륜,남,49세,상해없음,보행자,남,72세,중상
2021053000100464,2021년 5월 30일 22시,일요일,경기도 김포시 장기동,경상사고,0,0,1,0,차대사람 - 기타,신호위반,포장 - 젖음/습기,비,교차로 - 교차로부근,이륜,여,35세,상해없음,보행자,여,31세,경상
2021053000100494,2021년 5월 30일 23시,일요일,경기도 안산시 단원구 고잔동,중상사고,0,1,0,0,차대사람 - 횡단중,안전운전불이행,포장 - 젖음/습기,비,교차로 - 교차로횡단보도내,이륜,남,39세,상해없음,보행자,남,62세,중상
2021053100100028,2021년 5월 31일 06시,월요일,경기도 수원시 팔달구 화서동,부상신고사고,0,0,0,1,차대사람 - 횡단중,안전운전불이행,포장 - 젖음/습기,흐림,단일로 - 기타,승용,여,44세,상해없음,보행자,남,41세,부상신고
2021053100100100,2021년 5월 31일 09시,월요일,경기도 광명시 광명동,경상사고,0,0,1,0,차대사람 - 기타,안전운전불이행,포장 - 건조,맑음,단일로 - 기타,승용,남,69세,상해없음,보행자,남,26세,경상
2021053100100103,2021년 5월 31일 09시,월요일,경기도 안산시 상록구 이동,중상사고,0,1,0,0,차대사람 - 차도통행중,안전운전불이행,포장 - 건조,맑음,단일로 - 기타,승용,남,56세,상해없음,보행자,남,57세,중상
2021053100100158,2021년 5월 31일 11시,월요일,경기도 부천시 원미동,중상사고,0,1,0,0,차대사람 - 기타,안전운전불이행,포장 - 건조,맑음,단일로 - 기타,승용,여,50세,상해없음,보행자,여,81세,중상
2021053100100178,2021년 5월 31일 11시,월요일,경기도 의정부시 민락동,부상신고사고,0,0,0,1,차대사람 - 횡단중,안전운전불이행,포장 - 건조,맑음,교차로 - 교차로부근,승용,여,61세,상해없음,보행자,여,73세,부상신고
2021053100100210,2021년 5월 31일 13시,월요일,경기도 평택시 안중읍,경상사고,0,0,1,0,차대사람 - 기타,안전운전불이행,포장 - 건조,맑음,단일로 - 기타,승용,남,44세,상해없음,보행자,남,6세,경상
2021053100100234,2021년 5월 31일 13시,월요일,경기도 고양시 덕양구 신원동,경상사고,0,0,1,0,차대사람 - 횡단중,보행자보호의무위반,포장 - 건조,맑음,교차로 - 교차로횡단보도내,승용,여,33세,상해없음,보행자,남,35세,경상
2021053100100245,2021년 5월 31일 14시,월요일,경기도 광주시 역동,중상사고,0,1,0,0,차대사람 - 횡단중,안전운전불이행,포장 - 건조,맑음,단일로 - 기타,이륜,남,22세,상해없음,보행자,남,71세,중상
2021053100100250,2021년 5월 31일 14시,월요일,경기도 안양시 만안구 박달동,경상사고,0,0,1,0,차대사람 - 기타,안전운전불이행,포장 - 건조,맑음,기타 - 기타,자전거,남,24세,기타불명,보행자,남,47세,경상
2021053100100268,2021년 5월 31일 14시,월요일,경기도 파주시 동패동,중상사고,0,1,0,0,차대사람 - 기타,안전운전불이행,포장 - 건조,맑음,단일로 - 기타,개인형이동수단(PM),남,18세,상해없음,보행자,여,82세,중상