사고번호,사고일시,요일,시군구,사고내용,사망자수,중상자수,경상자수,부상신고자수,사고유형,법규위반,노면상태,기상상태,도로형태,가해운전자 차종,가해운전자 성별,가해운전자 연령,가해운전자 상해정도,피해운전자 차종,피해운전자 성별,피해운전자 연령,피해운전자 상해정도
2021060400100348,2021년 6월 4일 15시,금요일,경기도 안산시 단원구 고잔동,중상사고,0,1,0,0,차대사람 - 기타,안전운전불이행,포장 - 건조,맑음,기타 - 기타,승용,남,38세,상해없음,보행자,여,61세,중상
2021060400100390,2021년 6월 4일 16시,금요일,경기도 오산시 청학동,중상사고,0,1,0,0,차대사람 - 기타,안전운전불이행,포장 - 건조,맑음,단일로 - 기타,승용,여,48세,상해없음,보행자,여,81세,중상
2021060400100392,2021년 6월 4일 16시,금요일,경기도 부천시 중동,경상사고,0,0,1,0,차대사람 - 보도통행중,기타,포장 - 건조,맑음,기타 - 기타,개인형이동수단(PM),여,17세,기타불명,보행자,여,62세,경상
2021060400100396,2021년 6월 4일 16시,금요일,경기도 안산시 상록구 일동,중상사고,0,1,0,0,차대사람 - 차도통행중,안전운전불이행,포장 - 건조,맑음,기타 - 기타,화물,남,61세,상해없음,보행자,여,48세,중상
2021060400100442,2021년 6월 4일 17시,금요일,경기도 수원시 팔달구 화서동,경상사고,0,0,1,0,차대사람 - 기타,안전운전불이행,포장 - 건조,맑음,단일로 - 기타,승용,남,51세,상해없음,보행자,남,67세,경상
2021060400100447,2021년 6월 4일 17시,금요일,경기도 용인시 기흥구 동백동,경상사고,0,0,2,0,차대사람 - 기타,안전운전불이행,포장 - 건조,맑음,단일로 - 기타,자전거,남,16세,경상,보행자,남,1세,경상
2021060400100556,2021년 6월 4일 19시,금요일,경기도 광명시 광명동,경상사고,0,0,1,0,차대사람 - 기타,안전운전불이행,포장 - 건조,맑음,단일로 - 기타,승용,여,29세,상해없음,보행자,남,75세,경상
2021060400100564,2021년 6월 4일 19시,금요일,경기도 의왕시 고천동,경상사고,0,0,1,0,차대사람 - 횡단중,안전운전불이행,포장 - 건조,맑음,단일로 - 기타,승용,남,36세,상해없음,보행자,남,86세,경상
2021060400100592,2021년 6월 4일 20시,금요일,경기도 안산시 상록구 본오동,중상사고,0,1,0,0,차대사람 - 차도통행중,보행자보호의무위반,포장 - 건조,맑음,교차로 - 교차로안,승용,남,54세,상해없음,보행자,남,9세,중상
2021060400100654,2021년 6월 4일 22시,금요일,경기도 평택시 평택동,경상사고,0,0,1,0,차대사람 - 기타,안전운전불이행,포장 - 건조,맑음,교차로 - 교차로안,승용,여,29세,상해없음,보행자,여,24세,경상
2021060400100693,2021년 6월 4일 23시,금요일,경기도 고양시 덕양구 행주외동,사망사고,1,0,0,0,차대사람 - 기타,안전운전불이행,포장 - 건조,맑음,단일로 - 기타,승용,남,33세,상해없음,보행자,여,64세,사망
2021060500100045,2021년 6월 5일 04시,토요일,경기도 성남시 수정구 태평동,경상사고,0,0,1,0,차대사람 - 기타,안전운전불이행,포장 - 건조,맑음,단일로 - 기타,승용,남,25세,상해없음,보행자,여,70세,경상
2021060500100049,2021년 6월 5일 05시,토요일,경기도 평택시 안중읍,중상사고,0,2,1,0,차대사람 - 기타,안전운전불이행,포장 - 건조,맑음,교차로 - 교차로부근,승용,남,40세,상해없음,보행자,남,67세,중상
2021060500100059,2021년 6월 5일 06시,토요일,경기도 의정부시 용현동,경상사고,0,0,1,0,차대사람 - 차도통행중,불법유턴,포장 - 건조,맑음,단일로 - 기타,화물,남,51세,상해없음,보행자,여,56세,경상
2021060500100129,2021년 6월 5일 10시,토요일,경기도 안산시 단원구 초지동,중상사고,0,2,0,0,차대사람 - 기타,보행자보호의무위반,포장 - 건조,맑음,교차로 - 교차로안,승용,여,50세,상해없음,보행자,여,60세,중상
2021060500100154,2021년 6월 5일 10시,토요일,경기도 구리시 수택동,경상사고,0,0,1,0,차대사람 - 기타,안전운전불이행,포장 - 건조,맑음,단일로 - 기타,승용,여,64세,상해없음,보행자,남,67세,경상
2021060500100177,2021년 6월 5일 11시,토요일,경기도 부천시 원미동,경상사고,0,0,1,0,차대사람 - 기타,안전운전불이행,포장 - 건조,맑음,기타 - 기타,화물,남,60세,상해없음,보행자,남,67세,경상
2021060500100274,2021년 6월 5일 13시,토요일,경기도 평택시 동삭동,중상사고,0,1,0,0,차대사람 - 보도통행중,기타,포장 - 건조,맑음,기타 - 기타,원동기,여,21세,상해없음,보행자,남,56세,중상
2021060500100276,2021년 6월 5일 13시,토요일,경기도 광주시 퇴촌면,중상사고,0,1,0,0,차대사람 - 기타,기타,포장 - 건조,맑음,기타 - 기타,화물,남,63세,상해없음,보행자,여,70세,중상
2021060500100285,2021년 6월 5일 13시,토요일,경기도 부천시 원종동,중상사고,0,1,0,0,차대사람 - 기타,보행자보호의무위반,포장 - 건조,맑음,단일로 - 기타,승용,여,37세,상해없음,보행자,여,69세,중상
2021060500100309,2021년 6월 5일 13시,토요일,경기도 파주시 조리읍,경상사고,0,0,1,0,차대사람 - 횡단중,교차로운행방법위반,포장 - 건조,맑음,교차로 - 교차로안,승합,남,64세,상해없음,보행자,남,60세,경상
2021060500100374,2021년 6월 5일 15시,토요일,경기도 광주시 쌍령동,중상사고,0,1,0,0,차대사람 - 기타,안전운전불이행,포장 - 건조,맑음,주차장 - 주차장,화물,남,27세,상해없음,보행자,여,64세,중상
2021060500100375,2021년 6월 5일 15시,토요일,경기도 용인시 처인구 고림동,경상사고,0,0,1,0,차대사람 - 기타,안전운전불이행,포장 - 건조,맑음,기타 - 기타,승용,여,44세,상해없음,보행자,남,8세,경상
2021060500100410,2021년 6월 5일 16시,토요일,경기도 여주시 대신면,경상사고,0,0,1,0,차대사람 - 차도통행중,안전운전불이행,포장 - 건조,맑음,기타 - 기타,자전거,남,69세,상해없음,보행자,여,54세,경상
2021060500100486,2021년 6월 5일 18시,토요일,경기도 평택시 포승읍,부상신고사고,0,0,0,1,차대사람 - 횡단중,신호위반,포장 - 건조,맑음,교차로 - 교차로횡단보도내,승용,남,54세,상해없음,보행자,남,10세,부상신고
2021060500100513,2021년 6월 5일 19시,토요일,경기도 평택시 서정동,경상사고,0,0,1,0,차대사람 - 기타,신호위반,포장 - 건조,맑음,교차로 - 교차로횡단보도내,이륜,남,18세,상해없음,보행자,남,15세,경상
2021060500100530,2021년 6월 5일 19시,토요일,경기도 고양시 덕양구 토당동,중상사고,0,1,0,0,차대사람 - 차도통행중,안전운전불이행,포장 - 건조,맑음,단일로 - 기타,화물,남,57세,상해없음,보행자,남,61세,중상
2021060500100532,2021년 6월 5일 19시,토요일,경기도 파주시 금릉동,중상사고,0,1,0,0,차대사람 - 기타,안전운전불이행,포장 - 건조,맑음,기타 - 기타,화물,여,56세,상해없음,보행자,남,4세,중상
2021060500100582,2021년 6월 5일 22시,토요일,경기도 안산시 단원구 고잔동,경상사고,0,0,1,0,차대사람 - 기타,안전운전불이행,포장 - 건조,맑음,단일로 - 기타,승용,남,55세,상해없음,보행자,남,20세,경상
2021060500100583,2021년 6월 5일 22시,토요일,경기도 성남시 중원구 중앙동,경상사고,0,0,1,0,차대사람 - 기타,안전운전불이행,포장 - 건조,맑음,단일로 - 기타,승용,남,31세,상해없음,보행자,남,58세,경상
2021060500100596,2021년 6월 5일 22시,토요일,경기도 의정부시 호원동,경상사고,0,0,1,0,차대사람 - 기타,안전운전불이행,포장 - 건조,맑음,단일로 - 기타,자전거,남,19세,상해없음,보행자,남,60세,경상
2021060500100597,2021년 6월 5일 22시,토요일,경기도 파주시 조리읍,중상사고,0,1,0,0,차대사람 - 기타,안전운전불이행,포장 - 건조,맑음,교차로 - 교차로부근,이륜,남,29세,상해없음,보행자,남,42세,중상
2021060500100606,2021년 6월 5일 23시,토요일,경기도 평택시 신장동,경상사고,0,0,1,0,차대사람 - 기타,안전운전불이행,포장 - 건조,흐림,단일로 - 기타,기타불명,기타불명,미분류,기타불명,보행자,남,32세,경상
2021060500100607,2021년 6월 5일 23시,토요일,경기도 수원시 팔달구 인계동,부상신고사고,0,0,0,1,차대사람 - 기타,안전운전불이행,포장 - 건조,맑음,기타 - 기타,원동기,남,51세,상해없음,보행자,여,28세,부상신고
2021060600100068,2021년 6월 6일 09시,일요일,경기도 시흥시 목감동,경상사고,0,0,1,0,차대사람 - 기타,안전운전불이행,포장 - 건조,맑음,단일로 - 기타,승용,여,67세,상해없음,보행자,남,45세,경상
2021060600100153,2021년 6월 6일 13시,일요일,경기도 평택시 지산동,경상사고,0,0,1,0,차대사람 - 기타,안전운전불이행,포장 - 건조,맑음,단일로 - 기타,승용,남,45세,상해없음,보행자,여,59세,경상
2021060600100154,2021년 6월 6일 13시,일요일,경기도 평택시 용이동,부상신고사고,0,0,0,1,차대사람 - 기타,안전운전불이행,포장 - 건조,맑음,교차로 - 교차로부근,승합,기타불명,미분류,기타불명,보행자,남,6세,부상신고
2021060600100159,2021년 6월 6일 13시,일요일,경기도 시흥시 장곡동,경상사고,0,0,1,0,차대사람 - 차도통행중,안전운전불이행,포장 - 건조,맑음,단일로 - 기타,승용,여,30세,상해없음,보행자,남,10세,경상
2021060600100177,2021년 6월 6일 13시,일요일,경기도 양주시 백석읍,경상사고,0,0,1,0,차대사람 - 횡단중,신호위반,포장 - 건조,맑음,단일로 - 기타,이륜,남,44세,상해없음,보행자,남,50세,경상
2021060600100188,2021년 6월 6일 14시,일요일,경기도 용인시 처인구 포곡읍,경상사고,0,0,1,0,차대사람 - 횡단중,안전운전불이행,포장 - 건조,맑음,단일로 - 기타,승용,남,38세,상해없음,보행자,여,8세,경상
2021060600100255,2021년 6월 6일 16시,일요일,경기도 광주시 송정동,중상사고,0,1,0,0,차대사람 - 보도통행중,기타,포장 - 건조,맑음,기타 - 기타,자전거,남,58세,상해없음,보행자,남,49세,중상
2021060600100256,2021년 6월 6일 16시,일요일,경기도 부천시 심곡동,중상사고,0,1,0,0,차대사람 - 기타,안전운전불이행,포장 - 건조,맑음,단일로 - 기타,승용,남,58세,상해없음,보행자,남,49세,중상
2021060600100283,2021년 6월 6일 16시,일요일,경기도 구리시 인창동,중상사고,0,1,0,0,차대사람 - 횡단중,보행자보호의무위반,포장 - 건조,맑음,교차로 - 교차로횡단보도내,승용,남,41세,상해없음,보행자,여,20세,중상
2021060600100293,2021년 6월 6일 17시,일요일,경기도 수원시 팔달구 매향동,중상사고,0,1,0,0,차대사람 - 횡단중,안전운전불이행,포장 - 건조,맑음,단일로 - 기타,승용,남,54세,상해없음,보행자,여,17세,중상
2021060600100322,2021년 6월 6일 17시,일요일,경기도 가평군 가평읍,경상사고,0,0,1,0,차대사람 - 횡단중,보행자보호의무위반,포장 - 건조,맑음,단일로 - 기타,승용,남,58세,상해없음,보행자,여,47세,경상
2021060600100329,2021년 6월 6일 18시,일요일,경기도 광주시 경안동,경상사고,0,0,1,0,차대사람 - 보도통행중,기타,포장 - 건조,맑음,기타 - 기타,개인형이동수단(PM),남,20세,상해없음,보행자,남,77세,경상
2021060600100407,2021년 6월 6일 21시,일요일,경기도 안산시 단원구 신길동,중상사고,0,1,0,0,차대사람 - 기타,보행자보호의무위반,포장 - 건조,맑음,교차로 - 교차로부근,원동기,남,28세,기타불명,보행자,여,24세,중상
2021060600100428,2021년 6월 6일 22시,일요일,경기도 용인시 기흥구 언남동,경상사고,0,0,1,0,차대사람 - 보도통행중,안전운전불이행,포장 - 건조,맑음,단일로 - 기타,승용,남,78세,상해없음,보행자,남,61세,경상
2021060600100439,2021년 6월 6일 22시,일요일,경기도 고양시 일산서구 주엽동,부상신고사고,0,0,0,1,차대사람 - 횡단중,보행자보호의무위반,포장 - 건조,기타,단일로 - 기타,개인형이동수단(PM),남,20세,상해없음,보행자,남,52세,부상신고
2021060700100046,2021년 6월 7일 07시,월요일,경기도 고양시 일산서구 대화동,경상사고,0,0,1,0,차대사람 - 횡단중,보행자보호의무위반,포장 - 건조,맑음,교차로 - 교차로횡단보도내,승합,남,60세,상해없음,보행자,여,23세,경상
2021060700100061,2021년 6월 7일 08시,월요일,경기도 부천시 심곡동,경상사고,0,0,1,0,차대사람 - 기타,안전운전불이행,포장 - 건조,흐림,단일로 - 기타,승용,여,25세,상해없음,보행자,남,26세,경상
2021060700100065,2021년 6월 7일 08시,월요일,경기도 화성시 새솔동,사망사고,1,0,1,0,차대사람 - 기타,안전운전불이행,포장 - 건조,맑음,단일로 - 기타,원동기,남,17세,경상,보행자,여,59세,사망
2021060700100087,2021년 6월 7일 08시,월요일,경기도 고양시 일산동구 백석동,중상사고,0,1,0,0,차대사람 - 횡단중,안전운전불이행,포장 - 건조,맑음,교차로 - 교차로안,화물,남,43세,상해없음,보행자,여,71세,중상
2021060700100098,2021년 6월 7일 09시,월요일,경기도 부천시 중동,경상사고,0,0,1,0,차대사람 - 보도통행중,기타,포장 - 건조,맑음,기타 - 기타,자전거,남,23세,상해없음,보행자,여,72세,경상
2021060700100116,2021년 6월 7일 09시,월요일,경기도 의정부시 호원동,경상사고,0,0,1,0,차대사람 - 횡단중,불법유턴,포장 - 건조,맑음,단일로 - 기타,화물,남,58세,상해없음,보행자,남,68세,경상
2021060700100166,2021년 6월 7일 11시,월요일,경기도 용인시 기흥구 고매동,경상사고,0,0,1,0,차대사람 - 횡단중,안전운전불이행,포장 - 건조,맑음,단일로 - 기타,승용,남,34세,상해없음,보행자,여,63세,경상
2021060700100170,2021년 6월 7일 11시,월요일,경기도 하남시 신장동,경상사고,0,0,1,0,차대사람 - 기타,안전운전불이행,포장 - 건조,맑음,단일로 - 기타,원동기,남,50세,상해없음,보행자,여,78세,경상
2021060700100206,2021년 6월 7일 12시,월요일,경기도 성남시 중원구 성남동,부상신고사고,0,0,0,1,차대사람 - 기타,안전운전불이행,포장 - 건조,맑음,단일로 - 기타,승용,여,42세,상해없음,보행자,남,51세,부상신고
2021060700100237,2021년 6월 7일 13시,월요일,경기도 광주시 남한산성면,경상사고,0,0,1,0,차대사람 - 차도통행중,안전운전불이행,포장 - 건조,맑음,교차로 - 교차로부근,화물,남,49세,상해없음,보행자,여,84세,경상
2021060700100239,2021년 6월 7일 13시,월요일,경기도 김포시 구래동,경상사고,0,0,1,0,차대사람 - 횡단중,신호위반,포장 - 건조,맑음,교차로 - 교차로횡단보도내,승용,여,51세,상해없음,보행자,여,41세,경상
2021060700100241,2021년 6월 7일 13시,월요일,경기도 군포시 산본동,부상신고사고,0,0,0,1,차대사람 - 기타,안전운전불이행,포장 - 건조,맑음,교차로 - 교차로부근,승용,여,40세,상해없음,보행자,남,57세,부상신고
2021060700100275,2021년 6월 7일 14시,월요일,경기도 하남시 망월동,경상사고,0,0,1,0,차대사람 - 횡단중,신호위반,포장 - 건조,맑음,교차로 - 교차로안,화물,남,44세,상해없음,보행자,남,6세,경상
2021060700100311,2021년 6월 7일 15시,월요일,경기도 수원시 권선구 곡반정동,중상사고,0,1,0,0,차대사람 - 기타,안전운전불이행,포장 - 건조,맑음,교차로 - 교차로부근,승용,여,51세,상해없음,보행자,남,54세,중상
2021060700100349,2021년 6월 7일 16시,월요일,경기도 광주시 오포읍,중상사고,0,1,0,0,차대사람 - 기타,기타,포장 - 건조,맑음,단일로 - 기타,승용,남,58세,상해없음,보행자,남,35세,중상
2021060700100350,2021년 6월 7일 16시,월요일,경기도 오산시 원동,부상신고사고,0,0,0,1,차대사람 - 차도통행중,안전운전불이행,포장 - 건조,맑음,단일로 - 기타,화물,남,62세,상해없음,보행자,여,23세,부상신고
2021060700100352,2021년 6월 7일 16시,월요일,경기도 성남시 분당구 판교동,중상사고,0,1,0,0,차대사람 - 기타,보행자보호의무위반,포장 - 건조,맑음,기타 - 기타,승용,여,43세,상해없음,보행자,여,9세,중상
2021060700100356,2021년 6월 7일 16시,월요일,경기도 용인시 수지구 성복동,경상사고,0,0,1,0,차대사람 - 횡단중,안전운전불이행,포장 - 건조,맑음,단일로 - 기타,승용,여,41세,상해없음,보행자,남,17세,경상
2021060700100403,2021년 6월 7일 17시,월요일,경기도 오산시 오산동,부상신고사고,0,0,0,1,차대사람 - 기타,안전운전불이행,포장 - 건조,맑음,단일로 - 기타,승용,여,53세,상해없음,보행자,남,63세,부상신고
2021060700100457,2021년 6월 7일 18시,월요일,경기도 안산시 단원구 원곡동,중상사고,0,1,0,0,차대사람 - 기타,보행자보호의무위반,포장 - 건조,맑음,교차로 - 교차로부근,승용,여,46세,상해없음,보행자,여,53세,중상
2021060700100459,2021년 6월 7일 18시,월요일,경기도 안산시 상록구 사동,경상사고,0,0,1,0,차대사람 - 횡단중,안전운전불이행,포장 - 건조,맑음,단일로 - 기타,승합,남,48세,상해없음,보행자,여,6세,경상
2021060700100495,2021년 6월 7일 18시,월요일,경기도 남양주시 화도읍,경상사고,0,0,1,0,차대사람 - 차도통행중,안전운전불이행,포장 - 건조,맑음,단일로 - 기타,승용,여,59세,상해없음,보행자,남,30세,경상
2021060700100505,2021년 6월 7일 19시,월요일,경기도 성남시 분당구 야탑동,중상사고,0,1,0,0,차대사람 - 기타,교차로운행방법위반,포장 - 건조,맑음,기타 - 기타,승용,남,57세,상해없음,보행자,남,63세,중상
2021060700100529,2021년 6월 7일 20시,월요일,경기도 수원시 영통구 매탄동,경상사고,0,0,1,0,차대사람 - 기타,안전운전불이행,포장 - 건조,맑음,교차로 - 교차로안,승용,여,40세,상해없음,보행자,여,30세,경상
2021060700100532,2021년 6월 7일 20시,월요일,경기도 안양시 만안구 안양동,경상사고,0,0,1,0,차대사람 - 기타,안전운전불이행,포장 - 건조,맑음,단일로 - 기타,승용,남,21세,상해없음,보행자,여,56세,경상
2021060700100547,2021년 6월 7일 20시,월요일,경기도 남양주시 호평동,경상사고,0,0,1,0,차대사람 - 기타,안전운전불이행,포장 - 건조,맑음,기타 - 기타,승용,여,53세,상해없음,보행자,남,43세,경상
2021060700100584,2021년 6월 7일 22시,월요일,경기도 하남시 신장동,경상사고,0,0,1,0,차대사람 - 보도통행중,보행자보호의무위반,포장 - 건조,맑음,교차로 - 교차로부근,승용,남,42세,상해없음,보행자,여,49세,경상
2021060800100007,2021년 6월 8일 01시,화요일,경기도 부천시 상동,사망사고,1,0,0,0,차대사람 - 횡단중,안전운전불이행,포장 - 건조,맑음,교차로 - 교차로횡단보도내,승합,남,44세,상해없음,보행자,남,49세,사망
2021060800100109,2021년 6월 8일 09시,화요일,경기도 용인시 기흥구 보라동,중상사고,0,1,0,0,차대사람 - 횡단중,교차로운행방법위반,포장 - 건조,맑음,기타 - 기타,승용,여,48세,상해없음,보행자,여,57세,중상
2021060800100149,2021년 6월 8일 10시,화요일,경기도 군포시 산본동,경상사고,0,0,1,0,차대사람 - 기타,안전운전불이행,포장 - 건조,맑음,단일로 - 기타,승용,남,67세,상해없음,보행자,남,42세,경상
2021060800100223,2021년 6월 8일 12시,화요일,경기도 부천시 춘의동,경상사고,0,0,1,0,차대사람 - 횡단중,보행자보호의무위반,포장 - 건조,맑음,교차로 - 교차로횡단보도내,화물,남,62세,기타불명,보행자,남,34세,경상
2021060800100310,2021년 6월 8일 14시,화요일,경기도 남양주시 퇴계원읍,중상사고,0,1,0,0,차대사람 - 기타,보행자보호의무위반,포장 - 건조,맑음,교차로 - 교차로횡단보도내,화물,남,53세,상해없음,보행자,남,77세,중상
2021060800100322,2021년 6월 8일 15시,화요일,경기도 성남시 중원구 성남동,중상사고,0,1,0,0,차대사람 - 횡단중,신호위반,포장 - 건조,맑음,교차로 - 교차로안,승용,남,50세,상해없음,보행자,남,76세,중상
2021060800100358,2021년 6월 8일 16시,화요일,경기도 하남시 덕풍동,중상사고,0,1,0,0,차대사람 - 기타,신호위반,포장 - 건조,맑음,교차로 - 교차로안,승용,남,48세,상해없음,보행자,남,46세,중상
2021060800100398,2021년 6월 8일 17시,화요일,경기도 용인시 수지구 신봉동,경상사고,0,0,1,0,차대사람 - 횡단중,보행자보호의무위반,포장 - 건조,맑음,교차로 - 교차로횡단보도내,승합,남,65세,상해없음,보행자,여,17세,경상
2021060800100442,2021년 6월 8일 18시,화요일,경기도 성남시 중원구 상대원동,중상사고,0,1,1,0,차대사람 - 횡단중,보행자보호의무위반,포장 - 건조,맑음,교차로 - 교차로안,승용,남,48세,상해없음,보행자,여,11세,경상
2021060800100444,2021년 6월 8일 18시,화요일,경기도 수원시 팔달구 매산로1가,경상사고,0,0,1,0,차대사람 - 기타,안전운전불이행,포장 - 건조,맑음,단일로 - 기타,승용,남,23세,상해없음,보행자,남,15세,경상
2021060800100447,2021년 6월 8일 18시,화요일,경기도 의왕시 삼동,중상사고,0,1,0,0,차대사람 - 횡단중,안전운전불이행,포장 - 건조,맑음,교차로 - 교차로안,승용,남,48세,상해없음,보행자,여,56세,중상
2021060800100487,2021년 6월 8일 19시,화요일,경기도 성남시 중원구 금광동,경상사고,0,0,1,0,차대사람 - 기타,안전운전불이행,포장 - 건조,맑음,기타 - 기타,승용,여,35세,상해없음,보행자,남,58세,경상
2021060800100538,2021년 6월 8일 21시,화요일,경기도 용인시 기흥구 보라동,중상사고,0,1,0,0,차대사람 - 횡단중,과속,포장 - 건조,맑음,교차로 - 교차로횡단보도내,승용,남,24세,상해없음,보행자,남,47세,중상
2021060800100541,2021년 6월 8일 21시,화요일,경기도 하남시 신장동,경상사고,0,0,1,0,차대사람 - 차도통행중,안전운전불이행,포장 - 건조,맑음,교차로 - 교차로부근,승용,여,39세,상해없음,보행자,여,34세,경상
2021060800100591,2021년 6월 8일 23시,화요일,경기도 안산시 단원구 원곡동,중상사고,0,1,0,0,차대사람 - 횡단중,안전운전불이행,포장 - 건조,맑음,교차로 - 교차로부근,승용,여,46세,상해없음,보행자,여,35세,중상
2021060900100009,2021년 6월 9일 01시,수요일,경기도 광주시 역동,경상사고,0,0,1,1,차대사람 - 기타,안전운전불이행,포장 - 건조,흐림,기타 - 기타,이륜,남,19세,부상신고,보행자,남,30세,경상
2021060900100076,2021년 6월 9일 08시,수요일,경기도 수원시 팔달구 인계동,부상신고사고,0,0,0,1,차대사람 - 길가장자리구역통행중,안전운전불이행,포장 - 건조,맑음,단일로 - 기타,화물,남,50세,상해없음,보행자,남,56세,부상신고
2021060900100078,2021년 6월 9일 08시,수요일,경기도 군포시 당정동,경상사고,0,0,1,0,차대사람 - 기타,안전운전불이행,포장 - 건조,맑음,단일로 - 기타,승용,남,29세,상해없음,보행자,남,29세,경상
2021060900100119,2021년 6월 9일 09시,수요일,경기도 오산시 부산동,경상사고,0,0,1,0,차대사람 - 횡단중,안전운전불이행,포장 - 건조,맑음,교차로 - 교차로안,승용,여,36세,상해없음,보행자,남,37세,경상
2021060900100144,2021년 6월 9일 10시,수요일,경기도 안산시 상록구 사동,경상사고,0,0,1,0,차대사람 - 기타,안전운전불이행,포장 - 건조,맑음,기타 - 기타,자전거,남,16세,기타불명,보행자,여,61세,경상
2021060900100157,2021년 6월 9일 10시,수요일,경기도 고양시 덕양구 행신동,경상사고,0,0,1,0,차대사람 - 횡단중,안전운전불이행,포장 - 건조,맑음,교차로 - 교차로부근,승합,여,59세,상해없음,보행자,여,76세,경상
2021060900100168,2021년 6월 9일 11시,수요일,경기도 이천시 중리동,경상사고,0,0,1,0,차대사람 - 기타,안전운전불이행,포장 - 건조,맑음,단일로 - 기타,승용,남,21세,상해없음,보행자,여,26세,경상
2021060900100169,2021년 6월 9일 11시,수요일,경기도 김포시 구래동,경상사고,0,0,1,0,차대사람 - 기타,안전운전불이행,포장 - 기타,맑음,기타 - 기타,승용,남,43세,상해없음,보행자,남,29세,경상
2021060900100172,2021년 6월 9일 11시,수요일,경기도 안산시 상록구 성포동,경상사고,0,0,1,0,차대사람 - 기타,기타,포장 - 건조,맑음,단일로 - 기타,승합,남,59세,상해없음,보행자,남,58세,경상
2021060900100211,2021년 6월 9일 12시,수요일,경기도 성남시 분당구 구미동,중상사고,0,1,0,0,차대사람 - 보도통행중,보행자보호의무위반,포장 - 건조,맑음,교차로 - 교차로횡단보도내,승합,남,59세,상해없음,보행자,여,73세,중상
2021060900100264,2021년 6월 9일 13시,수요일,경기도 고양시 덕양구 화정동,경상사고,0,0,1,0,차대사람 - 기타,안전운전불이행,포장 - 기타,맑음,주차장 - 주차장,화물,남,68세,상해없음,보행자,남,18세,경상
2021060900100273,2021년 6월 9일 14시,수요일,경기도 광명시 노온사동,부상신고사고,0,0,0,1,차대사람 - 기타,안전운전불이행,포장 - 건조,맑음,교차로 - 교차로안,화물,남,44세,기타불명,보행자,남,74세,부상신고
2021060900100313,2021년 6월 9일 15시,수요일,경기도 용인시 기흥구 중동,경상사고,0,0,1,0,차대사람 - 기타,안전운전불이행,포장 - 건조,맑음,기타 - 기타,승용,여,66세,상해없음,보행자,여,70세,경상
2021060900100317,2021년 6월 9일 15시,수요일,경기도 광명시 철산동,부상신고사고,0,0,0,1,차대사람 - 기타,보행자보호의무위반,포장 - 건조,맑음,교차로 - 교차로횡단보도내,승용,남,32세,상해없음,보행자,남,8세,부상신고
2021060900100359,2021년 6월 9일 16시,수요일,경기도 용인시 수지구 풍덕천동,경상사고,0,0,1,0,차대사람 - 기타,교차로운행방법위반,포장 - 건조,맑음,기타 - 기타,승용,남,68세,상해없음,보행자,남,33세,경상
2021060900100380,2021년 6월 9일 16시,수요일,경기도 남양주시 화도읍,중상사고,0,1,0,0,차대사람 - 횡단중,안전운전불이행,포장 - 건조,맑음,단일로 - 기타,승용,여,47세,상해없음,보행자,여,9세,중상
2021060900100381,2021년 6월 9일 16시,수요일,경기도 포천시 일동면,경상사고,0,0,1,0,차대사람 - 기타,안전운전불이행,포장 - 건조,맑음,주차장 - 주차장,승합,남,71세,상해없음,보행자,남,24세,경상
2021060900100405,2021년 6월 9일 17시,수요일,경기도 안양시 만안구 안양동,경상사고,0,0,1,0,차대사람 - 횡단중,보행자보호의무위반,포장 - 건조,맑음,단일로 - 기타,승용,남,41세,상해없음,보행자,남,21세,경상
2021060900100440,2021년 6월 9일 17시,수요일,경기도 구리시 인창동,중상사고,0,1,0,0,차대사람 - 기타,안전운전불이행,포장 - 건조,맑음,단일로 - 기타,화물,남,53세,상해없음,보행자,여,78세,중상
2021060900100458,2021년 6월 9일 18시,수요일,경기도 여주시 현암동,중상사고,0,1,0,0,차대사람 - 횡단중,보행자보호의무위반,포장 - 건조,맑음,기타 - 기타,승합,남,62세,상해없음,보행자,남,47세,중상
2021060900100464,2021년 6월 9일 18시,수요일,경기도 부천시 춘의동,경상사고,0,0,1,0,차대사람 - 횡단중,기타,포장 - 건조,맑음,단일로 - 기타,승용,남,31세,상해없음,보행자,여,3세,경상
2021060900100469,2021년 6월 9일 18시,수요일,경기도 시흥시 정왕동,경상사고,0,0,1,0,차대사람 - 횡단중,기타,포장 - 건조,맑음,단일로 - 기타,개인형이동수단(PM),남,27세,상해없음,보행자,여,11세,경상
2021060900100470,2021년 6월 9일 18시,수요일,경기도 시흥시 신천동,경상사고,0,0,1,0,차대사람 - 기타,안전운전불이행,포장 - 건조,맑음,단일로 - 기타,승용,여,69세,상해없음,보행자,남,49세,경상
2021060900100472,2021년 6월 9일 18시,수요일,경기도 화성시 남양읍,경상사고,0,0,3,0,차대사람 - 기타,안전운전불이행,포장 - 건조,맑음,단일로 - 기타,승용,남,54세,상해없음,보행자,남,61세,경상
2021060900100475,2021년 6월 9일 18시,수요일,경기도 용인시 수지구 풍덕천동,경상사고,0,0,1,0,차대사람 - 차도통행중,안전운전불이행,포장 - 건조,맑음,단일로 - 기타,승용,여,42세,상해없음,보행자,여,20세,경상
2021060900100518,2021년 6월 9일 19시,수요일,경기도 안성시 대덕면,경상사고,0,0,1,0,차대사람 - 횡단중,안전운전불이행,포장 - 건조,맑음,단일로 - 기타,승용,여,59세,상해없음,보행자,남,8세,경상
2021060900100537,2021년 6월 9일 19시,수요일,경기도 고양시 덕양구 행신동,중상사고,0,1,0,0,차대사람 - 차도통행중,안전운전불이행,포장 - 건조,맑음,단일로 - 기타,승용,남,28세,상해없음,보행자,남,36세,중상