사고번호,사고일시,요일,시군구,사고내용,사망자수,중상자수,경상자수,부상신고자수,사고유형,법규위반,노면상태,기상상태,도로형태,가해운전자 차종,가해운전자 성별,가해운전자 연령,가해운전자 상해정도,피해운전자 차종,피해운전자 성별,피해운전자 연령,피해운전자 상해정도
2021060900100538,2021년 6월 9일 19시,수요일,경기도 고양시 덕양구 관산동,경상사고,0,0,1,0,차대사람 - 기타,안전운전불이행,포장 - 건조,맑음,단일로 - 기타,자전거,여,58세,상해없음,보행자,여,69세,경상
2021060900100540,2021년 6월 9일 19시,수요일,경기도 고양시 일산서구 주엽동,경상사고,0,0,1,0,차대사람 - 횡단중,안전운전불이행,포장 - 건조,맑음,교차로 - 교차로안,기타불명,기타불명,미분류,기타불명,보행자,남,17세,경상
2021060900100547,2021년 6월 9일 20시,수요일,경기도 용인시 기흥구 구갈동,중상사고,0,1,0,0,차대사람 - 기타,안전운전불이행,포장 - 건조,맑음,기타 - 기타,자전거,남,13세,기타불명,보행자,여,80세,중상
2021060900100548,2021년 6월 9일 20시,수요일,경기도 김포시 대곶면,경상사고,0,0,1,0,차대사람 - 길가장자리구역통행중,안전운전불이행,포장 - 건조,맑음,단일로 - 기타,승용,남,51세,상해없음,보행자,여,51세,경상
2021060900100549,2021년 6월 9일 20시,수요일,경기도 부천시 춘의동,부상신고사고,0,0,0,1,차대사람 - 기타,안전운전불이행,포장 - 건조,맑음,단일로 - 기타,승용,남,39세,상해없음,보행자,남,64세,부상신고
2021060900100573,2021년 6월 9일 20시,수요일,경기도 남양주시 별내면,중상사고,0,1,0,0,차대사람 - 차도통행중,안전운전불이행,포장 - 건조,맑음,교차로 - 교차로안,승용,남,55세,상해없음,보행자,남,55세,중상
2021060900100582,2021년 6월 9일 21시,수요일,경기도 군포시 금정동,경상사고,0,0,1,0,차대사람 - 기타,안전운전불이행,포장 - 건조,맑음,단일로 - 기타,승용,남,42세,기타불명,보행자,여,27세,경상
2021060900100609,2021년 6월 9일 22시,수요일,경기도 성남시 중원구 은행동,경상사고,0,0,1,0,차대사람 - 보도통행중,안전운전불이행,포장 - 건조,맑음,교차로 - 교차로안,승용,여,51세,상해없음,보행자,여,21세,경상
2021060900100623,2021년 6월 9일 22시,수요일,경기도 남양주시 진접읍,중상사고,0,1,0,0,차대사람 - 기타,보행자보호의무위반,포장 - 건조,맑음,교차로 - 교차로안,승용,남,24세,상해없음,보행자,남,53세,중상
2021060900100628,2021년 6월 9일 23시,수요일,경기도 부천시 상동,중상사고,0,1,0,0,차대사람 - 기타,안전운전불이행,포장 - 건조,맑음,단일로 - 기타,이륜,남,22세,상해없음,보행자,남,45세,중상
2021061000100002,2021년 6월 10일 00시,목요일,경기도 광명시 광명동,중상사고,0,1,0,0,차대사람 - 횡단중,보행자보호의무위반,포장 - 건조,맑음,단일로 - 기타,승용,여,43세,상해없음,보행자,여,74세,중상
2021061000100005,2021년 6월 10일 00시,목요일,경기도 양주시 은현면,경상사고,0,0,1,0,차대사람 - 보도통행중,신호위반,포장 - 건조,맑음,교차로 - 교차로횡단보도내,화물,남,46세,상해없음,보행자,여,18세,경상
2021061000100007,2021년 6월 10일 01시,목요일,경기도 안산시 단원구 와동,경상사고,0,0,1,0,차대사람 - 기타,안전운전불이행,포장 - 기타,기타,기타 - 기타,승용,남,50세,상해없음,보행자,남,28세,경상
2021061000100036,2021년 6월 10일 06시,목요일,경기도 부천시 중동,중상사고,0,1,0,0,차대사람 - 기타,안전운전불이행,포장 - 건조,맑음,교차로 - 교차로안,화물,남,50세,상해없음,보행자,남,65세,중상
2021061000100086,2021년 6월 10일 08시,목요일,경기도 부천시 괴안동,경상사고,0,0,1,0,차대사람 - 횡단중,보행자보호의무위반,포장 - 건조,맑음,단일로 - 기타,승용,남,28세,상해없음,보행자,여,28세,경상
2021061000100162,2021년 6월 10일 10시,목요일,경기도 광주시 역동,경상사고,0,0,1,0,차대사람 - 횡단중,보행자보호의무위반,포장 - 건조,맑음,교차로 - 교차로횡단보도내,승용,여,66세,상해없음,보행자,여,26세,경상
2021061000100164,2021년 6월 10일 10시,목요일,경기도 시흥시 정왕동,중상사고,0,1,0,0,차대사람 - 보도통행중,안전운전불이행,포장 - 건조,맑음,단일로 - 기타,승용,남,25세,상해없음,보행자,여,78세,중상
2021061000100165,2021년 6월 10일 10시,목요일,경기도 안산시 상록구 본오동,경상사고,0,0,3,0,차대사람 - 횡단중,안전운전불이행,포장 - 건조,맑음,교차로 - 교차로부근,이륜,남,53세,기타불명,보행자,여,22세,경상
2021061000100232,2021년 6월 10일 12시,목요일,경기도 용인시 기흥구 구갈동,중상사고,0,1,0,0,차대사람 - 기타,안전운전불이행,포장 - 건조,맑음,단일로 - 기타,승합,남,56세,상해없음,보행자,여,66세,중상
2021061000100237,2021년 6월 10일 12시,목요일,경기도 하남시 덕풍동,경상사고,0,0,1,0,차대사람 - 기타,안전운전불이행,포장 - 건조,맑음,기타 - 기타,기타불명,기타불명,미분류,기타불명,보행자,남,8세,경상
2021061000100269,2021년 6월 10일 13시,목요일,경기도 오산시 오산동,경상사고,0,0,1,0,차대사람 - 차도통행중,기타,포장 - 건조,맑음,교차로 - 교차로부근,이륜,남,28세,상해없음,보행자,여,37세,경상
2021061000100341,2021년 6월 10일 15시,목요일,경기도 오산시 원동,경상사고,0,0,1,0,차대사람 - 횡단중,안전운전불이행,포장 - 건조,맑음,단일로 - 기타,승합,남,50세,상해없음,보행자,남,8세,경상
2021061000100345,2021년 6월 10일 15시,목요일,경기도 안산시 상록구 월피동,경상사고,0,0,1,0,차대사람 - 기타,안전운전불이행,포장 - 건조,맑음,단일로 - 기타,승용,남,67세,상해없음,보행자,남,48세,경상
2021061000100421,2021년 6월 10일 17시,목요일,경기도 성남시 중원구 금광동,부상신고사고,0,0,0,1,차대사람 - 횡단중,안전운전불이행,포장 - 기타,기타,교차로 - 교차로횡단보도내,기타불명,기타불명,미분류,기타불명,보행자,여,7세,부상신고
2021061000100423,2021년 6월 10일 17시,목요일,경기도 화성시 영천동,경상사고,0,0,1,0,차대사람 - 횡단중,안전운전불이행,포장 - 건조,맑음,단일로 - 기타,승용,여,45세,상해없음,보행자,여,16세,경상
2021061000100449,2021년 6월 10일 17시,목요일,경기도 가평군 가평읍,경상사고,0,0,1,0,차대사람 - 차도통행중,안전운전불이행,포장 - 건조,맑음,단일로 - 기타,승용,남,72세,상해없음,보행자,여,57세,경상
2021061000100464,2021년 6월 10일 18시,목요일,경기도 부천시 춘의동,경상사고,0,0,1,0,차대사람 - 기타,안전운전불이행,포장 - 젖음/습기,비,기타 - 기타,기타불명,기타불명,미분류,기타불명,보행자,남,33세,경상
2021061000100511,2021년 6월 10일 19시,목요일,경기도 광명시 하안동,경상사고,0,0,1,0,차대사람 - 횡단중,신호위반,포장 - 젖음/습기,비,교차로 - 교차로부근,원동기,남,16세,상해없음,보행자,남,16세,경상
2021061000100528,2021년 6월 10일 19시,목요일,경기도 의정부시 의정부동,부상신고사고,0,0,0,1,차대사람 - 기타,안전운전불이행,포장 - 건조,맑음,단일로 - 기타,이륜,남,24세,부상신고,보행자,남,25세,상해없음
2021061000100580,2021년 6월 10일 21시,목요일,경기도 광명시 광명동,경상사고,0,0,1,0,차대사람 - 기타,안전운전불이행,포장 - 젖음/습기,비,교차로 - 교차로안,승용,남,66세,상해없음,보행자,남,71세,경상
2021061000100610,2021년 6월 10일 22시,목요일,경기도 오산시 금암동,경상사고,0,0,1,0,차대사람 - 기타,안전운전불이행,포장 - 젖음/습기,비,단일로 - 기타,개인형이동수단(PM),남,19세,상해없음,보행자,남,39세,경상
2021061000100611,2021년 6월 10일 22시,목요일,경기도 성남시 분당구 야탑동,중상사고,0,1,0,0,차대사람 - 기타,안전운전불이행,포장 - 젖음/습기,비,단일로 - 기타,승용,여,60세,상해없음,보행자,남,72세,중상
2021061000100630,2021년 6월 10일 22시,목요일,경기도 고양시 덕양구 행신동,경상사고,0,0,1,0,차대사람 - 기타,안전운전불이행,포장 - 젖음/습기,비,단일로 - 기타,개인형이동수단(PM),기타불명,미분류,기타불명,보행자,남,22세,경상
2021061000100632,2021년 6월 10일 22시,목요일,경기도 동두천시 지행동,경상사고,0,0,1,0,차대사람 - 횡단중,보행자보호의무위반,포장 - 젖음/습기,비,교차로 - 교차로횡단보도내,개인형이동수단(PM),남,23세,상해없음,보행자,여,23세,경상
2021061000100642,2021년 6월 10일 23시,목요일,경기도 이천시 대월면,경상사고,0,0,1,0,차대사람 - 기타,안전운전불이행,포장 - 젖음/습기,비,단일로 - 기타,승용,남,20세,상해없음,보행자,남,16세,경상
2021061000100646,2021년 6월 10일 23시,목요일,경기도 안양시 만안구 안양동,중상사고,0,1,0,0,차대사람 - 기타,안전운전불이행,포장 - 젖음/습기,비,교차로 - 교차로안,승용,남,58세,상해없음,보행자,남,53세,중상
2021061000100656,2021년 6월 10일 23시,목요일,경기도 파주시 야당동,중상사고,0,1,0,0,차대사람 - 횡단중,안전운전불이행,포장 - 젖음/습기,비,단일로 - 기타,승용,남,78세,상해없음,보행자,남,57세,중상
2021061100100035,2021년 6월 11일 03시,금요일,경기도 동두천시 지행동,경상사고,0,0,1,0,차대사람 - 차도통행중,안전운전불이행,포장 - 건조,맑음,단일로 - 기타,승용,여,64세,기타불명,보행자,여,52세,경상
2021061100100086,2021년 6월 11일 08시,금요일,경기도 김포시 양촌읍,경상사고,0,0,1,0,차대사람 - 길가장자리구역통행중,안전운전불이행,포장 - 건조,맑음,단일로 - 기타,승용,남,50세,상해없음,보행자,남,47세,경상
2021061100100088,2021년 6월 11일 08시,금요일,경기도 성남시 분당구 동원동,중상사고,0,1,0,0,차대사람 - 기타,안전운전불이행,포장 - 건조,맑음,단일로 - 기타,승용,남,47세,상해없음,보행자,남,13세,중상
2021061100100091,2021년 6월 11일 08시,금요일,경기도 안산시 상록구 일동,경상사고,0,0,1,0,차대사람 - 보도통행중,보행자보호의무위반,포장 - 건조,맑음,교차로 - 교차로횡단보도내,승용,남,65세,상해없음,보행자,여,6세,경상
2021061100100115,2021년 6월 11일 08시,금요일,경기도 의정부시 신곡동,경상사고,0,0,1,0,차대사람 - 기타,안전운전불이행,포장 - 건조,맑음,단일로 - 기타,승용,여,61세,상해없음,보행자,남,16세,경상
2021061100100173,2021년 6월 11일 10시,금요일,경기도 고양시 일산서구 주엽동,경상사고,0,0,1,0,차대사람 - 기타,신호위반,포장 - 건조,맑음,교차로 - 교차로횡단보도내,승용,여,42세,상해없음,보행자,남,79세,경상
2021061100100188,2021년 6월 11일 11시,금요일,경기도 김포시 북변동,중상사고,0,1,0,0,차대사람 - 횡단중,보행자보호의무위반,포장 - 건조,맑음,교차로 - 교차로안,승합,남,26세,상해없음,보행자,여,48세,중상
2021061100100219,2021년 6월 11일 12시,금요일,경기도 김포시 북변동,부상신고사고,0,0,0,1,차대사람 - 기타,안전운전불이행,포장 - 기타,맑음,단일로 - 기타,자전거,여,28세,상해없음,보행자,남,8세,부상신고
2021061100100220,2021년 6월 11일 12시,금요일,경기도 광명시 광명동,경상사고,0,0,1,0,차대사람 - 차도통행중,안전운전불이행,포장 - 건조,맑음,교차로 - 교차로부근,승용,여,55세,상해없음,보행자,남,52세,경상
2021061100100287,2021년 6월 11일 14시,금요일,경기도 이천시 안흥동,경상사고,0,0,1,0,차대사람 - 보도통행중,기타,포장 - 건조,맑음,단일로 - 기타,자전거,남,13세,기타불명,보행자,남,32세,경상
2021061100100288,2021년 6월 11일 14시,금요일,경기도 부천시 심곡본동,경상사고,0,0,1,0,차대사람 - 횡단중,신호위반,포장 - 건조,맑음,교차로 - 교차로횡단보도내,승용,여,42세,기타불명,보행자,남,75세,경상
2021061100100330,2021년 6월 11일 15시,금요일,경기도 평택시 서정동,중상사고,0,1,0,0,차대사람 - 기타,안전운전불이행,포장 - 건조,맑음,교차로 - 교차로부근,승합,남,55세,상해없음,보행자,여,79세,중상
2021061100100401,2021년 6월 11일 17시,금요일,경기도 수원시 장안구 파장동,경상사고,0,0,1,0,차대사람 - 기타,안전운전불이행,포장 - 건조,맑음,단일로 - 기타,승용,남,37세,상해없음,보행자,남,53세,경상
2021061100100437,2021년 6월 11일 17시,금요일,경기도 양주시 회정동,경상사고,0,0,1,0,차대사람 - 기타,안전운전불이행,포장 - 건조,맑음,단일로 - 기타,승합,남,59세,상해없음,보행자,여,68세,경상
2021061100100450,2021년 6월 11일 18시,금요일,경기도 부천시 송내동,경상사고,0,0,1,0,차대사람 - 횡단중,안전운전불이행,포장 - 건조,맑음,단일로 - 기타,승용,여,47세,상해없음,보행자,남,9세,경상
2021061100100452,2021년 6월 11일 18시,금요일,경기도 수원시 영통구 매탄동,중상사고,0,1,0,0,차대사람 - 횡단중,기타,포장 - 건조,맑음,단일로 - 기타,화물,남,49세,상해없음,보행자,남,7세,중상
2021061100100460,2021년 6월 11일 18시,금요일,경기도 화성시 진안동,중상사고,0,1,0,0,차대사람 - 기타,안전운전불이행,포장 - 건조,맑음,교차로 - 교차로부근,승용,여,42세,상해없음,보행자,남,24세,중상
2021061100100502,2021년 6월 11일 19시,금요일,경기도 수원시 팔달구 우만동,경상사고,0,0,1,0,차대사람 - 기타,신호위반,포장 - 건조,맑음,교차로 - 교차로부근,이륜,남,54세,상해없음,보행자,여,47세,경상
2021061100100529,2021년 6월 11일 19시,금요일,경기도 파주시 아동동,중상사고,0,1,0,0,차대사람 - 횡단중,안전운전불이행,포장 - 건조,맑음,단일로 - 기타,승용,남,26세,상해없음,보행자,남,33세,중상
2021061100100573,2021년 6월 11일 21시,금요일,경기도 부천시 역곡동,경상사고,0,0,1,0,차대사람 - 횡단중,신호위반,포장 - 건조,맑음,교차로 - 교차로횡단보도내,승용,남,64세,상해없음,보행자,여,26세,경상
2021061100100598,2021년 6월 11일 22시,금요일,경기도 성남시 수정구 고등동,경상사고,0,0,1,0,차대사람 - 기타,신호위반,포장 - 건조,맑음,교차로 - 교차로안,승용,남,35세,상해없음,보행자,여,31세,경상
2021061100100619,2021년 6월 11일 22시,금요일,경기도 의정부시 호원동,중상사고,0,1,0,0,차대사람 - 기타,안전운전불이행,포장 - 건조,맑음,교차로 - 교차로부근,자전거,남,49세,상해없음,보행자,여,70세,중상
2021061100100633,2021년 6월 11일 23시,금요일,경기도 평택시 지산동,경상사고,0,0,1,0,차대사람 - 기타,안전운전불이행,포장 - 건조,맑음,기타 - 기타,승용,남,62세,상해없음,보행자,남,39세,경상
2021061100100634,2021년 6월 11일 23시,금요일,경기도 용인시 기흥구 신갈동,중상사고,0,1,1,0,차대사람 - 횡단중,안전운전불이행,포장 - 건조,맑음,단일로 - 기타,이륜,남,28세,경상,보행자,남,35세,중상
2021061100100646,2021년 6월 11일 23시,금요일,경기도 고양시 일산동구 중산동,부상신고사고,0,0,0,1,차대사람 - 보도통행중,안전운전불이행,포장 - 건조,맑음,단일로 - 기타,자전거,남,19세,상해없음,보행자,남,52세,부상신고
2021061200100125,2021년 6월 12일 09시,토요일,경기도 파주시 와동동,경상사고,0,0,1,0,차대사람 - 기타,안전운전불이행,포장 - 건조,맑음,단일로 - 기타,승용,남,51세,상해없음,보행자,남,31세,경상
2021061200100127,2021년 6월 12일 09시,토요일,경기도 고양시 일산서구 대화동,경상사고,0,0,1,0,차대사람 - 횡단중,신호위반,포장 - 건조,맑음,단일로 - 기타,승용,남,71세,상해없음,보행자,남,55세,경상
2021061200100128,2021년 6월 12일 09시,토요일,경기도 남양주시 진접읍,경상사고,0,0,1,0,차대사람 - 기타,안전운전불이행,포장 - 건조,맑음,단일로 - 기타,승용,남,61세,상해없음,보행자,남,82세,경상
2021061200100141,2021년 6월 12일 10시,토요일,경기도 부천시 역곡동,중상사고,0,1,0,0,차대사람 - 기타,안전운전불이행,포장 - 건조,맑음,단일로 - 기타,승용,여,46세,상해없음,보행자,여,64세,중상
2021061200100211,2021년 6월 12일 11시,토요일,경기도 가평군 상면,경상사고,0,0,2,0,차대사람 - 기타,안전운전불이행,포장 - 건조,맑음,주차장 - 주차장,승용,남,70세,상해없음,보행자,여,66세,경상
2021061200100259,2021년 6월 12일 13시,토요일,경기도 수원시 팔달구 화서동,경상사고,0,0,1,0,차대사람 - 기타,안전운전불이행,포장 - 건조,맑음,교차로 - 교차로안,승용,여,54세,상해없음,보행자,남,58세,경상
2021061200100350,2021년 6월 12일 15시,토요일,경기도 부천시 송내동,중상사고,0,1,0,0,차대사람 - 기타,안전운전불이행,포장 - 건조,맑음,단일로 - 기타,승용,여,23세,기타불명,보행자,남,53세,중상
2021061200100353,2021년 6월 12일 15시,토요일,경기도 수원시 영통구 매탄동,경상사고,0,0,1,0,차대사람 - 기타,기타,포장 - 건조,맑음,단일로 - 기타,승합,남,60세,상해없음,보행자,여,50세,경상
2021061200100355,2021년 6월 12일 15시,토요일,경기도 시흥시 정왕동,경상사고,0,0,1,0,차대사람 - 차도통행중,기타,포장 - 건조,맑음,기타 - 기타,승용,남,30세,상해없음,보행자,여,11세,경상
2021061200100567,2021년 6월 12일 21시,토요일,경기도 군포시 산본동,경상사고,0,0,1,0,차대사람 - 횡단중,신호위반,포장 - 건조,흐림,교차로 - 교차로안,이륜,남,36세,상해없음,보행자,여,31세,경상
2021061200100590,2021년 6월 12일 22시,토요일,경기도 평택시 합정동,경상사고,0,0,1,0,차대사람 - 기타,안전운전불이행,포장 - 건조,맑음,단일로 - 기타,승용,여,23세,상해없음,보행자,남,51세,경상
2021061200100608,2021년 6월 12일 22시,토요일,경기도 고양시 덕양구 행신동,경상사고,0,0,1,0,차대사람 - 기타,안전운전불이행,포장 - 건조,맑음,단일로 - 기타,자전거,남,16세,상해없음,보행자,남,40세,경상
2021061200100627,2021년 6월 12일 23시,토요일,경기도 파주시 목동동,경상사고,0,0,1,0,차대사람 - 횡단중,안전운전불이행,포장 - 건조,맑음,교차로 - 교차로횡단보도내,승용,남,46세,상해없음,보행자,남,58세,경상
2021061300100045,2021년 6월 13일 06시,일요일,경기도 의정부시 신곡동,경상사고,0,0,1,0,차대사람 - 기타,안전운전불이행,포장 - 건조,맑음,기타 - 기타,승용,여,41세,상해없음,보행자,여,45세,경상
2021061300100047,2021년 6월 13일 07시,일요일,경기도 안산시 상록구 일동,경상사고,0,0,1,0,차대사람 - 기타,안전운전불이행,포장 - 건조,맑음,단일로 - 기타,승용,여,34세,상해없음,보행자,남,76세,경상
2021061300100065,2021년 6월 13일 09시,일요일,경기도 군포시 산본동,경상사고,0,0,1,0,차대사람 - 기타,안전운전불이행,포장 - 건조,맑음,단일로 - 기타,승용,여,44세,상해없음,보행자,여,51세,경상
2021061300100100,2021년 6월 13일 11시,일요일,경기도 수원시 장안구 연무동,중상사고,0,1,0,0,차대사람 - 기타,안전운전불이행,포장 - 건조,맑음,교차로 - 교차로안,승용,남,72세,상해없음,보행자,여,67세,중상
2021061300100101,2021년 6월 13일 11시,일요일,경기도 성남시 분당구 구미동,중상사고,0,1,0,0,차대사람 - 기타,안전운전불이행,포장 - 기타,맑음,기타 - 기타,자전거,남,26세,상해없음,보행자,여,55세,중상
2021061300100170,2021년 6월 13일 13시,일요일,경기도 안산시 단원구 고잔동,중상사고,0,1,0,0,차대사람 - 기타,보행자보호의무위반,포장 - 기타,기타,교차로 - 교차로부근,개인형이동수단(PM),남,16세,상해없음,보행자,여,79세,중상
2021061300100190,2021년 6월 13일 13시,일요일,경기도 남양주시 진접읍,경상사고,0,0,1,0,차대사람 - 기타,안전운전불이행,포장 - 건조,맑음,단일로 - 기타,화물,남,62세,상해없음,보행자,여,53세,경상
2021061300100201,2021년 6월 13일 14시,일요일,경기도 양평군 양평읍,부상신고사고,0,0,0,1,차대사람 - 기타,안전운전불이행,포장 - 건조,맑음,단일로 - 기타,이륜,남,19세,상해없음,보행자,남,47세,부상신고
2021061300100207,2021년 6월 13일 14시,일요일,경기도 부천시 고강동,경상사고,0,0,1,0,차대사람 - 기타,안전운전불이행,포장 - 건조,맑음,단일로 - 기타,승용,남,32세,상해없음,보행자,남,12세,경상
2021061300100248,2021년 6월 13일 15시,일요일,경기도 화성시 팔탄면,중상사고,0,1,0,0,차대사람 - 기타,안전운전불이행,포장 - 건조,맑음,주차장 - 주차장,승용,남,37세,상해없음,보행자,여,62세,중상
2021061300100316,2021년 6월 13일 17시,일요일,경기도 수원시 장안구 정자동,경상사고,0,0,1,0,차대사람 - 기타,안전운전불이행,포장 - 건조,맑음,기타 - 기타,개인형이동수단(PM),남,22세,상해없음,보행자,여,6세,경상
2021061300100337,2021년 6월 13일 17시,일요일,경기도 남양주시 진접읍,경상사고,0,0,1,0,차대사람 - 기타,안전운전불이행,포장 - 건조,맑음,단일로 - 기타,개인형이동수단(PM),남,15세,상해없음,보행자,여,30세,경상
2021061300100370,2021년 6월 13일 18시,일요일,경기도 가평군 북면,중상사고,0,1,0,0,차대사람 - 횡단중,안전운전불이행,포장 - 건조,맑음,단일로 - 기타,승용,남,21세,상해없음,보행자,남,93세,중상
2021061300100436,2021년 6월 13일 21시,일요일,경기도 여주시 가남읍,경상사고,0,0,1,0,차대사람 - 기타,불법유턴,포장 - 건조,맑음,주차장 - 주차장,화물,남,69세,상해없음,보행자,여,62세,경상
2021061300100456,2021년 6월 13일 22시,일요일,경기도 평택시 지산동,경상사고,0,0,1,0,차대사람 - 횡단중,안전운전불이행,포장 - 건조,맑음,교차로 - 교차로안,이륜,남,19세,상해없음,보행자,남,37세,경상
2021061400100002,2021년 6월 14일 00시,월요일,경기도 부천시 원미동,중상사고,0,1,0,0,차대사람 - 차도통행중,과속,포장 - 건조,맑음,단일로 - 기타,승용,남,51세,상해없음,보행자,남,42세,중상
2021061400100045,2021년 6월 14일 07시,월요일,경기도 광주시 삼동,경상사고,0,0,1,0,차대사람 - 기타,안전운전불이행,포장 - 건조,맑음,기타 - 기타,승용,여,54세,기타불명,보행자,여,31세,경상
2021061400100078,2021년 6월 14일 08시,월요일,경기도 용인시 기흥구 보라동,중상사고,0,1,0,0,차대사람 - 기타,안전운전불이행,포장 - 건조,맑음,교차로 - 교차로안,승용,여,40세,상해없음,보행자,여,51세,중상
2021061400100079,2021년 6월 14일 08시,월요일,경기도 김포시 구래동,경상사고,0,0,1,0,차대사람 - 횡단중,보행자보호의무위반,포장 - 건조,맑음,교차로 - 교차로횡단보도내,승용,남,46세,상해없음,보행자,남,60세,경상
2021061400100080,2021년 6월 14일 08시,월요일,경기도 김포시 장기동,경상사고,0,0,1,0,차대사람 - 기타,안전운전불이행,포장 - 기타,맑음,단일로 - 기타,승용,남,42세,상해없음,보행자,여,12세,경상
2021061400100085,2021년 6월 14일 08시,월요일,경기도 안산시 상록구 부곡동,경상사고,0,0,1,0,차대사람 - 차도통행중,안전운전불이행,포장 - 건조,맑음,단일로 - 기타,화물,남,53세,상해없음,보행자,여,63세,경상
2021061400100127,2021년 6월 14일 09시,월요일,경기도 하남시 춘궁동,중상사고,0,1,0,0,차대사람 - 기타,불법유턴,포장 - 건조,맑음,단일로 - 기타,화물,남,67세,상해없음,보행자,남,87세,중상
2021061400100157,2021년 6월 14일 10시,월요일,경기도 수원시 장안구 천천동,경상사고,0,0,1,0,차대사람 - 횡단중,보행자보호의무위반,포장 - 건조,맑음,교차로 - 교차로횡단보도내,승합,남,63세,상해없음,보행자,여,62세,경상
2021061400100159,2021년 6월 14일 10시,월요일,경기도 용인시 처인구 모현읍,부상신고사고,0,0,0,1,차대사람 - 기타,안전운전불이행,포장 - 건조,맑음,단일로 - 기타,승용,남,69세,상해없음,보행자,남,69세,부상신고
2021061400100164,2021년 6월 14일 10시,월요일,경기도 부천시 고강동,중상사고,0,1,0,0,차대사람 - 횡단중,보행자보호의무위반,포장 - 건조,맑음,교차로 - 교차로횡단보도내,승용,여,60세,상해없음,보행자,남,71세,중상
2021061400100248,2021년 6월 14일 12시,월요일,경기도 의정부시 고산동,중상사고,0,1,0,0,차대사람 - 기타,신호위반,포장 - 건조,맑음,교차로 - 교차로안,화물,남,45세,상해없음,보행자,남,48세,중상
2021061400100290,2021년 6월 14일 13시,월요일,경기도 연천군 전곡읍,중상사고,0,1,0,0,차대사람 - 횡단중,안전운전불이행,포장 - 건조,맑음,단일로 - 지하차도(도로)내,승용,남,54세,기타불명,보행자,여,43세,중상
2021061400100307,2021년 6월 14일 14시,월요일,경기도 하남시 춘궁동,경상사고,0,0,1,0,차대사람 - 기타,안전운전불이행,포장 - 건조,맑음,단일로 - 기타,화물,남,60세,상해없음,보행자,남,27세,경상
2021061400100330,2021년 6월 14일 14시,월요일,경기도 남양주시 평내동,경상사고,0,0,1,0,차대사람 - 길가장자리구역통행중,안전운전불이행,포장 - 건조,맑음,단일로 - 기타,승용,여,59세,상해없음,보행자,남,47세,경상
2021061400100349,2021년 6월 14일 15시,월요일,경기도 수원시 영통구 매탄동,경상사고,0,0,1,0,차대사람 - 횡단중,안전운전불이행,포장 - 건조,맑음,기타 - 기타,승용,여,55세,상해없음,보행자,남,8세,경상
2021061400100370,2021년 6월 14일 16시,월요일,경기도 수원시 팔달구 지동,중상사고,0,1,0,0,차대사람 - 기타,안전운전불이행,포장 - 건조,맑음,단일로 - 기타,이륜,남,24세,상해없음,보행자,여,4세,중상
2021061400100415,2021년 6월 14일 17시,월요일,경기도 평택시 서정동,경상사고,0,0,1,0,차대사람 - 기타,안전운전불이행,포장 - 건조,맑음,단일로 - 기타,승합,남,63세,상해없음,보행자,여,69세,경상
2021061400100417,2021년 6월 14일 17시,월요일,경기도 안산시 단원구 신길동,중상사고,0,1,0,0,차대사람 - 횡단중,안전운전불이행,포장 - 건조,맑음,교차로 - 교차로부근,승용,남,44세,상해없음,보행자,여,32세,중상
2021061400100510,2021년 6월 14일 19시,월요일,경기도 성남시 분당구 백현동,중상사고,0,1,0,0,차대사람 - 기타,보행자보호의무위반,포장 - 건조,맑음,교차로 - 교차로횡단보도내,승용,여,42세,상해없음,보행자,남,45세,중상
2021061400100511,2021년 6월 14일 19시,월요일,경기도 성남시 분당구 백현동,경상사고,0,0,1,0,차대사람 - 기타,안전운전불이행,포장 - 기타,맑음,단일로 - 기타,자전거,여,18세,기타불명,보행자,남,27세,경상
2021061400100532,2021년 6월 14일 20시,월요일,경기도 오산시 궐동,경상사고,0,0,1,0,차대사람 - 횡단중,신호위반,포장 - 건조,맑음,교차로 - 교차로횡단보도내,승용,남,21세,상해없음,보행자,여,14세,경상
2021061400100553,2021년 6월 14일 21시,월요일,경기도 수원시 팔달구 매산로2가,경상사고,0,0,1,0,차대사람 - 횡단중,안전운전불이행,포장 - 건조,맑음,단일로 - 기타,승합,남,54세,상해없음,보행자,남,25세,경상
2021061400100574,2021년 6월 14일 22시,월요일,경기도 안산시 단원구 고잔동,경상사고,0,0,1,0,차대사람 - 길가장자리구역통행중,안전운전불이행,포장 - 건조,맑음,단일로 - 기타,승용,남,26세,상해없음,보행자,남,27세,경상
2021061400100584,2021년 6월 14일 22시,월요일,경기도 파주시 탄현면,경상사고,0,0,1,0,차대사람 - 횡단중,과속,포장 - 건조,맑음,교차로 - 교차로부근,승용,남,62세,상해없음,보행자,여,15세,경상
2021061500100068,2021년 6월 15일 08시,화요일,경기도 용인시 처인구 모현읍,중상사고,0,1,2,1,차대사람 - 차도통행중,안전운전불이행,포장 - 건조,맑음,단일로 - 기타,승합,남,46세,상해없음,보행자,여,47세,경상
2021061500100070,2021년 6월 15일 08시,화요일,경기도 양평군 양서면,경상사고,0,0,1,0,차대사람 - 기타,안전운전불이행,포장 - 건조,맑음,단일로 - 기타,화물,남,57세,상해없음,보행자,남,58세,경상