사고번호,사고일시,요일,시군구,사고내용,사망자수,중상자수,경상자수,부상신고자수,사고유형,법규위반,노면상태,기상상태,도로형태,가해운전자 차종,가해운전자 성별,가해운전자 연령,가해운전자 상해정도,피해운전자 차종,피해운전자 성별,피해운전자 연령,피해운전자 상해정도
2021062000100319,2021년 6월 20일 16시,일요일,경기도 남양주시 별내동,경상사고,0,0,1,0,차대사람 - 기타,안전운전불이행,포장 - 건조,맑음,단일로 - 기타,승용,남,52세,상해없음,보행자,남,55세,경상
2021062000100333,2021년 6월 20일 17시,일요일,경기도 안산시 단원구 선부동,중상사고,0,1,0,0,차대사람 - 기타,안전운전불이행,포장 - 건조,맑음,단일로 - 기타,자전거,남,64세,상해없음,보행자,여,45세,중상
2021062000100362,2021년 6월 20일 18시,일요일,경기도 평택시 서정동,경상사고,0,0,1,0,차대사람 - 길가장자리구역통행중,안전운전불이행,포장 - 건조,맑음,단일로 - 기타,승용,남,36세,상해없음,보행자,남,35세,경상
2021062000100366,2021년 6월 20일 18시,일요일,경기도 시흥시 은행동,경상사고,0,0,1,0,차대사람 - 기타,신호위반,포장 - 건조,맑음,교차로 - 교차로안,이륜,남,20세,상해없음,보행자,여,12세,경상
2021062000100370,2021년 6월 20일 18시,일요일,경기도 용인시 수지구 풍덕천동,중상사고,0,1,0,0,차대사람 - 기타,기타,포장 - 건조,맑음,단일로 - 기타,승합,남,61세,상해없음,보행자,여,65세,중상
2021062000100399,2021년 6월 20일 19시,일요일,경기도 평택시 신장동,경상사고,0,0,1,0,차대사람 - 기타,안전운전불이행,포장 - 건조,맑음,단일로 - 기타,승용,여,44세,상해없음,보행자,여,2세,경상
2021062000100416,2021년 6월 20일 19시,일요일,경기도 고양시 일산동구 중산동,경상사고,0,0,3,0,차대사람 - 보도통행중,안전운전불이행,포장 - 건조,맑음,단일로 - 기타,자전거,여,10세,경상,보행자,여,18세,경상
2021062000100429,2021년 6월 20일 20시,일요일,경기도 안산시 단원구 고잔동,경상사고,0,0,1,0,차대사람 - 기타,안전운전불이행,포장 - 건조,맑음,단일로 - 기타,기타불명,기타불명,미분류,기타불명,보행자,남,20세,경상
2021062000100445,2021년 6월 20일 20시,일요일,경기도 고양시 일산동구 백석동,경상사고,0,0,1,0,차대사람 - 횡단중,보행자보호의무위반,포장 - 건조,맑음,단일로 - 기타,승용,남,48세,상해없음,보행자,남,62세,경상
2021062000100498,2021년 6월 20일 23시,일요일,경기도 고양시 일산동구 백석동,경상사고,0,0,1,0,차대사람 - 횡단중,보행자보호의무위반,포장 - 건조,맑음,단일로 - 기타,화물,남,33세,상해없음,보행자,여,21세,경상
2021062100100054,2021년 6월 21일 07시,월요일,경기도 광명시 광명동,중상사고,0,1,0,0,차대사람 - 기타,안전운전불이행,포장 - 건조,맑음,기타 - 기타,승용,남,57세,상해없음,보행자,여,74세,중상
2021062100100088,2021년 6월 21일 08시,월요일,경기도 안산시 단원구 신길동,중상사고,0,1,0,0,차대사람 - 기타,신호위반,포장 - 건조,맑음,교차로 - 교차로안,화물,남,56세,상해없음,보행자,남,66세,중상
2021062100100089,2021년 6월 21일 08시,월요일,경기도 수원시 권선구 세류동,중상사고,0,1,0,0,차대사람 - 횡단중,보행자보호의무위반,포장 - 건조,맑음,교차로 - 교차로안,화물,남,38세,상해없음,보행자,여,78세,중상
2021062100100153,2021년 6월 21일 09시,월요일,경기도 포천시 신북면,경상사고,0,0,1,0,차대사람 - 기타,안전운전불이행,포장 - 건조,맑음,단일로 - 기타,건설기계,남,64세,상해없음,보행자,여,75세,경상
2021062100100212,2021년 6월 21일 11시,월요일,경기도 화성시 반월동,경상사고,0,0,1,0,차대사람 - 기타,안전운전불이행,포장 - 건조,맑음,단일로 - 기타,승용,여,52세,상해없음,보행자,남,27세,경상
2021062100100225,2021년 6월 21일 11시,월요일,경기도 파주시 아동동,경상사고,0,0,1,0,차대사람 - 길가장자리구역통행중,안전운전불이행,포장 - 건조,맑음,단일로 - 기타,승용,남,40세,상해없음,보행자,여,80세,경상
2021062100100242,2021년 6월 21일 12시,월요일,경기도 화성시 향남읍,중상사고,0,1,0,0,차대사람 - 기타,안전운전불이행,포장 - 건조,맑음,단일로 - 기타,승합,남,44세,상해없음,보행자,여,78세,중상
2021062100100262,2021년 6월 21일 12시,월요일,경기도 의정부시 가능동,중상사고,0,1,0,0,차대사람 - 횡단중,안전운전불이행,포장 - 건조,맑음,교차로 - 교차로횡단보도내,승용,여,46세,상해없음,보행자,남,25세,중상
2021062100100275,2021년 6월 21일 13시,월요일,경기도 광명시 하안동,경상사고,0,0,1,0,차대사람 - 기타,신호위반,포장 - 건조,맑음,단일로 - 기타,승용,남,47세,상해없음,보행자,여,65세,경상
2021062100100287,2021년 6월 21일 13시,월요일,경기도 의정부시 가능동,경상사고,0,0,1,0,차대사람 - 횡단중,안전운전불이행,포장 - 건조,맑음,단일로 - 기타,승용,남,60세,상해없음,보행자,여,34세,경상
2021062100100302,2021년 6월 21일 14시,월요일,경기도 부천시 내동,경상사고,0,0,1,0,차대사람 - 횡단중,안전운전불이행,포장 - 건조,맑음,교차로 - 교차로안,승용,남,45세,상해없음,보행자,여,66세,경상
2021062100100398,2021년 6월 21일 16시,월요일,경기도 부천시 중동,경상사고,0,0,1,0,차대사람 - 횡단중,보행자보호의무위반,포장 - 건조,맑음,교차로 - 교차로횡단보도내,승용,남,60세,상해없음,보행자,남,34세,경상
2021062100100400,2021년 6월 21일 16시,월요일,경기도 성남시 분당구 이매동,부상신고사고,0,0,0,2,차대사람 - 기타,안전운전불이행,포장 - 건조,맑음,기타 - 기타,자전거,남,13세,상해없음,보행자,여,72세,부상신고
2021062100100432,2021년 6월 21일 16시,월요일,경기도 포천시 신읍동,경상사고,0,0,2,0,차대사람 - 횡단중,안전운전불이행,포장 - 건조,맑음,단일로 - 기타,승용,여,66세,경상,보행자,여,8세,경상
2021062100100443,2021년 6월 21일 17시,월요일,경기도 수원시 팔달구 우만동,경상사고,0,0,1,0,차대사람 - 기타,안전운전불이행,포장 - 건조,맑음,교차로 - 교차로안,화물,남,49세,상해없음,보행자,여,46세,경상
2021062100100445,2021년 6월 21일 17시,월요일,경기도 광주시 회덕동,경상사고,0,0,1,0,차대사람 - 횡단중,보행자보호의무위반,포장 - 건조,기타,교차로 - 교차로안,승용,남,24세,상해없음,보행자,여,39세,경상
2021062100100498,2021년 6월 21일 18시,월요일,경기도 부천시 도당동,부상신고사고,0,0,0,1,차대사람 - 횡단중,신호위반,포장 - 건조,맑음,교차로 - 교차로안,이륜,남,40세,상해없음,보행자,남,16세,부상신고
2021062100100499,2021년 6월 21일 18시,월요일,경기도 광명시 소하동,경상사고,0,0,1,0,차대사람 - 기타,안전운전불이행,포장 - 건조,맑음,단일로 - 기타,화물,남,41세,상해없음,보행자,남,15세,경상
2021062100100533,2021년 6월 21일 18시,월요일,경기도 의정부시 용현동,경상사고,0,0,1,0,차대사람 - 기타,안전운전불이행,포장 - 건조,맑음,교차로 - 교차로부근,화물,남,63세,상해없음,보행자,남,46세,경상
2021062100100544,2021년 6월 21일 19시,월요일,경기도 부천시 괴안동,경상사고,0,0,1,0,차대사람 - 횡단중,안전운전불이행,포장 - 건조,맑음,교차로 - 교차로부근,이륜,남,73세,상해없음,보행자,남,24세,경상
2021062100100545,2021년 6월 21일 19시,월요일,경기도 오산시 수청동,경상사고,0,0,1,0,차대사람 - 보도통행중,기타,포장 - 건조,맑음,단일로 - 기타,개인형이동수단(PM),남,22세,상해없음,보행자,남,28세,경상
2021062100100598,2021년 6월 21일 20시,월요일,경기도 포천시 일동면,경상사고,0,0,2,0,차대사람 - 횡단중,보행자보호의무위반,포장 - 젖음/습기,비,교차로 - 교차로횡단보도내,승용,여,55세,상해없음,보행자,남,67세,경상
2021062100100630,2021년 6월 21일 22시,월요일,경기도 수원시 권선구 세류동,경상사고,0,0,1,0,차대사람 - 기타,안전운전불이행,포장 - 건조,맑음,단일로 - 기타,화물,남,52세,상해없음,보행자,남,26세,경상
2021062100100649,2021년 6월 21일 23시,월요일,경기도 하남시 덕풍동,중상사고,0,1,0,0,차대사람 - 기타,안전운전불이행,포장 - 건조,맑음,단일로 - 기타,승용,여,42세,상해없음,보행자,남,51세,중상
2021062100100658,2021년 6월 21일 23시,월요일,경기도 의정부시 금오동,경상사고,0,0,1,0,차대사람 - 횡단중,신호위반,포장 - 건조,맑음,교차로 - 교차로횡단보도내,승용,여,48세,상해없음,보행자,남,31세,경상
2021062200100009,2021년 6월 22일 00시,화요일,경기도 고양시 덕양구 성사동,경상사고,0,0,1,0,차대사람 - 차도통행중,안전운전불이행,포장 - 건조,맑음,교차로 - 교차로부근,승용,남,28세,상해없음,보행자,남,20세,경상
2021062200100024,2021년 6월 22일 04시,화요일,경기도 광명시 소하동,경상사고,0,0,1,0,차대사람 - 기타,교차로운행방법위반,포장 - 건조,맑음,교차로 - 교차로부근,승용,여,51세,상해없음,보행자,남,68세,경상
2021062200100044,2021년 6월 22일 07시,화요일,경기도 광주시 장지동,중상사고,0,1,0,0,차대사람 - 횡단중,신호위반,포장 - 건조,맑음,교차로 - 교차로횡단보도내,승용,여,44세,상해없음,보행자,여,59세,중상
2021062200100049,2021년 6월 22일 07시,화요일,경기도 수원시 권선구 구운동,경상사고,0,0,1,0,차대사람 - 기타,기타,포장 - 건조,맑음,단일로 - 기타,승합,남,58세,상해없음,보행자,여,79세,경상
2021062200100083,2021년 6월 22일 08시,화요일,경기도 김포시 고촌읍,중상사고,0,1,0,0,차대사람 - 기타,안전운전불이행,포장 - 건조,맑음,교차로 - 교차로횡단보도내,승용,남,31세,상해없음,보행자,남,60세,중상
2021062200100089,2021년 6월 22일 08시,화요일,경기도 용인시 수지구 동천동,경상사고,0,0,1,0,차대사람 - 기타,안전운전불이행,포장 - 건조,맑음,단일로 - 기타,승용,남,56세,상해없음,보행자,여,47세,경상
2021062200100128,2021년 6월 22일 09시,화요일,경기도 시흥시 정왕동,중상사고,0,1,0,0,차대사람 - 차도통행중,안전운전불이행,포장 - 건조,맑음,교차로 - 교차로안,승용,남,22세,상해없음,보행자,여,56세,중상
2021062200100151,2021년 6월 22일 09시,화요일,경기도 고양시 덕양구 행신동,사망사고,1,0,0,0,차대사람 - 횡단중,보행자보호의무위반,포장 - 건조,맑음,교차로 - 교차로안,화물,남,68세,상해없음,보행자,여,65세,사망
2021062200100159,2021년 6월 22일 10시,화요일,경기도 성남시 중원구 하대원동,중상사고,0,1,0,0,차대사람 - 길가장자리구역통행중,안전운전불이행,포장 - 건조,맑음,단일로 - 기타,화물,남,57세,상해없음,보행자,남,33세,중상
2021062200100160,2021년 6월 22일 10시,화요일,경기도 성남시 분당구 서현동,경상사고,0,0,1,0,차대사람 - 기타,보행자보호의무위반,포장 - 건조,맑음,교차로 - 교차로횡단보도내,승용,남,60세,상해없음,보행자,남,60세,경상
2021062200100189,2021년 6월 22일 11시,화요일,경기도 안산시 상록구 건건동,경상사고,0,0,1,0,차대사람 - 기타,안전운전불이행,포장 - 건조,맑음,교차로 - 교차로부근,승용,남,41세,상해없음,보행자,여,80세,경상
2021062200100226,2021년 6월 22일 11시,화요일,경기도 파주시 금촌동,경상사고,0,0,1,0,차대사람 - 기타,기타,포장 - 건조,맑음,단일로 - 기타,화물,남,51세,상해없음,보행자,여,63세,경상
2021062200100265,2021년 6월 22일 13시,화요일,경기도 평택시 서정동,경상사고,0,0,1,0,차대사람 - 기타,안전운전불이행,포장 - 건조,맑음,단일로 - 기타,승용,남,73세,상해없음,보행자,남,25세,경상
2021062200100336,2021년 6월 22일 15시,화요일,경기도 수원시 영통구 이의동,경상사고,0,0,1,0,차대사람 - 횡단중,보행자보호의무위반,포장 - 건조,맑음,교차로 - 교차로횡단보도내,승용,여,37세,상해없음,보행자,남,61세,경상
2021062200100395,2021년 6월 22일 16시,화요일,경기도 남양주시 화도읍,중상사고,0,1,0,0,차대사람 - 횡단중,안전운전불이행,포장 - 건조,맑음,단일로 - 기타,승용,여,51세,상해없음,보행자,여,47세,중상
2021062200100403,2021년 6월 22일 17시,화요일,경기도 평택시 비전동,부상신고사고,0,0,0,1,차대사람 - 보도통행중,기타,포장 - 건조,맑음,기타 - 기타,자전거,남,13세,상해없음,보행자,남,63세,부상신고
2021062200100406,2021년 6월 22일 17시,화요일,경기도 안양시 동안구 평촌동,경상사고,0,0,1,0,차대사람 - 기타,안전운전불이행,포장 - 건조,맑음,기타 - 기타,개인형이동수단(PM),남,18세,기타불명,보행자,여,14세,경상
2021062200100413,2021년 6월 22일 17시,화요일,경기도 용인시 기흥구 언남동,경상사고,0,0,1,0,차대사람 - 횡단중,보행자보호의무위반,포장 - 건조,맑음,교차로 - 교차로안,승용,여,34세,상해없음,보행자,여,38세,경상
2021062200100443,2021년 6월 22일 18시,화요일,경기도 광명시 철산동,경상사고,0,0,1,0,차대사람 - 횡단중,신호위반,포장 - 건조,맑음,교차로 - 교차로횡단보도내,개인형이동수단(PM),남,19세,상해없음,보행자,여,47세,경상
2021062200100479,2021년 6월 22일 19시,화요일,경기도 광명시 광명동,경상사고,0,0,1,0,차대사람 - 기타,안전운전불이행,포장 - 건조,맑음,단일로 - 기타,원동기,남,54세,상해없음,보행자,여,59세,경상
2021062200100502,2021년 6월 22일 20시,화요일,경기도 평택시 평택동,경상사고,0,0,1,0,차대사람 - 횡단중,중앙선침범,포장 - 젖음/습기,흐림,단일로 - 기타,승용,여,24세,상해없음,보행자,남,55세,경상
2021062200100510,2021년 6월 22일 20시,화요일,경기도 화성시 석우동,경상사고,0,0,1,0,차대사람 - 횡단중,보행자보호의무위반,포장 - 건조,맑음,교차로 - 교차로횡단보도내,이륜,남,28세,경상,보행자,남,39세,상해없음
2021062200100522,2021년 6월 22일 20시,화요일,경기도 남양주시 호평동,중상사고,0,1,0,0,차대사람 - 차도통행중,안전운전불이행,포장 - 건조,맑음,교차로 - 교차로횡단보도내,승용,남,61세,상해없음,보행자,남,58세,중상
2021062200100556,2021년 6월 22일 21시,화요일,경기도 고양시 일산서구 주엽동,중상사고,0,1,0,0,차대사람 - 횡단중,안전운전불이행,포장 - 젖음/습기,비,교차로 - 교차로횡단보도내,승합,남,73세,상해없음,보행자,남,46세,중상
2021062200100564,2021년 6월 22일 22시,화요일,경기도 군포시 산본동,중상사고,0,1,1,0,차대사람 - 기타,중앙선침범,포장 - 건조,맑음,단일로 - 기타,승용,남,60세,상해없음,보행자,남,28세,중상
2021062200100577,2021년 6월 22일 23시,화요일,경기도 오산시 외삼미동,사망사고,1,0,0,0,차대사람 - 기타,과속,포장 - 건조,맑음,단일로 - 기타,승용,남,68세,상해없음,보행자,남,44세,사망
2021062300100034,2021년 6월 23일 04시,수요일,경기도 구리시 인창동,중상사고,0,1,0,0,차대사람 - 기타,안전운전불이행,포장 - 건조,맑음,단일로 - 기타,승용,남,33세,상해없음,보행자,여,40세,중상
2021062300100035,2021년 6월 23일 05시,수요일,경기도 평택시 장안동,부상신고사고,0,0,0,1,차대사람 - 기타,안전운전불이행,포장 - 건조,맑음,교차로 - 교차로안,자전거,남,52세,상해없음,보행자,여,72세,부상신고
2021062300100036,2021년 6월 23일 05시,수요일,경기도 수원시 권선구 금곡동,경상사고,0,0,1,0,차대사람 - 기타,안전운전불이행,포장 - 건조,맑음,단일로 - 기타,자전거,남,60세,상해없음,보행자,남,45세,경상
2021062300100072,2021년 6월 23일 08시,수요일,경기도 광명시 철산동,중상사고,0,1,0,0,차대사람 - 횡단중,신호위반,포장 - 건조,맑음,교차로 - 교차로안,승용,여,52세,상해없음,보행자,여,50세,중상
2021062300100075,2021년 6월 23일 08시,수요일,경기도 의왕시 오전동,경상사고,0,0,1,0,차대사람 - 횡단중,보행자보호의무위반,포장 - 건조,맑음,단일로 - 기타,화물,남,46세,상해없음,보행자,남,63세,경상
2021062300100076,2021년 6월 23일 08시,수요일,경기도 하남시 덕풍동,부상신고사고,0,0,0,1,차대사람 - 기타,기타,포장 - 건조,맑음,단일로 - 기타,승합,남,52세,상해없음,보행자,남,14세,부상신고
2021062300100122,2021년 6월 23일 10시,수요일,경기도 수원시 팔달구 화서동,경상사고,0,0,1,0,차대사람 - 기타,기타,포장 - 건조,맑음,단일로 - 기타,자전거,여,41세,상해없음,보행자,여,30세,경상
2021062300100124,2021년 6월 23일 10시,수요일,경기도 평택시 팽성읍,중상사고,0,1,0,0,차대사람 - 횡단중,안전운전불이행,포장 - 건조,맑음,기타 - 기타,자전거,남,67세,상해없음,보행자,남,34세,중상
2021062300100191,2021년 6월 23일 12시,수요일,경기도 성남시 중원구 중앙동,경상사고,0,0,1,0,차대사람 - 기타,안전운전불이행,포장 - 건조,맑음,단일로 - 기타,화물,남,53세,상해없음,보행자,여,57세,경상
2021062300100276,2021년 6월 23일 15시,수요일,경기도 부천시 상동,경상사고,0,0,1,0,차대사람 - 기타,안전운전불이행,포장 - 기타,비,교차로 - 교차로안,승용,남,66세,상해없음,보행자,여,78세,경상
2021062300100277,2021년 6월 23일 15시,수요일,경기도 시흥시 은행동,부상신고사고,0,0,0,1,차대사람 - 기타,기타,포장 - 건조,맑음,기타 - 기타,이륜,남,58세,상해없음,보행자,여,38세,부상신고
2021062300100314,2021년 6월 23일 16시,수요일,경기도 부천시 심곡동,경상사고,0,0,1,0,차대사람 - 기타,보행자보호의무위반,포장 - 건조,맑음,기타 - 기타,승용,여,51세,상해없음,보행자,남,29세,경상
2021062300100315,2021년 6월 23일 16시,수요일,경기도 성남시 중원구 상대원동,중상사고,0,1,0,0,차대사람 - 길가장자리구역통행중,안전운전불이행,포장 - 건조,맑음,교차로 - 교차로안,화물,남,55세,상해없음,보행자,여,71세,중상
2021062300100344,2021년 6월 23일 16시,수요일,경기도 고양시 일산서구 대화동,경상사고,0,0,1,0,차대사람 - 횡단중,안전운전불이행,포장 - 건조,맑음,단일로 - 기타,승용,여,51세,상해없음,보행자,남,16세,경상
2021062300100357,2021년 6월 23일 17시,수요일,경기도 부천시 심곡동,경상사고,0,0,1,0,차대사람 - 기타,안전운전불이행,포장 - 건조,맑음,단일로 - 기타,승용,남,74세,상해없음,보행자,여,52세,경상
2021062300100358,2021년 6월 23일 17시,수요일,경기도 안산시 단원구 원곡동,경상사고,0,0,1,0,차대사람 - 기타,보행자보호의무위반,포장 - 건조,맑음,교차로 - 교차로안,승합,남,69세,상해없음,보행자,남,74세,경상
2021062300100400,2021년 6월 23일 18시,수요일,경기도 시흥시 정왕동,부상신고사고,0,0,0,1,차대사람 - 횡단중,보행자보호의무위반,포장 - 건조,맑음,교차로 - 교차로안,자전거,남,11세,상해없음,보행자,여,48세,부상신고
2021062300100431,2021년 6월 23일 19시,수요일,경기도 이천시 관고동,중상사고,0,1,0,0,차대사람 - 횡단중,보행자보호의무위반,포장 - 건조,맑음,교차로 - 교차로횡단보도내,승용,남,32세,상해없음,보행자,여,67세,중상
2021062300100495,2021년 6월 23일 21시,수요일,경기도 부천시 원종동,부상신고사고,0,0,0,1,차대사람 - 기타,기타,포장 - 건조,맑음,단일로 - 기타,기타불명,기타불명,미분류,기타불명,보행자,남,65세,부상신고
2021062300100496,2021년 6월 23일 21시,수요일,경기도 부천시 고강동,경상사고,0,0,1,0,차대사람 - 기타,안전운전불이행,포장 - 건조,맑음,교차로 - 교차로부근,승용,남,59세,상해없음,보행자,여,17세,경상
2021062300100530,2021년 6월 23일 22시,수요일,경기도 용인시 수지구 풍덕천동,경상사고,0,0,1,0,차대사람 - 보도통행중,안전운전불이행,포장 - 젖음/습기,비,단일로 - 기타,개인형이동수단(PM),여,16세,상해없음,보행자,여,28세,경상
2021062400100064,2021년 6월 24일 07시,목요일,경기도 평택시 합정동,부상신고사고,0,0,0,1,차대사람 - 횡단중,보행자보호의무위반,포장 - 건조,맑음,교차로 - 교차로안,화물,남,42세,상해없음,보행자,여,26세,부상신고
2021062400100093,2021년 6월 24일 08시,목요일,경기도 수원시 팔달구 고등동,중상사고,0,1,0,0,차대사람 - 횡단중,안전운전불이행,포장 - 건조,맑음,교차로 - 교차로안,승용,남,55세,상해없음,보행자,남,56세,중상
2021062400100099,2021년 6월 24일 08시,목요일,경기도 수원시 영통구 신동,중상사고,0,1,0,0,차대사람 - 횡단중,보행자보호의무위반,포장 - 건조,맑음,기타 - 기타,승용,여,44세,상해없음,보행자,여,50세,중상
2021062400100127,2021년 6월 24일 08시,목요일,경기도 고양시 덕양구 대자동,사망사고,1,0,0,0,차대사람 - 차도통행중,신호위반,포장 - 건조,맑음,교차로 - 교차로안,특수,남,56세,상해없음,보행자,여,81세,사망
2021062400100138,2021년 6월 24일 09시,목요일,경기도 김포시 고촌읍,중상사고,0,1,0,0,차대사람 - 기타,안전운전불이행,포장 - 건조,맑음,단일로 - 기타,화물,남,38세,상해없음,보행자,남,53세,중상
2021062400100174,2021년 6월 24일 10시,목요일,경기도 수원시 영통구 원천동,경상사고,0,0,1,0,차대사람 - 횡단중,신호위반,포장 - 건조,맑음,교차로 - 교차로안,건설기계,남,60세,상해없음,보행자,남,34세,경상
2021062400100176,2021년 6월 24일 10시,목요일,경기도 수원시 팔달구 매교동,중상사고,0,1,0,0,차대사람 - 횡단중,신호위반,포장 - 건조,맑음,교차로 - 교차로부근,승용,남,60세,상해없음,보행자,여,71세,중상
2021062400100179,2021년 6월 24일 10시,목요일,경기도 용인시 기흥구 마북동,중상사고,0,1,0,0,차대사람 - 횡단중,신호위반,포장 - 건조,맑음,단일로 - 기타,화물,남,64세,상해없음,보행자,남,23세,중상
2021062400100208,2021년 6월 24일 11시,목요일,경기도 부천시 원종동,경상사고,0,0,1,0,차대사람 - 횡단중,안전운전불이행,포장 - 건조,맑음,교차로 - 교차로부근,승합,남,59세,상해없음,보행자,여,57세,경상
2021062400100312,2021년 6월 24일 14시,목요일,경기도 수원시 영통구 하동,중상사고,0,1,0,0,차대사람 - 기타,안전운전불이행,포장 - 건조,맑음,단일로 - 기타,승합,남,56세,상해없음,보행자,여,59세,중상
2021062400100352,2021년 6월 24일 15시,목요일,경기도 수원시 장안구 정자동,경상사고,0,0,1,0,차대사람 - 기타,안전운전불이행,포장 - 건조,맑음,단일로 - 기타,승용,여,51세,상해없음,보행자,남,8세,경상
2021062400100354,2021년 6월 24일 15시,목요일,경기도 양평군 양평읍,경상사고,0,0,1,0,차대사람 - 기타,기타,포장 - 건조,맑음,기타 - 기타,승용,남,52세,상해없음,보행자,여,40세,경상
2021062400100356,2021년 6월 24일 15시,목요일,경기도 안산시 상록구 이동,경상사고,0,0,1,0,차대사람 - 기타,안전운전불이행,포장 - 건조,맑음,미분류 - 미분류,기타불명,기타불명,미분류,기타불명,보행자,남,31세,경상
2021062400100426,2021년 6월 24일 17시,목요일,경기도 수원시 장안구 파장동,부상신고사고,0,0,0,1,차대사람 - 기타,안전운전불이행,포장 - 건조,맑음,교차로 - 교차로부근,기타불명,기타불명,미분류,기타불명,보행자,남,29세,부상신고
2021062400100438,2021년 6월 24일 17시,목요일,경기도 시흥시 은행동,경상사고,0,0,1,0,차대사람 - 보도통행중,보행자보호의무위반,포장 - 건조,맑음,교차로 - 교차로횡단보도내,승용,여,38세,상해없음,보행자,여,6세,경상
2021062400100463,2021년 6월 24일 17시,목요일,경기도 의정부시 의정부동,경상사고,0,0,1,0,차대사람 - 기타,안전운전불이행,포장 - 건조,맑음,단일로 - 기타,승용,여,25세,상해없음,보행자,남,23세,경상
2021062400100488,2021년 6월 24일 18시,목요일,경기도 부천시 심곡동,중상사고,0,1,0,0,차대사람 - 횡단중,안전운전불이행,포장 - 건조,맑음,단일로 - 기타,승용,여,56세,상해없음,보행자,남,70세,중상
2021062400100494,2021년 6월 24일 18시,목요일,경기도 용인시 기흥구 마북동,중상사고,0,1,0,0,차대사람 - 횡단중,보행자보호의무위반,포장 - 건조,맑음,교차로 - 교차로횡단보도내,승용,여,73세,상해없음,보행자,여,61세,중상
2021062400100531,2021년 6월 24일 19시,목요일,경기도 이천시 관고동,중상사고,0,1,0,0,차대사람 - 횡단중,안전운전불이행,포장 - 건조,맑음,단일로 - 기타,승용,남,31세,상해없음,보행자,남,4세,중상
2021062400100565,2021년 6월 24일 20시,목요일,경기도 수원시 권선구 입북동,중상사고,0,1,0,0,차대사람 - 길가장자리구역통행중,안전운전불이행,포장 - 건조,맑음,단일로 - 기타,승용,남,61세,상해없음,보행자,여,41세,중상
2021062400100566,2021년 6월 24일 20시,목요일,경기도 화성시 양감면,중상사고,0,1,0,0,차대사람 - 차도통행중,안전운전불이행,포장 - 건조,맑음,단일로 - 기타,승용,남,29세,상해없음,보행자,남,36세,중상
2021062400100567,2021년 6월 24일 20시,목요일,경기도 부천시 내동,경상사고,0,0,1,0,차대사람 - 길가장자리구역통행중,안전운전불이행,포장 - 건조,맑음,단일로 - 기타,승용,남,25세,상해없음,보행자,남,41세,경상
2021062400100610,2021년 6월 24일 21시,목요일,경기도 의정부시 호원동,경상사고,0,0,1,0,차대사람 - 보도통행중,기타,포장 - 건조,맑음,단일로 - 기타,원동기,여,45세,상해없음,보행자,남,5세,경상
2021062400100611,2021년 6월 24일 21시,목요일,경기도 고양시 일산동구 장항동,중상사고,0,1,0,0,차대사람 - 차도통행중,안전운전불이행,포장 - 건조,맑음,교차로 - 교차로부근,승용,남,34세,상해없음,보행자,남,31세,중상
2021062400100621,2021년 6월 24일 22시,목요일,경기도 평택시 서정동,경상사고,0,0,1,0,차대사람 - 기타,안전운전불이행,포장 - 건조,맑음,단일로 - 기타,승용,남,56세,상해없음,보행자,남,40세,경상
2021062400100622,2021년 6월 24일 22시,목요일,경기도 김포시 구래동,경상사고,0,0,2,0,차대사람 - 횡단중,안전운전불이행,포장 - 건조,맑음,기타 - 기타,승용,남,25세,상해없음,보행자,여,30세,경상
2021062400100627,2021년 6월 24일 22시,목요일,경기도 오산시 고현동,경상사고,0,0,1,0,차대사람 - 기타,안전운전불이행,포장 - 건조,맑음,기타 - 기타,승용,남,56세,상해없음,보행자,남,37세,경상
2021062400100648,2021년 6월 24일 22시,목요일,경기도 의정부시 의정부동,경상사고,0,0,1,0,차대사람 - 횡단중,안전운전불이행,포장 - 건조,맑음,교차로 - 교차로횡단보도내,승용,여,52세,상해없음,보행자,남,47세,경상
2021062400100652,2021년 6월 24일 22시,목요일,경기도 남양주시 별내동,중상사고,0,1,0,0,차대사람 - 기타,안전운전불이행,포장 - 건조,맑음,교차로 - 교차로부근,승합,남,63세,상해없음,보행자,여,62세,중상
2021062500100035,2021년 6월 25일 06시,금요일,경기도 안양시 동안구 호계동,경상사고,0,0,1,0,차대사람 - 기타,안전운전불이행,포장 - 건조,맑음,단일로 - 기타,승합,남,56세,상해없음,보행자,남,54세,경상
2021062500100053,2021년 6월 25일 07시,금요일,경기도 안성시 명륜동,중상사고,0,1,0,0,차대사람 - 기타,안전운전불이행,포장 - 건조,기타,단일로 - 기타,승용,남,21세,상해없음,보행자,여,51세,중상
2021062500100164,2021년 6월 25일 10시,금요일,경기도 안성시 대덕면,경상사고,0,0,1,0,차대사람 - 기타,안전운전불이행,포장 - 건조,맑음,기타 - 기타,화물,남,61세,상해없음,보행자,여,41세,경상
2021062500100189,2021년 6월 25일 10시,금요일,경기도 의정부시 의정부동,중상사고,0,1,0,0,차대사람 - 차도통행중,신호위반,포장 - 건조,맑음,교차로 - 교차로부근,승용,여,35세,상해없음,보행자,여,79세,중상
2021062500100222,2021년 6월 25일 11시,금요일,경기도 구리시 인창동,경상사고,0,0,1,0,차대사람 - 횡단중,안전운전불이행,포장 - 건조,맑음,교차로 - 교차로횡단보도내,승용,남,56세,기타불명,보행자,여,73세,경상