사고번호,사고일시,요일,시군구,사고내용,사망자수,중상자수,경상자수,부상신고자수,사고유형,법규위반,노면상태,기상상태,도로형태,가해운전자 차종,가해운전자 성별,가해운전자 연령,가해운전자 상해정도,피해운전자 차종,피해운전자 성별,피해운전자 연령,피해운전자 상해정도
2021063000100431,2021년 6월 30일 17시,수요일,경기도 부천시 상동,중상사고,0,1,0,0,차대사람 - 기타,안전운전불이행,포장 - 건조,맑음,단일로 - 기타,승용,여,57세,상해없음,보행자,여,7세,중상
2021063000100434,2021년 6월 30일 17시,수요일,경기도 수원시 영통구 매탄동,부상신고사고,0,0,0,1,차대사람 - 기타,안전운전불이행,포장 - 건조,맑음,단일로 - 기타,자전거,기타불명,미분류,기타불명,보행자,남,24세,부상신고
2021063000100435,2021년 6월 30일 17시,수요일,경기도 성남시 중원구 상대원동,부상신고사고,0,0,0,1,차대사람 - 기타,안전운전불이행,포장 - 건조,맑음,단일로 - 기타,기타불명,기타불명,미분류,기타불명,보행자,여,9세,부상신고
2021063000100478,2021년 6월 30일 18시,수요일,경기도 안성시 석정동,경상사고,0,0,2,0,차대사람 - 보도통행중,보행자보호의무위반,포장 - 건조,맑음,교차로 - 교차로횡단보도내,승용,남,40세,상해없음,보행자,남,24세,경상
2021063000100547,2021년 6월 30일 20시,수요일,경기도 수원시 장안구 조원동,중상사고,0,1,0,0,차대사람 - 횡단중,신호위반,포장 - 건조,맑음,교차로 - 교차로안,이륜,남,20세,기타불명,보행자,여,56세,중상
2021063000100548,2021년 6월 30일 20시,수요일,경기도 성남시 수정구 신흥동,경상사고,0,0,1,0,차대사람 - 기타,안전운전불이행,포장 - 건조,맑음,교차로 - 교차로부근,승용,여,68세,상해없음,보행자,남,66세,경상
2021063000100571,2021년 6월 30일 20시,수요일,경기도 의정부시 의정부동,경상사고,0,0,1,0,차대사람 - 횡단중,보행자보호의무위반,포장 - 건조,맑음,교차로 - 교차로횡단보도내,승용,여,61세,상해없음,보행자,남,38세,경상
2021063000100592,2021년 6월 30일 21시,수요일,경기도 고양시 덕양구 성사동,부상신고사고,0,0,0,1,차대사람 - 기타,안전운전불이행,포장 - 건조,맑음,단일로 - 기타,승용,남,56세,상해없음,보행자,남,20세,부상신고
2021063000100605,2021년 6월 30일 22시,수요일,경기도 부천시 상동,경상사고,0,0,1,0,차대사람 - 기타,기타,포장 - 건조,맑음,단일로 - 기타,자전거,남,14세,상해없음,보행자,여,61세,경상
2021070100100009,2021년 7월 1일 00시,목요일,경기도 파주시 금촌동,중상사고,0,1,0,0,차대사람 - 기타,안전운전불이행,포장 - 건조,맑음,단일로 - 기타,승용,남,59세,상해없음,보행자,남,64세,중상
2021070100100056,2021년 7월 1일 07시,목요일,경기도 부천시 괴안동,중상사고,0,1,0,0,차대사람 - 기타,기타,포장 - 건조,맑음,단일로 - 기타,승용,남,32세,상해없음,보행자,남,25세,중상
2021070100100123,2021년 7월 1일 09시,목요일,경기도 수원시 팔달구 인계동,경상사고,0,0,1,0,차대사람 - 횡단중,신호위반,포장 - 건조,맑음,단일로 - 기타,승용,남,73세,상해없음,보행자,남,37세,경상
2021070100100124,2021년 7월 1일 09시,목요일,경기도 시흥시 정왕동,사망사고,1,0,0,0,차대사람 - 횡단중,안전운전불이행,포장 - 건조,맑음,교차로 - 교차로안,승용,남,63세,상해없음,보행자,남,86세,사망
2021070100100164,2021년 7월 1일 10시,목요일,경기도 수원시 권선구 권선동,경상사고,0,0,1,0,차대사람 - 횡단중,신호위반,포장 - 건조,맑음,단일로 - 기타,화물,남,48세,상해없음,보행자,여,35세,경상
2021070100100165,2021년 7월 1일 10시,목요일,경기도 군포시 부곡동,경상사고,0,0,1,0,차대사람 - 횡단중,안전운전불이행,포장 - 건조,맑음,교차로 - 교차로안,화물,남,54세,상해없음,보행자,여,38세,경상
2021070100100192,2021년 7월 1일 11시,목요일,경기도 시흥시 정왕동,중상사고,0,1,0,0,차대사람 - 횡단중,안전운전불이행,포장 - 건조,맑음,단일로 - 기타,승용,남,66세,상해없음,보행자,여,60세,중상
2021070100100245,2021년 7월 1일 12시,목요일,경기도 포천시 가산면,경상사고,0,0,1,0,차대사람 - 기타,보행자보호의무위반,포장 - 건조,맑음,교차로 - 교차로횡단보도내,화물,여,57세,상해없음,보행자,여,55세,경상
2021070100100257,2021년 7월 1일 13시,목요일,경기도 성남시 분당구 삼평동,중상사고,0,2,0,0,차대사람 - 기타,기타,포장 - 건조,맑음,교차로 - 교차로부근,승용,남,72세,기타불명,보행자,여,52세,중상
2021070100100298,2021년 7월 1일 14시,목요일,경기도 오산시 원동,부상신고사고,0,0,0,1,차대사람 - 횡단중,교차로운행방법위반,포장 - 건조,맑음,교차로 - 교차로안,승용,남,45세,상해없음,보행자,남,74세,부상신고
2021070100100299,2021년 7월 1일 14시,목요일,경기도 안산시 단원구 선부동,경상사고,0,0,1,0,차대사람 - 기타,안전운전불이행,포장 - 건조,맑음,단일로 - 기타,기타불명,기타불명,미분류,기타불명,보행자,여,11세,경상
2021070100100353,2021년 7월 1일 15시,목요일,경기도 고양시 일산동구 장항동,경상사고,0,0,1,0,차대사람 - 보도통행중,기타,포장 - 건조,맑음,단일로 - 기타,개인형이동수단(PM),여,41세,상해없음,보행자,남,45세,경상
2021070100100354,2021년 7월 1일 15시,목요일,경기도 남양주시 다산동,경상사고,0,0,1,0,차대사람 - 기타,안전운전불이행,포장 - 건조,맑음,교차로 - 교차로부근,승용,남,45세,상해없음,보행자,여,7세,경상
2021070100100371,2021년 7월 1일 16시,목요일,경기도 하남시 망월동,중상사고,0,1,0,1,차대사람 - 횡단중,안전운전불이행,포장 - 건조,맑음,단일로 - 기타,이륜,남,40세,부상신고,보행자,남,68세,중상
2021070100100408,2021년 7월 1일 17시,목요일,경기도 안산시 상록구 사사동,경상사고,0,0,1,0,차대사람 - 횡단중,보행자보호의무위반,포장 - 건조,맑음,교차로 - 교차로횡단보도내,화물,남,40세,상해없음,보행자,남,38세,경상
2021070100100463,2021년 7월 1일 18시,목요일,경기도 부천시 고강동,경상사고,0,0,1,0,차대사람 - 횡단중,보행자보호의무위반,포장 - 건조,맑음,교차로 - 교차로횡단보도내,승용,여,50세,상해없음,보행자,여,9세,경상
2021070100100502,2021년 7월 1일 18시,목요일,경기도 고양시 일산서구 일산동,경상사고,0,0,1,0,차대사람 - 횡단중,보행자보호의무위반,포장 - 건조,맑음,교차로 - 교차로횡단보도내,승용,남,41세,상해없음,보행자,남,10세,경상
2021070100100510,2021년 7월 1일 19시,목요일,경기도 이천시 안흥동,경상사고,0,0,2,0,차대사람 - 기타,보행자보호의무위반,포장 - 건조,맑음,교차로 - 교차로부근,승용,남,52세,상해없음,보행자,여,32세,경상
2021070100100594,2021년 7월 1일 21시,목요일,경기도 의정부시 민락동,중상사고,0,1,0,0,차대사람 - 기타,안전운전불이행,포장 - 건조,기타,단일로 - 기타,승용,여,23세,상해없음,보행자,남,81세,중상
2021070100100618,2021년 7월 1일 22시,목요일,경기도 구리시 인창동,사망사고,1,0,0,0,차대사람 - 차도통행중,안전운전불이행,포장 - 건조,맑음,단일로 - 기타,승합,여,60세,상해없음,보행자,남,59세,사망
2021070200100027,2021년 7월 2일 03시,금요일,경기도 수원시 팔달구 인계동,중상사고,0,1,0,0,차대사람 - 기타,안전운전불이행,포장 - 건조,맑음,주차장 - 주차장,화물,남,38세,상해없음,보행자,남,44세,중상
2021070200100028,2021년 7월 2일 03시,금요일,경기도 용인시 수지구 풍덕천동,중상사고,0,1,0,0,차대사람 - 기타,안전운전불이행,포장 - 건조,흐림,단일로 - 기타,승용,남,19세,상해없음,보행자,남,45세,중상
2021070200100083,2021년 7월 2일 08시,금요일,경기도 안양시 동안구 호계동,경상사고,0,0,1,0,차대사람 - 차도통행중,안전운전불이행,포장 - 건조,맑음,단일로 - 기타,승용,여,66세,상해없음,보행자,여,88세,경상
2021070200100086,2021년 7월 2일 08시,금요일,경기도 안산시 상록구 본오동,중상사고,0,1,0,0,차대사람 - 횡단중,안전운전불이행,포장 - 건조,맑음,단일로 - 기타,승용,여,38세,상해없음,보행자,여,79세,중상
2021070200100180,2021년 7월 2일 11시,금요일,경기도 화성시 향남읍,경상사고,0,0,1,0,차대사람 - 기타,안전운전불이행,포장 - 기타,맑음,기타 - 기타,이륜,남,17세,상해없음,보행자,여,46세,경상
2021070200100260,2021년 7월 2일 13시,금요일,경기도 부천시 원미동,경상사고,0,0,1,0,차대사람 - 횡단중,기타,포장 - 건조,맑음,교차로 - 교차로부근,승용,남,39세,상해없음,보행자,남,8세,경상
2021070200100345,2021년 7월 2일 15시,금요일,경기도 화성시 팔탄면,중상사고,0,1,0,0,차대사람 - 차도통행중,안전운전불이행,포장 - 건조,맑음,단일로 - 기타,화물,남,63세,상해없음,보행자,남,64세,중상
2021070200100347,2021년 7월 2일 15시,금요일,경기도 하남시 천현동,경상사고,0,0,1,0,차대사람 - 차도통행중,안전운전불이행,포장 - 건조,맑음,단일로 - 기타,승용,여,50세,상해없음,보행자,여,65세,경상
2021070200100433,2021년 7월 2일 17시,금요일,경기도 화성시 능동,경상사고,0,0,1,0,차대사람 - 기타,안전운전불이행,포장 - 건조,맑음,기타 - 기타,자전거,남,41세,상해없음,보행자,남,10세,경상
2021070200100464,2021년 7월 2일 17시,금요일,경기도 파주시 금촌동,중상사고,0,1,0,0,차대사람 - 보도통행중,안전운전불이행,포장 - 건조,맑음,단일로 - 기타,개인형이동수단(PM),여,17세,상해없음,보행자,여,69세,중상
2021070200100487,2021년 7월 2일 18시,금요일,경기도 김포시 장기동,경상사고,0,0,1,0,차대사람 - 보도통행중,기타,포장 - 건조,맑음,단일로 - 기타,원동기,여,33세,상해없음,보행자,여,24세,경상
2021070200100494,2021년 7월 2일 18시,금요일,경기도 시흥시 월곶동,중상사고,0,1,0,0,차대사람 - 기타,안전운전불이행,포장 - 건조,맑음,기타 - 기타,승용,남,70세,상해없음,보행자,여,11세,중상
2021070200100496,2021년 7월 2일 18시,금요일,경기도 화성시 남양읍,중상사고,0,1,0,0,차대사람 - 횡단중,안전운전불이행,포장 - 건조,맑음,교차로 - 교차로부근,승용,남,30세,상해없음,보행자,여,57세,중상
2021070200100555,2021년 7월 2일 19시,금요일,경기도 광명시 노온사동,경상사고,0,0,1,0,차대사람 - 기타,안전운전불이행,포장 - 건조,맑음,단일로 - 기타,승용,여,48세,기타불명,보행자,여,62세,경상
2021070200100598,2021년 7월 2일 20시,금요일,경기도 성남시 수정구 수진동,경상사고,0,0,1,0,차대사람 - 기타,안전운전불이행,포장 - 건조,맑음,단일로 - 기타,이륜,남,26세,상해없음,보행자,남,4세,경상
2021070200100600,2021년 7월 2일 20시,금요일,경기도 김포시 구래동,경상사고,0,0,1,0,차대사람 - 횡단중,보행자보호의무위반,포장 - 건조,맑음,교차로 - 교차로횡단보도내,승용,남,58세,상해없음,보행자,여,66세,경상
2021070200100603,2021년 7월 2일 20시,금요일,경기도 성남시 중원구 금광동,중상사고,0,1,0,0,차대사람 - 기타,안전운전불이행,포장 - 건조,맑음,교차로 - 교차로안,화물,남,44세,상해없음,보행자,남,47세,중상
2021070200100605,2021년 7월 2일 20시,금요일,경기도 화성시 남양읍,중상사고,0,1,0,0,차대사람 - 횡단중,신호위반,포장 - 건조,맑음,단일로 - 기타,승용,남,35세,상해없음,보행자,남,25세,중상
2021070200100639,2021년 7월 2일 20시,금요일,경기도 고양시 일산서구 탄현동,부상신고사고,0,0,0,1,차대사람 - 기타,기타,포장 - 건조,맑음,단일로 - 기타,승합,남,60세,상해없음,보행자,여,17세,부상신고
2021070200100652,2021년 7월 2일 21시,금요일,경기도 시흥시 정왕동,경상사고,0,0,1,0,차대사람 - 횡단중,보행자보호의무위반,포장 - 건조,맑음,교차로 - 교차로횡단보도내,승용,남,53세,상해없음,보행자,남,9세,경상
2021070200100686,2021년 7월 2일 22시,금요일,경기도 부천시 심곡동,경상사고,0,0,1,0,차대사람 - 기타,보행자보호의무위반,포장 - 건조,맑음,단일로 - 기타,승용,남,26세,상해없음,보행자,여,26세,경상
2021070200100688,2021년 7월 2일 22시,금요일,경기도 시흥시 정왕동,경상사고,0,0,1,0,차대사람 - 횡단중,안전운전불이행,포장 - 건조,맑음,교차로 - 교차로횡단보도내,승용,남,61세,상해없음,보행자,남,39세,경상
2021070200100709,2021년 7월 2일 22시,금요일,경기도 구리시 인창동,중상사고,0,1,0,0,차대사람 - 차도통행중,안전운전불이행,포장 - 건조,맑음,단일로 - 기타,승용,남,45세,상해없음,보행자,남,37세,중상
2021070200100738,2021년 7월 2일 23시,금요일,경기도 고양시 일산동구 장항동,경상사고,0,0,1,0,차대사람 - 횡단중,신호위반,포장 - 건조,맑음,교차로 - 교차로부근,이륜,남,45세,상해없음,보행자,여,29세,경상
2021070300100076,2021년 7월 3일 08시,토요일,경기도 성남시 분당구 서현동,경상사고,0,0,1,0,차대사람 - 기타,보행자보호의무위반,포장 - 건조,맑음,교차로 - 교차로횡단보도내,승용,여,73세,상해없음,보행자,여,67세,경상
2021070300100121,2021년 7월 3일 10시,토요일,경기도 용인시 처인구 역북동,부상신고사고,0,0,0,1,차대사람 - 기타,안전운전불이행,포장 - 건조,맑음,단일로 - 기타,자전거,여,70세,부상신고,보행자,여,62세,상해없음
2021070300100133,2021년 7월 3일 10시,토요일,경기도 고양시 덕양구 고양동,중상사고,0,1,0,0,차대사람 - 횡단중,교차로운행방법위반,포장 - 건조,흐림,교차로 - 교차로안,승용,여,57세,상해없음,보행자,여,77세,중상
2021070300100136,2021년 7월 3일 10시,토요일,경기도 동두천시 상봉암동,경상사고,0,0,1,0,차대사람 - 길가장자리구역통행중,안전운전불이행,포장 - 건조,맑음,교차로 - 교차로부근,건설기계,남,64세,상해없음,보행자,여,65세,경상
2021070300100148,2021년 7월 3일 11시,토요일,경기도 평택시 고덕동,부상신고사고,0,0,0,1,차대사람 - 기타,안전운전불이행,포장 - 건조,맑음,단일로 - 기타,승용,여,42세,상해없음,보행자,남,56세,부상신고
2021070300100155,2021년 7월 3일 11시,토요일,경기도 안양시 만안구 안양동,경상사고,0,0,1,0,차대사람 - 기타,안전운전불이행,포장 - 건조,맑음,교차로 - 교차로부근,승합,남,42세,상해없음,보행자,여,82세,경상
2021070300100194,2021년 7월 3일 12시,토요일,경기도 오산시 오산동,경상사고,0,0,1,0,차대사람 - 차도통행중,안전운전불이행,포장 - 건조,맑음,단일로 - 기타,승용,남,47세,상해없음,보행자,남,73세,경상
2021070300100240,2021년 7월 3일 13시,토요일,경기도 부천시 상동,경상사고,0,0,1,0,차대사람 - 기타,안전운전불이행,포장 - 건조,맑음,단일로 - 기타,승용,남,73세,상해없음,보행자,남,65세,경상
2021070300100262,2021년 7월 3일 13시,토요일,경기도 파주시 광탄면,중상사고,0,1,0,0,차대사람 - 횡단중,안전운전불이행,포장 - 건조,맑음,단일로 - 기타,승용,여,59세,상해없음,보행자,여,56세,중상
2021070300100277,2021년 7월 3일 14시,토요일,경기도 부천시 상동,중상사고,0,1,0,0,차대사람 - 기타,신호위반,포장 - 건조,흐림,단일로 - 기타,이륜,남,28세,상해없음,보행자,여,60세,중상
2021070300100301,2021년 7월 3일 14시,토요일,경기도 파주시 아동동,중상사고,0,1,0,0,차대사람 - 횡단중,안전운전불이행,포장 - 건조,맑음,교차로 - 교차로안,승용,남,62세,상해없음,보행자,남,58세,중상
2021070300100389,2021년 7월 3일 17시,토요일,경기도 이천시 증포동,경상사고,0,0,1,0,차대사람 - 기타,보행자보호의무위반,포장 - 젖음/습기,비,교차로 - 교차로안,화물,남,38세,상해없음,보행자,여,31세,경상
2021070300100390,2021년 7월 3일 17시,토요일,경기도 안산시 단원구 초지동,경상사고,0,0,1,0,차대사람 - 기타,안전운전불이행,포장 - 건조,맑음,교차로 - 교차로부근,승용,남,50세,상해없음,보행자,남,61세,경상
2021070300100458,2021년 7월 3일 18시,토요일,경기도 남양주시 퇴계원읍,경상사고,0,0,1,0,차대사람 - 기타,안전운전불이행,포장 - 젖음/습기,비,주차장 - 주차장,원동기,남,18세,상해없음,보행자,남,57세,경상
2021070300100479,2021년 7월 3일 19시,토요일,경기도 광주시 곤지암읍,경상사고,0,0,1,0,차대사람 - 기타,안전운전불이행,포장 - 젖음/습기,비,단일로 - 기타,승용,남,65세,상해없음,보행자,여,21세,경상
2021070300100483,2021년 7월 3일 19시,토요일,경기도 안산시 상록구 이동,중상사고,0,1,0,0,차대사람 - 횡단중,보행자보호의무위반,포장 - 젖음/습기,비,교차로 - 교차로안,화물,남,51세,상해없음,보행자,여,72세,중상
2021070300100510,2021년 7월 3일 19시,토요일,경기도 파주시 문발동,경상사고,0,0,1,0,차대사람 - 기타,신호위반,포장 - 건조,맑음,단일로 - 기타,승용,남,59세,상해없음,보행자,여,19세,경상
2021070300100523,2021년 7월 3일 20시,토요일,경기도 오산시 수청동,경상사고,0,0,1,0,차대사람 - 보도통행중,기타,포장 - 젖음/습기,비,기타 - 기타,이륜,남,36세,상해없음,보행자,남,62세,경상
2021070300100528,2021년 7월 3일 20시,토요일,경기도 수원시 권선구 권선동,중상사고,0,1,0,0,차대사람 - 횡단중,보행자보호의무위반,포장 - 젖음/습기,비,교차로 - 교차로횡단보도내,이륜,남,44세,상해없음,보행자,여,56세,중상
2021070300100556,2021년 7월 3일 20시,토요일,경기도 동두천시 지행동,중상사고,0,1,0,0,차대사람 - 횡단중,안전운전불이행,포장 - 젖음/습기,비,교차로 - 교차로안,승용,남,56세,상해없음,보행자,여,68세,중상
2021070300100574,2021년 7월 3일 21시,토요일,경기도 부천시 고강동,중상사고,0,1,0,0,차대사람 - 기타,안전운전불이행,포장 - 젖음/습기,비,교차로 - 교차로안,승용,남,46세,상해없음,보행자,남,57세,중상
2021070300100594,2021년 7월 3일 21시,토요일,경기도 의정부시 신곡동,경상사고,0,0,1,0,차대사람 - 횡단중,보행자보호의무위반,포장 - 젖음/습기,비,단일로 - 기타,승용,여,63세,상해없음,보행자,남,38세,경상
2021070300100595,2021년 7월 3일 21시,토요일,경기도 남양주시 화도읍,중상사고,0,1,1,0,차대사람 - 기타,안전운전불이행,포장 - 젖음/습기,비,교차로 - 교차로안,이륜,남,46세,경상,보행자,남,61세,중상
2021070300100612,2021년 7월 3일 22시,토요일,경기도 평택시 팽성읍,경상사고,0,0,1,0,차대사람 - 횡단중,안전운전불이행,포장 - 젖음/습기,비,교차로 - 교차로부근,승용,남,미분류,상해없음,보행자,남,41세,경상
2021070300100617,2021년 7월 3일 22시,토요일,경기도 안산시 단원구 원곡동,중상사고,0,1,0,0,차대사람 - 기타,안전운전불이행,포장 - 젖음/습기,맑음,교차로 - 교차로안,승용,남,60세,상해없음,보행자,남,30세,중상
2021070300100645,2021년 7월 3일 23시,토요일,경기도 안양시 동안구 비산동,중상사고,0,1,0,0,차대사람 - 횡단중,안전운전불이행,포장 - 젖음/습기,비,교차로 - 교차로횡단보도내,화물,남,58세,상해없음,보행자,여,22세,중상
2021070300100647,2021년 7월 3일 23시,토요일,경기도 부천시 중동,중상사고,0,1,0,0,차대사람 - 횡단중,안전운전불이행,포장 - 젖음/습기,비,단일로 - 기타,이륜,남,16세,상해없음,보행자,남,65세,중상
2021070300100648,2021년 7월 3일 23시,토요일,경기도 성남시 분당구 정자동,경상사고,0,0,1,0,차대사람 - 기타,안전운전불이행,포장 - 젖음/습기,비,교차로 - 교차로부근,이륜,남,22세,상해없음,보행자,여,23세,경상
2021070300100649,2021년 7월 3일 23시,토요일,경기도 수원시 권선구 탑동,중상사고,0,1,0,0,차대사람 - 기타,안전운전불이행,포장 - 젖음/습기,비,단일로 - 기타,승합,남,56세,상해없음,보행자,남,26세,중상
2021070300100671,2021년 7월 3일 23시,토요일,경기도 양주시 회정동,중상사고,0,1,0,0,차대사람 - 횡단중,안전운전불이행,포장 - 젖음/습기,비,단일로 - 기타,승용,남,56세,상해없음,보행자,여,49세,중상
2021070300100672,2021년 7월 3일 23시,토요일,경기도 연천군 군남면,중상사고,0,1,0,0,차대사람 - 기타,안전운전불이행,포장 - 젖음/습기,비,단일로 - 기타,승용,여,62세,상해없음,보행자,남,63세,중상
2021070400100006,2021년 7월 4일 00시,일요일,경기도 수원시 장안구 정자동,경상사고,0,0,1,0,차대사람 - 기타,안전운전불이행,포장 - 건조,맑음,교차로 - 교차로안,승용,남,43세,상해없음,보행자,남,54세,경상
2021070400100009,2021년 7월 4일 00시,일요일,경기도 안산시 단원구 선부동,경상사고,0,0,1,0,차대사람 - 횡단중,안전운전불이행,포장 - 젖음/습기,비,단일로 - 기타,원동기,남,53세,상해없음,보행자,여,70세,경상
2021070400100011,2021년 7월 4일 00시,일요일,경기도 시흥시 정왕동,경상사고,0,0,1,0,차대사람 - 횡단중,안전운전불이행,포장 - 젖음/습기,비,교차로 - 교차로부근,승합,남,60세,상해없음,보행자,남,55세,경상
2021070400100029,2021년 7월 4일 00시,일요일,경기도 포천시 소흘읍,경상사고,0,0,1,0,차대사람 - 횡단중,안전운전불이행,포장 - 젖음/습기,비,단일로 - 기타,승용,여,34세,상해없음,보행자,남,23세,경상
2021070400100129,2021년 7월 4일 11시,일요일,경기도 성남시 분당구 정자동,경상사고,0,0,1,0,차대사람 - 기타,안전운전불이행,포장 - 젖음/습기,비,기타 - 기타,승용,남,38세,상해없음,보행자,남,70세,경상
2021070400100160,2021년 7월 4일 12시,일요일,경기도 남양주시 별내면,중상사고,0,1,0,0,차대사람 - 횡단중,안전운전불이행,포장 - 건조,맑음,교차로 - 교차로부근,화물,남,65세,상해없음,보행자,남,89세,중상
2021070400100206,2021년 7월 4일 14시,일요일,경기도 광주시 목현동,중상사고,0,1,0,0,차대사람 - 기타,안전운전불이행,포장 - 건조,맑음,기타 - 기타,승용,남,60세,상해없음,보행자,여,64세,중상
2021070400100291,2021년 7월 4일 16시,일요일,경기도 고양시 덕양구 고양동,경상사고,0,0,1,0,차대사람 - 기타,안전운전불이행,포장 - 젖음/습기,흐림,교차로 - 교차로부근,승용,남,59세,상해없음,보행자,여,61세,경상
2021070400100299,2021년 7월 4일 17시,일요일,경기도 수원시 팔달구 화서동,경상사고,0,0,1,0,차대사람 - 기타,안전운전불이행,포장 - 건조,맑음,기타 - 기타,이륜,남,66세,상해없음,보행자,남,43세,경상
2021070400100323,2021년 7월 4일 17시,일요일,경기도 고양시 일산동구 장항동,경상사고,0,0,1,0,차대사람 - 기타,안전운전불이행,포장 - 건조,맑음,주차장 - 주차장,승용,여,57세,상해없음,보행자,남,60세,경상
2021070400100324,2021년 7월 4일 17시,일요일,경기도 고양시 일산동구 장항동,경상사고,0,0,1,0,차대사람 - 기타,안전운전불이행,포장 - 건조,맑음,단일로 - 기타,승용,남,28세,상해없음,보행자,남,56세,경상
2021070400100332,2021년 7월 4일 18시,일요일,경기도 수원시 장안구 정자동,중상사고,0,1,0,0,차대사람 - 기타,안전운전불이행,포장 - 건조,맑음,단일로 - 기타,이륜,남,40세,상해없음,보행자,남,34세,중상
2021070400100361,2021년 7월 4일 19시,일요일,경기도 오산시 오산동,중상사고,0,1,0,0,차대사람 - 횡단중,신호위반,포장 - 젖음/습기,비,교차로 - 교차로횡단보도내,이륜,남,19세,상해없음,보행자,남,57세,중상
2021070400100416,2021년 7월 4일 21시,일요일,경기도 광주시 경안동,중상사고,0,1,0,0,차대사람 - 횡단중,신호위반,비포장 - 젖음/습기,비,단일로 - 기타,이륜,남,29세,상해없음,보행자,여,40세,중상
2021070500100001,2021년 7월 5일 00시,월요일,경기도 시흥시 정왕동,경상사고,0,0,1,0,차대사람 - 차도통행중,안전운전불이행,포장 - 건조,맑음,단일로 - 기타,승용,남,30세,상해없음,보행자,남,49세,경상
2021070500100106,2021년 7월 5일 08시,월요일,경기도 고양시 덕양구 화전동,중상사고,0,1,0,0,차대사람 - 차도통행중,안전운전불이행,포장 - 기타,맑음,단일로 - 기타,화물,남,60세,상해없음,보행자,여,79세,중상
2021070500100119,2021년 7월 5일 09시,월요일,경기도 이천시 관고동,경상사고,0,0,1,0,차대사람 - 기타,불법유턴,포장 - 젖음/습기,맑음,교차로 - 교차로부근,승용,남,41세,상해없음,보행자,남,74세,경상
2021070500100145,2021년 7월 5일 09시,월요일,경기도 파주시 광탄면,부상신고사고,0,0,0,1,차대사람 - 기타,안전운전불이행,포장 - 건조,맑음,교차로 - 교차로부근,승용,여,63세,상해없음,보행자,남,82세,부상신고
2021070500100253,2021년 7월 5일 13시,월요일,경기도 수원시 팔달구 우만동,중상사고,0,1,0,0,차대사람 - 기타,안전운전불이행,포장 - 건조,맑음,단일로 - 기타,승용,남,36세,상해없음,보행자,남,7세,중상
2021070500100255,2021년 7월 5일 13시,월요일,경기도 부천시 괴안동,중상사고,0,1,0,0,차대사람 - 기타,기타,포장 - 건조,맑음,단일로 - 기타,승합,남,68세,상해없음,보행자,남,78세,중상
2021070500100258,2021년 7월 5일 13시,월요일,경기도 화성시 봉담읍,경상사고,0,0,1,0,차대사람 - 횡단중,보행자보호의무위반,포장 - 건조,맑음,교차로 - 교차로안,이륜,남,37세,상해없음,보행자,남,7세,경상
2021070500100291,2021년 7월 5일 14시,월요일,경기도 광명시 철산동,중상사고,0,1,0,0,차대사람 - 횡단중,신호위반,포장 - 건조,맑음,교차로 - 교차로횡단보도내,승용,여,63세,상해없음,보행자,여,19세,중상
2021070500100365,2021년 7월 5일 16시,월요일,경기도 군포시 금정동,중상사고,0,1,0,0,차대사람 - 기타,안전운전불이행,포장 - 건조,흐림,교차로 - 교차로부근,승용,남,67세,상해없음,보행자,남,78세,중상
2021070500100368,2021년 7월 5일 16시,월요일,경기도 시흥시 신천동,경상사고,0,0,1,0,차대사람 - 기타,안전운전불이행,포장 - 건조,맑음,단일로 - 기타,승용,여,55세,상해없음,보행자,여,44세,경상
2021070500100370,2021년 7월 5일 16시,월요일,경기도 화성시 새솔동,경상사고,0,0,1,0,차대사람 - 기타,안전운전불이행,포장 - 건조,맑음,단일로 - 기타,개인형이동수단(PM),남,15세,상해없음,보행자,여,48세,경상
2021070500100371,2021년 7월 5일 16시,월요일,경기도 화성시 남양읍,중상사고,0,1,0,0,차대사람 - 횡단중,안전운전불이행,포장 - 건조,맑음,교차로 - 교차로안,화물,남,80세,상해없음,보행자,여,90세,중상
2021070500100402,2021년 7월 5일 17시,월요일,경기도 부천시 역곡동,경상사고,0,0,1,0,차대사람 - 기타,안전운전불이행,포장 - 건조,맑음,교차로 - 교차로안,승용,여,27세,상해없음,보행자,남,71세,경상
2021070500100443,2021년 7월 5일 18시,월요일,경기도 수원시 영통구 망포동,경상사고,0,0,1,0,차대사람 - 횡단중,보행자보호의무위반,포장 - 건조,흐림,교차로 - 교차로횡단보도내,승용,여,46세,상해없음,보행자,여,26세,경상
2021070500100447,2021년 7월 5일 18시,월요일,경기도 하남시 천현동,중상사고,0,1,0,0,차대사람 - 횡단중,신호위반,포장 - 건조,맑음,교차로 - 교차로횡단보도내,승용,남,61세,상해없음,보행자,여,69세,중상
2021070500100478,2021년 7월 5일 19시,월요일,경기도 용인시 기흥구 하갈동,중상사고,0,1,0,0,차대사람 - 횡단중,보행자보호의무위반,포장 - 건조,맑음,교차로 - 교차로횡단보도내,승용,남,52세,상해없음,보행자,여,58세,중상
2021070500100527,2021년 7월 5일 20시,월요일,경기도 고양시 일산동구 백석동,경상사고,0,0,1,0,차대사람 - 기타,안전운전불이행,포장 - 건조,맑음,단일로 - 기타,승용,여,63세,상해없음,보행자,여,46세,경상
2021070500100573,2021년 7월 5일 22시,월요일,경기도 화성시 향남읍,중상사고,0,1,0,0,차대사람 - 기타,안전운전불이행,포장 - 건조,맑음,단일로 - 기타,승용,여,34세,상해없음,보행자,남,28세,중상
2021070500100589,2021년 7월 5일 23시,월요일,경기도 성남시 수정구 창곡동,부상신고사고,0,0,0,1,차대사람 - 기타,안전운전불이행,포장 - 건조,맑음,단일로 - 기타,개인형이동수단(PM),남,15세,기타불명,보행자,여,58세,부상신고