사고번호,사고일시,요일,시군구,사고내용,사망자수,중상자수,경상자수,부상신고자수,사고유형,법규위반,노면상태,기상상태,도로형태,가해운전자 차종,가해운전자 성별,가해운전자 연령,가해운전자 상해정도,피해운전자 차종,피해운전자 성별,피해운전자 연령,피해운전자 상해정도
2021070600100018,2021년 7월 6일 01시,화요일,경기도 용인시 기흥구 공세동,부상신고사고,0,0,0,1,차대사람 - 횡단중,보행자보호의무위반,포장 - 건조,맑음,교차로 - 교차로횡단보도내,기타불명,기타불명,미분류,기타불명,보행자,여,16세,부상신고
2021070600100030,2021년 7월 6일 02시,화요일,경기도 김포시 사우동,중상사고,0,1,0,0,차대사람 - 기타,안전운전불이행,포장 - 건조,맑음,기타 - 기타,승용,남,36세,상해없음,보행자,여,35세,중상
2021070600100056,2021년 7월 6일 06시,화요일,경기도 양주시 장흥면,부상신고사고,0,0,0,1,차대사람 - 기타,안전운전불이행,포장 - 건조,맑음,단일로 - 기타,승용,남,58세,상해없음,보행자,남,38세,부상신고
2021070600100058,2021년 7월 6일 07시,화요일,경기도 평택시 서정동,경상사고,0,0,1,0,차대사람 - 기타,기타,포장 - 건조,맑음,단일로 - 기타,화물,남,61세,상해없음,보행자,남,81세,경상
2021070600100062,2021년 7월 6일 07시,화요일,경기도 부천시 고강동,부상신고사고,0,0,0,1,차대사람 - 기타,안전운전불이행,포장 - 건조,맑음,단일로 - 기타,승용,남,63세,상해없음,보행자,여,24세,부상신고
2021070600100102,2021년 7월 6일 08시,화요일,경기도 오산시 원동,중상사고,0,1,0,0,차대사람 - 기타,안전운전불이행,포장 - 건조,맑음,주차장 - 주차장,승용,여,42세,상해없음,보행자,남,47세,중상
2021070600100103,2021년 7월 6일 08시,화요일,경기도 안산시 단원구 신길동,경상사고,0,0,1,0,차대사람 - 횡단중,안전운전불이행,포장 - 건조,맑음,기타 - 기타,승용,여,52세,상해없음,보행자,여,21세,경상
2021070600100106,2021년 7월 6일 08시,화요일,경기도 화성시 반송동,중상사고,0,1,0,0,차대사람 - 기타,안전운전불이행,포장 - 건조,맑음,기타 - 기타,자전거,남,14세,상해없음,보행자,여,72세,중상
2021070600100131,2021년 7월 6일 09시,화요일,경기도 부천시 상동,경상사고,0,0,1,0,차대사람 - 횡단중,신호위반,포장 - 건조,맑음,단일로 - 기타,승용,남,67세,상해없음,보행자,여,79세,경상
2021070600100165,2021년 7월 6일 10시,화요일,경기도 남양주시 화도읍,경상사고,0,0,1,0,차대사람 - 보도통행중,기타,포장 - 건조,맑음,단일로 - 기타,승용,남,53세,상해없음,보행자,여,35세,경상
2021070600100166,2021년 7월 6일 10시,화요일,경기도 양주시 광적면,경상사고,0,0,1,0,차대사람 - 차도통행중,안전운전불이행,포장 - 건조,맑음,교차로 - 교차로안,승용,남,64세,기타불명,보행자,남,27세,경상
2021070600100168,2021년 7월 6일 10시,화요일,경기도 남양주시 진접읍,경상사고,0,0,1,0,차대사람 - 기타,기타,포장 - 건조,맑음,단일로 - 기타,승합,남,68세,상해없음,보행자,여,73세,경상
2021070600100205,2021년 7월 6일 12시,화요일,경기도 평택시 세교동,경상사고,0,0,2,0,차대사람 - 기타,교차로운행방법위반,포장 - 건조,맑음,교차로 - 교차로안,승용,여,40세,경상,보행자,여,56세,경상
2021070600100210,2021년 7월 6일 12시,화요일,경기도 오산시 원동,경상사고,0,0,1,0,차대사람 - 횡단중,안전운전불이행,포장 - 건조,맑음,단일로 - 기타,승용,남,35세,상해없음,보행자,남,45세,경상
2021070600100212,2021년 7월 6일 12시,화요일,경기도 용인시 수지구 동천동,중상사고,0,1,0,0,차대사람 - 횡단중,보행자보호의무위반,포장 - 건조,맑음,교차로 - 교차로횡단보도내,승용,남,64세,상해없음,보행자,여,77세,중상
2021070600100231,2021년 7월 6일 12시,화요일,경기도 고양시 일산서구 주엽동,중상사고,0,1,0,0,차대사람 - 횡단중,안전운전불이행,포장 - 건조,맑음,단일로 - 기타,화물,남,51세,상해없음,보행자,남,47세,중상
2021070600100240,2021년 7월 6일 13시,화요일,경기도 안양시 동안구 평촌동,경상사고,0,0,1,0,차대사람 - 차도통행중,안전운전불이행,포장 - 건조,맑음,단일로 - 기타,승합,남,64세,상해없음,보행자,남,45세,경상
2021070600100247,2021년 7월 6일 13시,화요일,경기도 성남시 중원구 상대원동,경상사고,0,0,1,0,차대사람 - 기타,안전운전불이행,포장 - 건조,맑음,단일로 - 기타,승용,여,51세,기타불명,보행자,남,44세,경상
2021070600100276,2021년 7월 6일 14시,화요일,경기도 오산시 원동,중상사고,0,1,0,0,차대사람 - 기타,기타,포장 - 건조,맑음,단일로 - 기타,승용,남,74세,상해없음,보행자,여,78세,중상
2021070600100277,2021년 7월 6일 14시,화요일,경기도 하남시 망월동,중상사고,0,1,1,0,차대사람 - 보도통행중,기타,포장 - 건조,맑음,교차로 - 교차로부근,화물,남,46세,상해없음,보행자,여,80세,중상
2021070600100297,2021년 7월 6일 14시,화요일,경기도 고양시 일산동구 백석동,경상사고,0,0,1,0,차대사람 - 기타,기타,포장 - 건조,맑음,교차로 - 교차로안,승합,남,37세,상해없음,보행자,여,69세,경상
2021070600100310,2021년 7월 6일 15시,화요일,경기도 화성시 반송동,중상사고,0,1,0,0,차대사람 - 횡단중,보행자보호의무위반,포장 - 건조,맑음,교차로 - 교차로횡단보도내,승합,남,58세,상해없음,보행자,여,6세,중상
2021070600100332,2021년 7월 6일 16시,화요일,경기도 광명시 광명동,중상사고,0,1,0,0,차대사람 - 기타,안전운전불이행,포장 - 건조,맑음,단일로 - 기타,승합,남,57세,상해없음,보행자,여,83세,중상
2021070600100546,2021년 7월 6일 21시,화요일,경기도 파주시 와동동,중상사고,0,1,0,0,차대사람 - 횡단중,안전운전불이행,포장 - 건조,맑음,단일로 - 기타,이륜,남,24세,상해없음,보행자,여,49세,중상
2021070600100568,2021년 7월 6일 22시,화요일,경기도 오산시 외삼미동,사망사고,1,0,0,0,차대사람 - 기타,안전운전불이행,포장 - 젖음/습기,비,교차로 - 교차로안,승용,여,46세,상해없음,보행자,남,48세,사망
2021070600100580,2021년 7월 6일 22시,화요일,경기도 남양주시 진접읍,중상사고,0,1,0,0,차대사람 - 기타,안전운전불이행,포장 - 건조,맑음,교차로 - 교차로횡단보도내,승용,여,59세,상해없음,보행자,남,50세,중상
2021070600100586,2021년 7월 6일 23시,화요일,경기도 안산시 단원구 선부동,경상사고,0,0,1,0,차대사람 - 기타,교차로운행방법위반,포장 - 건조,맑음,교차로 - 교차로안,이륜,남,50세,상해없음,보행자,남,20세,경상
2021070700100057,2021년 7월 7일 06시,수요일,경기도 양주시 옥정동,경상사고,0,0,1,0,차대사람 - 기타,안전운전불이행,포장 - 건조,맑음,기타 - 기타,화물,남,39세,상해없음,보행자,남,30세,경상
2021070700100084,2021년 7월 7일 08시,수요일,경기도 안성시 양성면,경상사고,0,0,1,0,차대사람 - 길가장자리구역통행중,안전운전불이행,포장 - 건조,맑음,단일로 - 기타,승용,남,27세,상해없음,보행자,남,73세,경상
2021070700100113,2021년 7월 7일 08시,수요일,경기도 동두천시 지행동,경상사고,0,0,1,0,차대사람 - 기타,안전운전불이행,포장 - 건조,맑음,단일로 - 기타,자전거,여,65세,상해없음,보행자,여,51세,경상
2021070700100121,2021년 7월 7일 09시,수요일,경기도 오산시 궐동,경상사고,0,0,1,0,차대사람 - 기타,안전운전불이행,포장 - 건조,맑음,교차로 - 교차로안,이륜,남,34세,상해없음,보행자,여,24세,경상
2021070700100148,2021년 7월 7일 10시,수요일,경기도 평택시 지제동,경상사고,0,0,1,0,차대사람 - 기타,신호위반,포장 - 건조,맑음,교차로 - 교차로횡단보도내,화물,남,77세,상해없음,보행자,남,37세,경상
2021070700100191,2021년 7월 7일 11시,수요일,경기도 안성시 공도읍,중상사고,0,1,0,0,차대사람 - 기타,안전운전불이행,포장 - 건조,맑음,기타 - 기타,화물,남,54세,상해없음,보행자,여,86세,중상
2021070700100193,2021년 7월 7일 11시,수요일,경기도 오산시 원동,경상사고,0,0,1,0,차대사람 - 보도통행중,기타,포장 - 건조,맑음,단일로 - 기타,승용,여,38세,상해없음,보행자,여,34세,경상
2021070700100233,2021년 7월 7일 12시,수요일,경기도 수원시 장안구 파장동,경상사고,0,0,1,0,차대사람 - 횡단중,신호위반,포장 - 건조,맑음,교차로 - 교차로안,승용,남,64세,상해없음,보행자,남,31세,경상
2021070700100238,2021년 7월 7일 12시,수요일,경기도 안양시 만안구 안양동,경상사고,0,0,1,0,차대사람 - 횡단중,안전운전불이행,포장 - 건조,맑음,교차로 - 교차로안,화물,여,43세,상해없음,보행자,여,62세,경상
2021070700100259,2021년 7월 7일 12시,수요일,경기도 남양주시 진접읍,경상사고,0,0,1,0,차대사람 - 횡단중,신호위반,포장 - 건조,맑음,단일로 - 기타,이륜,남,22세,상해없음,보행자,남,10세,경상
2021070700100265,2021년 7월 7일 13시,수요일,경기도 수원시 팔달구 화서동,경상사고,0,0,1,0,차대사람 - 기타,안전운전불이행,포장 - 건조,맑음,단일로 - 기타,승용,여,27세,상해없음,보행자,남,31세,경상
2021070700100266,2021년 7월 7일 13시,수요일,경기도 평택시 독곡동,부상신고사고,0,0,0,1,차대사람 - 기타,안전운전불이행,포장 - 건조,맑음,기타 - 기타,자전거,기타불명,미분류,기타불명,보행자,남,9세,부상신고
2021070700100269,2021년 7월 7일 13시,수요일,경기도 과천시 막계동,경상사고,0,0,1,0,차대사람 - 기타,기타,포장 - 건조,맑음,단일로 - 기타,승용,남,60세,상해없음,보행자,남,59세,경상
2021070700100270,2021년 7월 7일 13시,수요일,경기도 수원시 권선구 세류동,경상사고,0,0,1,0,차대사람 - 기타,안전운전불이행,포장 - 건조,맑음,교차로 - 교차로안,승용,여,64세,상해없음,보행자,남,60세,경상
2021070700100298,2021년 7월 7일 14시,수요일,경기도 광명시 광명동,경상사고,0,0,1,0,차대사람 - 횡단중,보행자보호의무위반,포장 - 건조,맑음,교차로 - 교차로횡단보도내,승용,여,37세,상해없음,보행자,남,66세,경상
2021070700100330,2021년 7월 7일 15시,수요일,경기도 화성시 남양읍,중상사고,0,1,0,0,차대사람 - 기타,안전운전불이행,포장 - 건조,맑음,기타 - 기타,승용,남,49세,상해없음,보행자,여,52세,중상
2021070700100348,2021년 7월 7일 15시,수요일,경기도 남양주시 와부읍,경상사고,0,0,1,0,차대사람 - 길가장자리구역통행중,안전운전불이행,포장 - 건조,맑음,단일로 - 기타,승용,남,26세,상해없음,보행자,남,69세,경상
2021070700100368,2021년 7월 7일 16시,수요일,경기도 의왕시 삼동,중상사고,0,1,0,0,차대사람 - 기타,안전운전불이행,포장 - 건조,맑음,단일로 - 기타,승용,남,52세,상해없음,보행자,여,76세,중상
2021070700100369,2021년 7월 7일 16시,수요일,경기도 부천시 원종동,경상사고,0,0,2,0,차대사람 - 기타,기타,포장 - 건조,흐림,단일로 - 기타,승용,남,30세,상해없음,보행자,남,49세,경상
2021070700100393,2021년 7월 7일 16시,수요일,경기도 고양시 덕양구 원흥동,경상사고,0,0,1,0,차대사람 - 보도통행중,기타,포장 - 건조,맑음,단일로 - 교량,승용,남,63세,상해없음,보행자,남,58세,경상
2021070700100394,2021년 7월 7일 16시,수요일,경기도 고양시 일산동구 장항동,부상신고사고,0,0,0,1,차대사람 - 기타,안전운전불이행,포장 - 건조,맑음,기타 - 기타,기타불명,기타불명,미분류,기타불명,보행자,남,45세,부상신고
2021070700100409,2021년 7월 7일 17시,수요일,경기도 성남시 분당구 판교동,경상사고,0,0,1,0,차대사람 - 기타,안전운전불이행,포장 - 건조,맑음,단일로 - 기타,승용,여,37세,상해없음,보행자,남,39세,경상
2021070700100448,2021년 7월 7일 18시,수요일,경기도 오산시 원동,경상사고,0,0,1,0,차대사람 - 횡단중,보행자보호의무위반,포장 - 건조,맑음,교차로 - 교차로안,승용,여,55세,상해없음,보행자,여,32세,경상
2021070700100486,2021년 7월 7일 18시,수요일,경기도 고양시 덕양구 고양동,경상사고,0,0,1,0,차대사람 - 기타,안전운전불이행,포장 - 건조,맑음,교차로 - 교차로부근,승용,여,49세,상해없음,보행자,여,42세,경상
2021070700100496,2021년 7월 7일 19시,수요일,경기도 부천시 소사본동,경상사고,0,0,1,0,차대사람 - 길가장자리구역통행중,안전운전불이행,포장 - 건조,맑음,단일로 - 기타,승용,여,56세,상해없음,보행자,남,12세,경상
2021070700100499,2021년 7월 7일 19시,수요일,경기도 성남시 중원구 상대원동,경상사고,0,0,1,0,차대사람 - 기타,안전운전불이행,포장 - 건조,맑음,기타 - 기타,화물,남,60세,상해없음,보행자,남,16세,경상
2021070700100500,2021년 7월 7일 19시,수요일,경기도 용인시 수지구 상현동,중상사고,0,1,0,0,차대사람 - 기타,안전운전불이행,포장 - 건조,맑음,단일로 - 기타,승합,남,45세,상해없음,보행자,남,37세,중상
2021070700100535,2021년 7월 7일 20시,수요일,경기도 김포시 양촌읍,중상사고,0,1,0,0,차대사람 - 기타,안전운전불이행,포장 - 건조,맑음,단일로 - 기타,승용,남,36세,상해없음,보행자,여,51세,중상
2021070700100580,2021년 7월 7일 21시,수요일,경기도 성남시 분당구 구미동,경상사고,0,0,1,0,차대사람 - 기타,안전운전불이행,포장 - 젖음/습기,비,기타 - 기타,자전거,남,21세,상해없음,보행자,남,28세,경상
2021070700100630,2021년 7월 7일 22시,수요일,경기도 남양주시 진건읍,경상사고,0,0,1,0,차대사람 - 기타,안전운전불이행,포장 - 건조,맑음,미분류 - 미분류,승용,남,28세,상해없음,보행자,남,27세,경상
2021070700100640,2021년 7월 7일 23시,수요일,경기도 광주시 오포읍,경상사고,0,0,1,0,차대사람 - 기타,안전운전불이행,포장 - 젖음/습기,비,단일로 - 기타,이륜,남,17세,상해없음,보행자,남,78세,경상
2021070800100027,2021년 7월 8일 01시,목요일,경기도 의정부시 의정부동,경상사고,0,0,1,0,차대사람 - 길가장자리구역통행중,안전운전불이행,포장 - 젖음/습기,비,교차로 - 교차로안,승용,남,29세,상해없음,보행자,남,35세,경상
2021070800100054,2021년 7월 8일 06시,목요일,경기도 안산시 단원구 원곡동,경상사고,0,0,1,0,차대사람 - 횡단중,안전운전불이행,포장 - 건조,맑음,교차로 - 교차로횡단보도내,승용,남,40세,상해없음,보행자,여,65세,경상
2021070800100089,2021년 7월 8일 08시,목요일,경기도 시흥시 과림동,경상사고,0,0,1,0,차대사람 - 기타,안전운전불이행,포장 - 건조,맑음,단일로 - 기타,승용,남,71세,상해없음,보행자,남,16세,경상
2021070800100114,2021년 7월 8일 08시,목요일,경기도 동두천시 지행동,경상사고,0,0,1,0,차대사람 - 횡단중,안전운전불이행,포장 - 건조,맑음,단일로 - 기타,승용,남,47세,상해없음,보행자,여,17세,경상
2021070800100132,2021년 7월 8일 09시,목요일,경기도 부천시 상동,중상사고,0,1,0,0,차대사람 - 횡단중,보행자보호의무위반,포장 - 건조,맑음,교차로 - 교차로횡단보도내,승용,여,54세,상해없음,보행자,여,28세,중상
2021070800100133,2021년 7월 8일 09시,목요일,경기도 과천시 갈현동,중상사고,0,1,0,0,차대사람 - 기타,안전운전불이행,포장 - 건조,맑음,교차로 - 교차로부근,건설기계,남,32세,상해없음,보행자,남,54세,중상
2021070800100134,2021년 7월 8일 09시,목요일,경기도 수원시 영통구 원천동,중상사고,0,1,0,0,차대사람 - 횡단중,안전운전불이행,포장 - 건조,맑음,기타 - 기타,승용,여,49세,상해없음,보행자,남,35세,중상
2021070800100171,2021년 7월 8일 10시,목요일,경기도 평택시 비전동,경상사고,0,0,1,0,차대사람 - 기타,안전운전불이행,포장 - 건조,맑음,단일로 - 기타,승합,남,50세,상해없음,보행자,여,61세,경상
2021070800100174,2021년 7월 8일 10시,목요일,경기도 광명시 광명동,경상사고,0,0,1,0,차대사람 - 길가장자리구역통행중,안전운전불이행,포장 - 건조,맑음,단일로 - 기타,화물,남,27세,상해없음,보행자,남,39세,경상
2021070800100201,2021년 7월 8일 11시,목요일,경기도 오산시 오산동,중상사고,0,1,0,0,차대사람 - 기타,안전운전불이행,포장 - 건조,맑음,단일로 - 기타,승용,여,49세,상해없음,보행자,여,79세,중상
2021070800100236,2021년 7월 8일 12시,목요일,경기도 부천시 원미동,경상사고,0,0,1,0,차대사람 - 기타,안전운전불이행,포장 - 건조,맑음,교차로 - 교차로안,승용,남,72세,상해없음,보행자,여,38세,경상
2021070800100238,2021년 7월 8일 12시,목요일,경기도 안산시 상록구 이동,경상사고,0,0,1,0,차대사람 - 기타,안전운전불이행,포장 - 건조,맑음,단일로 - 기타,화물,남,68세,상해없음,보행자,여,25세,경상
2021070800100270,2021년 7월 8일 13시,목요일,경기도 안산시 상록구 월피동,경상사고,0,0,1,0,차대사람 - 기타,안전운전불이행,포장 - 건조,맑음,단일로 - 기타,승용,남,24세,상해없음,보행자,여,9세,경상
2021070800100332,2021년 7월 8일 15시,목요일,경기도 안양시 만안구 안양동,경상사고,0,0,1,0,차대사람 - 길가장자리구역통행중,안전운전불이행,포장 - 건조,맑음,단일로 - 기타,승용,여,54세,상해없음,보행자,남,8세,경상
2021070800100362,2021년 7월 8일 16시,목요일,경기도 수원시 팔달구 화서동,경상사고,0,0,1,0,차대사람 - 기타,안전운전불이행,포장 - 건조,맑음,단일로 - 기타,승용,여,57세,상해없음,보행자,여,26세,경상
2021070800100367,2021년 7월 8일 16시,목요일,경기도 성남시 분당구 정자동,부상신고사고,0,0,0,1,차대사람 - 기타,안전운전불이행,포장 - 건조,맑음,기타 - 기타,자전거,남,13세,상해없음,보행자,남,3세,부상신고
2021070800100369,2021년 7월 8일 16시,목요일,경기도 하남시 신장동,중상사고,0,1,0,0,차대사람 - 횡단중,안전운전불이행,포장 - 건조,맑음,단일로 - 기타,이륜,남,17세,상해없음,보행자,여,76세,중상
2021070800100391,2021년 7월 8일 16시,목요일,경기도 구리시 교문동,경상사고,0,0,1,0,차대사람 - 보도통행중,보행자보호의무위반,포장 - 건조,맑음,교차로 - 교차로횡단보도내,승용,여,47세,상해없음,보행자,남,13세,경상
2021070800100443,2021년 7월 8일 18시,목요일,경기도 광명시 소하동,경상사고,0,0,1,0,차대사람 - 기타,기타,포장 - 건조,맑음,교차로 - 교차로부근,기타불명,남,47세,상해없음,보행자,남,52세,경상
2021070800100479,2021년 7월 8일 19시,목요일,경기도 안산시 상록구 이동,중상사고,0,1,0,0,차대사람 - 횡단중,신호위반,포장 - 건조,맑음,기타 - 기타,승용,남,62세,상해없음,보행자,여,86세,중상
2021070800100496,2021년 7월 8일 19시,목요일,경기도 고양시 덕양구 도내동,경상사고,0,0,1,0,차대사람 - 기타,안전운전불이행,포장 - 건조,맑음,단일로 - 기타,승합,남,63세,상해없음,보행자,남,18세,경상
2021070800100497,2021년 7월 8일 19시,목요일,경기도 고양시 일산동구 장항동,경상사고,0,0,1,0,차대사람 - 기타,보행자보호의무위반,포장 - 건조,맑음,교차로 - 교차로부근,화물,남,40세,상해없음,보행자,남,59세,경상
2021070800100504,2021년 7월 8일 20시,목요일,경기도 평택시 평택동,경상사고,0,0,2,0,차대사람 - 기타,안전운전불이행,포장 - 건조,맑음,단일로 - 기타,승용,여,56세,상해없음,보행자,남,37세,경상
2021070800100505,2021년 7월 8일 20시,목요일,경기도 안양시 동안구 평촌동,경상사고,0,0,1,0,차대사람 - 기타,안전운전불이행,포장 - 건조,맑음,교차로 - 교차로부근,승용,남,51세,상해없음,보행자,여,31세,경상
2021070800100567,2021년 7월 8일 22시,목요일,경기도 광명시 광명동,경상사고,0,0,1,0,차대사람 - 기타,안전운전불이행,포장 - 건조,맑음,기타 - 기타,승용,남,22세,상해없음,보행자,남,55세,경상
2021070900100016,2021년 7월 9일 00시,금요일,경기도 남양주시 화도읍,중상사고,0,1,1,0,차대사람 - 기타,보행자보호의무위반,포장 - 건조,맑음,교차로 - 교차로안,화물,남,41세,상해없음,보행자,여,22세,중상
2021070900100035,2021년 7월 9일 05시,금요일,경기도 수원시 권선구 곡반정동,중상사고,0,1,0,0,차대사람 - 기타,신호위반,포장 - 건조,맑음,교차로 - 교차로부근,이륜,남,22세,기타불명,보행자,여,60세,중상
2021070900100037,2021년 7월 9일 05시,금요일,경기도 시흥시 정왕동,중상사고,0,1,0,0,차대사람 - 횡단중,과속,포장 - 건조,맑음,교차로 - 교차로횡단보도내,승용,남,50세,상해없음,보행자,남,21세,중상
2021070900100049,2021년 7월 9일 06시,금요일,경기도 고양시 덕양구 행신동,중상사고,0,1,0,0,차대사람 - 횡단중,보행자보호의무위반,포장 - 기타,맑음,교차로 - 교차로횡단보도내,승용,여,36세,상해없음,보행자,여,73세,중상
2021070900100083,2021년 7월 9일 08시,금요일,경기도 수원시 권선구 세류동,경상사고,0,0,1,0,차대사람 - 기타,안전운전불이행,포장 - 건조,맑음,교차로 - 교차로안,승용,여,40세,상해없음,보행자,여,25세,경상
2021070900100104,2021년 7월 9일 08시,금요일,경기도 양주시 백석읍,경상사고,0,0,1,0,차대사람 - 기타,안전운전불이행,포장 - 건조,맑음,교차로 - 교차로안,승용,남,48세,상해없음,보행자,여,25세,경상
2021070900100134,2021년 7월 9일 10시,금요일,경기도 광주시 초월읍,경상사고,0,0,1,0,차대사람 - 기타,안전운전불이행,포장 - 젖음/습기,흐림,기타 - 기타,승용,여,75세,상해없음,보행자,여,63세,경상
2021070900100136,2021년 7월 9일 10시,금요일,경기도 수원시 팔달구 인계동,경상사고,0,0,1,0,차대사람 - 횡단중,신호위반,포장 - 건조,맑음,단일로 - 기타,승용,여,24세,상해없음,보행자,남,27세,경상
2021070900100137,2021년 7월 9일 10시,금요일,경기도 성남시 분당구 야탑동,경상사고,0,0,1,0,차대사람 - 보도통행중,기타,포장 - 건조,맑음,기타 - 기타,화물,남,48세,상해없음,보행자,여,72세,경상
2021070900100177,2021년 7월 9일 11시,금요일,경기도 안산시 단원구 선부동,경상사고,0,0,1,0,차대사람 - 횡단중,기타,포장 - 건조,맑음,교차로 - 교차로부근,승용,남,37세,상해없음,보행자,여,31세,경상
2021070900100194,2021년 7월 9일 11시,금요일,경기도 파주시 와동동,중상사고,0,1,0,0,차대사람 - 횡단중,기타,포장 - 건조,맑음,단일로 - 기타,화물,남,52세,상해없음,보행자,남,60세,중상
2021070900100200,2021년 7월 9일 12시,금요일,경기도 수원시 장안구 천천동,경상사고,0,0,1,0,차대사람 - 기타,신호위반,포장 - 건조,맑음,교차로 - 교차로횡단보도내,승용,남,33세,상해없음,보행자,여,43세,경상
2021070900100209,2021년 7월 9일 12시,금요일,경기도 화성시 반송동,경상사고,0,0,1,0,차대사람 - 횡단중,신호위반,포장 - 건조,맑음,교차로 - 교차로횡단보도내,승용,여,33세,상해없음,보행자,여,25세,경상
2021070900100237,2021년 7월 9일 13시,금요일,경기도 안양시 만안구 안양동,중상사고,0,1,0,0,차대사람 - 횡단중,안전운전불이행,포장 - 건조,맑음,교차로 - 교차로안,승용,남,37세,상해없음,보행자,남,71세,중상
2021070900100257,2021년 7월 9일 13시,금요일,경기도 양주시 옥정동,경상사고,0,0,1,0,차대사람 - 보도통행중,기타,포장 - 건조,맑음,기타 - 기타,자전거,남,22세,상해없음,보행자,여,66세,경상
2021070900100299,2021년 7월 9일 14시,금요일,경기도 고양시 일산서구 탄현동,경상사고,0,0,1,0,차대사람 - 기타,안전운전불이행,포장 - 건조,맑음,단일로 - 기타,승용,남,55세,상해없음,보행자,남,43세,경상
2021070900100310,2021년 7월 9일 15시,금요일,경기도 평택시 비전동,경상사고,0,0,2,0,차대사람 - 횡단중,보행자보호의무위반,포장 - 건조,맑음,기타 - 기타,승용,여,56세,상해없음,보행자,여,35세,경상
2021070900100343,2021년 7월 9일 16시,금요일,경기도 안양시 동안구 관양동,경상사고,0,0,1,0,차대사람 - 기타,보행자보호의무위반,포장 - 건조,맑음,교차로 - 교차로부근,자전거,남,70세,기타불명,보행자,여,41세,경상
2021070900100344,2021년 7월 9일 16시,금요일,경기도 광주시 도척면,중상사고,0,1,0,0,차대사람 - 기타,안전운전불이행,포장 - 건조,맑음,교차로 - 교차로안,승용,여,51세,상해없음,보행자,남,4세,중상
2021070900100346,2021년 7월 9일 16시,금요일,경기도 부천시 중동,경상사고,0,0,1,0,차대사람 - 횡단중,보행자보호의무위반,포장 - 건조,맑음,교차로 - 교차로안,승용,남,18세,상해없음,보행자,여,35세,경상
2021070900100349,2021년 7월 9일 16시,금요일,경기도 용인시 기흥구 마북동,경상사고,0,0,1,0,차대사람 - 횡단중,보행자보호의무위반,포장 - 건조,맑음,단일로 - 기타,승용,여,50세,상해없음,보행자,남,10세,경상
2021070900100398,2021년 7월 9일 17시,금요일,경기도 오산시 원동,경상사고,0,0,1,0,차대사람 - 기타,안전운전불이행,포장 - 건조,맑음,교차로 - 교차로안,승용,남,56세,상해없음,보행자,여,8세,경상
2021070900100435,2021년 7월 9일 18시,금요일,경기도 평택시 포승읍,경상사고,0,0,1,0,차대사람 - 기타,안전운전불이행,포장 - 건조,흐림,교차로 - 교차로부근,승용,남,21세,상해없음,보행자,여,11세,경상
2021070900100438,2021년 7월 9일 18시,금요일,경기도 안성시 공도읍,중상사고,0,1,0,0,차대사람 - 차도통행중,안전운전불이행,포장 - 건조,맑음,단일로 - 기타,승합,남,31세,상해없음,보행자,남,47세,중상
2021070900100440,2021년 7월 9일 18시,금요일,경기도 오산시 가수동,경상사고,0,0,1,0,차대사람 - 횡단중,신호위반,포장 - 건조,맑음,단일로 - 기타,승용,여,51세,상해없음,보행자,여,24세,경상
2021070900100444,2021년 7월 9일 18시,금요일,경기도 수원시 권선구 고색동,사망사고,1,0,0,0,차대사람 - 기타,안전운전불이행,포장 - 건조,맑음,교차로 - 교차로부근,승용,여,51세,상해없음,보행자,여,63세,사망
2021070900100493,2021년 7월 9일 19시,금요일,경기도 군포시 금정동,중상사고,0,1,0,0,차대사람 - 횡단중,보행자보호의무위반,포장 - 건조,맑음,교차로 - 교차로부근,화물,남,65세,상해없음,보행자,여,53세,중상
2021070900100518,2021년 7월 9일 19시,금요일,경기도 의정부시 신곡동,중상사고,0,1,0,0,차대사람 - 횡단중,안전운전불이행,포장 - 건조,맑음,단일로 - 기타,자전거,남,40세,상해없음,보행자,여,73세,중상
2021070900100534,2021년 7월 9일 20시,금요일,경기도 안성시 석정동,경상사고,0,0,1,0,차대사람 - 횡단중,보행자보호의무위반,포장 - 건조,맑음,교차로 - 교차로부근,이륜,남,26세,상해없음,보행자,여,48세,경상
2021070900100535,2021년 7월 9일 20시,금요일,경기도 양평군 양평읍,경상사고,0,0,1,0,차대사람 - 횡단중,보행자보호의무위반,포장 - 건조,맑음,교차로 - 교차로횡단보도내,승용,여,57세,상해없음,보행자,남,66세,경상
2021070900100539,2021년 7월 9일 20시,금요일,경기도 부천시 고강동,경상사고,0,0,1,0,차대사람 - 기타,안전운전불이행,포장 - 건조,맑음,단일로 - 기타,이륜,남,49세,상해없음,보행자,여,31세,경상
2021070900100565,2021년 7월 9일 21시,금요일,경기도 수원시 영통구 매탄동,경상사고,0,0,1,0,차대사람 - 기타,안전운전불이행,포장 - 건조,맑음,단일로 - 기타,승합,남,52세,상해없음,보행자,여,49세,경상
2021070900100585,2021년 7월 9일 21시,금요일,경기도 고양시 일산동구 정발산동,경상사고,0,0,1,0,차대사람 - 기타,안전운전불이행,포장 - 건조,맑음,단일로 - 기타,화물,남,48세,상해없음,보행자,남,11세,경상
2021070900100601,2021년 7월 9일 22시,금요일,경기도 성남시 분당구 서현동,경상사고,0,0,1,0,차대사람 - 기타,안전운전불이행,포장 - 건조,기타,기타 - 기타,승용,남,67세,상해없음,보행자,남,59세,경상