사고번호,사고일시,요일,시군구,사고내용,사망자수,중상자수,경상자수,부상신고자수,사고유형,법규위반,노면상태,기상상태,도로형태,가해운전자 차종,가해운전자 성별,가해운전자 연령,가해운전자 상해정도,피해운전자 차종,피해운전자 성별,피해운전자 연령,피해운전자 상해정도
2021071500100086,2021년 7월 15일 08시,목요일,경기도 부천시 고강동,중상사고,0,1,0,0,차대사람 - 기타,안전운전불이행,포장 - 건조,맑음,단일로 - 기타,화물,남,51세,상해없음,보행자,여,53세,중상
2021071500100126,2021년 7월 15일 09시,목요일,경기도 평택시 서정동,중상사고,0,1,0,0,차대사람 - 보도통행중,보행자보호의무위반,포장 - 건조,맑음,교차로 - 교차로안,건설기계,남,27세,기타불명,보행자,여,63세,중상
2021071500100129,2021년 7월 15일 09시,목요일,경기도 부천시 심곡동,경상사고,0,0,2,0,차대사람 - 횡단중,신호위반,포장 - 건조,맑음,교차로 - 교차로안,이륜,여,33세,경상,보행자,여,19세,경상
2021071500100152,2021년 7월 15일 09시,목요일,경기도 파주시 야당동,경상사고,0,0,1,0,차대사람 - 횡단중,안전운전불이행,포장 - 건조,맑음,단일로 - 기타,자전거,남,47세,상해없음,보행자,남,56세,경상
2021071500100190,2021년 7월 15일 11시,목요일,경기도 하남시 신장동,중상사고,0,1,0,0,차대사람 - 기타,안전운전불이행,포장 - 건조,맑음,기타 - 기타,이륜,남,17세,상해없음,보행자,여,61세,중상
2021071500100260,2021년 7월 15일 13시,목요일,경기도 광명시 하안동,중상사고,0,1,0,0,차대사람 - 기타,안전운전불이행,포장 - 건조,맑음,단일로 - 기타,화물,남,53세,상해없음,보행자,남,82세,중상
2021071500100304,2021년 7월 15일 14시,목요일,경기도 성남시 중원구 중앙동,경상사고,0,0,1,0,차대사람 - 기타,안전운전불이행,포장 - 건조,맑음,기타 - 기타,화물,남,68세,상해없음,보행자,남,51세,경상
2021071500100369,2021년 7월 15일 16시,목요일,경기도 이천시 창전동,경상사고,0,0,1,1,차대사람 - 횡단중,안전운전불이행,포장 - 건조,맑음,단일로 - 기타,이륜,남,21세,부상신고,보행자,여,14세,경상
2021071500100428,2021년 7월 15일 17시,목요일,경기도 고양시 덕양구 행신동,경상사고,0,0,1,0,차대사람 - 횡단중,보행자보호의무위반,포장 - 건조,맑음,교차로 - 교차로횡단보도내,승용,여,25세,상해없음,보행자,여,16세,경상
2021071500100540,2021년 7월 15일 20시,목요일,경기도 부천시 원미동,경상사고,0,0,1,0,차대사람 - 기타,안전운전불이행,포장 - 건조,맑음,단일로 - 기타,승용,여,50세,상해없음,보행자,남,66세,경상
2021071500100582,2021년 7월 15일 21시,목요일,경기도 남양주시 진접읍,중상사고,0,1,0,0,차대사람 - 기타,안전운전불이행,포장 - 건조,맑음,교차로 - 교차로횡단보도내,승용,남,32세,상해없음,보행자,남,67세,중상
2021071600100030,2021년 7월 16일 05시,금요일,경기도 양주시 장흥면,중상사고,0,1,0,0,차대사람 - 횡단중,신호위반,포장 - 건조,맑음,교차로 - 교차로안,화물,남,57세,상해없음,보행자,남,32세,중상
2021071600100110,2021년 7월 16일 09시,금요일,경기도 안산시 상록구 본오동,경상사고,0,0,1,0,차대사람 - 차도통행중,안전운전불이행,포장 - 건조,맑음,교차로 - 교차로안,승용,여,43세,상해없음,보행자,남,83세,경상
2021071600100111,2021년 7월 16일 09시,금요일,경기도 수원시 권선구 금곡동,경상사고,0,0,1,0,차대사람 - 기타,안전운전불이행,포장 - 건조,맑음,교차로 - 교차로횡단보도내,승용,여,51세,상해없음,보행자,남,80세,경상
2021071600100151,2021년 7월 16일 10시,금요일,경기도 광명시 하안동,중상사고,0,1,0,0,차대사람 - 횡단중,안전운전불이행,포장 - 건조,맑음,교차로 - 교차로안,승용,여,49세,상해없음,보행자,여,67세,중상
2021071600100153,2021년 7월 16일 10시,금요일,경기도 화성시 반송동,중상사고,0,1,0,0,차대사람 - 기타,보행자보호의무위반,포장 - 건조,맑음,단일로 - 기타,자전거,남,81세,상해없음,보행자,여,48세,중상
2021071600100182,2021년 7월 16일 11시,금요일,경기도 부천시 심곡본동,중상사고,0,1,0,0,차대사람 - 횡단중,보행자보호의무위반,포장 - 건조,맑음,교차로 - 교차로횡단보도내,화물,남,63세,상해없음,보행자,여,62세,중상
2021071600100184,2021년 7월 16일 11시,금요일,경기도 시흥시 정왕동,경상사고,0,0,1,0,차대사람 - 횡단중,안전운전불이행,포장 - 건조,맑음,교차로 - 교차로횡단보도내,이륜,남,40세,상해없음,보행자,남,24세,경상
2021071600100331,2021년 7월 16일 15시,금요일,경기도 용인시 처인구 포곡읍,중상사고,0,1,0,0,차대사람 - 횡단중,안전운전불이행,포장 - 건조,맑음,교차로 - 교차로안,승용,여,76세,상해없음,보행자,남,8세,중상
2021071600100332,2021년 7월 16일 15시,금요일,경기도 용인시 처인구 김량장동,중상사고,0,1,0,0,차대사람 - 횡단중,교차로운행방법위반,포장 - 건조,맑음,교차로 - 교차로안,승용,남,58세,상해없음,보행자,남,82세,중상
2021071600100334,2021년 7월 16일 15시,금요일,경기도 시흥시 정왕동,경상사고,0,0,1,0,차대사람 - 차도통행중,안전운전불이행,포장 - 건조,맑음,단일로 - 기타,승용,남,41세,상해없음,보행자,여,66세,경상
2021071600100353,2021년 7월 16일 15시,금요일,경기도 남양주시 금곡동,중상사고,0,1,0,0,차대사람 - 기타,안전운전불이행,포장 - 건조,맑음,주차장 - 주차장,승용,남,45세,상해없음,보행자,여,66세,중상
2021071600100368,2021년 7월 16일 16시,금요일,경기도 오산시 은계동,중상사고,0,2,0,0,차대사람 - 기타,안전운전불이행,포장 - 건조,맑음,단일로 - 기타,이륜,남,59세,중상,보행자,남,15세,중상
2021071600100372,2021년 7월 16일 16시,금요일,경기도 안산시 상록구 이동,중상사고,0,1,0,0,차대사람 - 횡단중,신호위반,포장 - 건조,맑음,단일로 - 기타,승용,남,77세,상해없음,보행자,남,32세,중상
2021071600100464,2021년 7월 16일 18시,금요일,경기도 용인시 처인구 양지면,경상사고,0,0,1,0,차대사람 - 차도통행중,안전운전불이행,포장 - 건조,맑음,단일로 - 기타,승용,여,42세,상해없음,보행자,여,76세,경상
2021071600100525,2021년 7월 16일 19시,금요일,경기도 용인시 처인구 포곡읍,경상사고,0,0,1,0,차대사람 - 기타,안전운전불이행,포장 - 건조,맑음,단일로 - 기타,승용,여,58세,상해없음,보행자,남,25세,경상
2021071600100526,2021년 7월 16일 19시,금요일,경기도 용인시 처인구 포곡읍,경상사고,0,0,1,0,차대사람 - 기타,안전운전불이행,포장 - 건조,맑음,기타 - 기타,개인형이동수단(PM),남,15세,상해없음,보행자,여,70세,경상
2021071600100528,2021년 7월 16일 19시,금요일,경기도 부천시 심곡동,경상사고,0,0,2,0,차대사람 - 보도통행중,안전운전불이행,포장 - 젖음/습기,비,교차로 - 교차로부근,이륜,남,24세,경상,보행자,여,26세,경상
2021071600100531,2021년 7월 16일 19시,금요일,경기도 시흥시 장현동,경상사고,0,0,1,0,차대사람 - 횡단중,신호위반,포장 - 건조,맑음,교차로 - 교차로횡단보도내,이륜,남,42세,상해없음,보행자,여,13세,경상
2021071600100613,2021년 7월 16일 21시,금요일,경기도 여주시 점봉동,경상사고,0,0,1,0,차대사람 - 기타,안전운전불이행,포장 - 건조,맑음,단일로 - 기타,승용,남,56세,상해없음,보행자,남,46세,경상
2021071600100616,2021년 7월 16일 21시,금요일,경기도 양평군 용문면,중상사고,0,1,0,0,차대사람 - 기타,안전운전불이행,포장 - 건조,맑음,기타 - 기타,화물,남,56세,상해없음,보행자,남,55세,중상
2021071600100621,2021년 7월 16일 21시,금요일,경기도 수원시 영통구 원천동,경상사고,0,0,1,0,차대사람 - 횡단중,안전운전불이행,포장 - 건조,맑음,교차로 - 교차로횡단보도내,승용,남,70세,상해없음,보행자,남,22세,경상
2021071600100623,2021년 7월 16일 21시,금요일,경기도 성남시 중원구 하대원동,중상사고,0,1,0,0,차대사람 - 기타,안전운전불이행,포장 - 건조,기타,단일로 - 기타,승용,남,22세,상해없음,보행자,여,41세,중상
2021071600100660,2021년 7월 16일 22시,금요일,경기도 시흥시 거모동,경상사고,0,0,1,0,차대사람 - 기타,안전운전불이행,포장 - 건조,맑음,단일로 - 기타,승용,남,33세,상해없음,보행자,남,54세,경상
2021071600100661,2021년 7월 16일 22시,금요일,경기도 수원시 팔달구 매산로1가,경상사고,0,0,1,0,차대사람 - 기타,안전운전불이행,포장 - 건조,맑음,단일로 - 기타,승용,남,47세,상해없음,보행자,남,23세,경상
2021071600100680,2021년 7월 16일 23시,금요일,경기도 수원시 영통구 하동,경상사고,0,0,1,0,차대사람 - 횡단중,신호위반,포장 - 건조,맑음,교차로 - 교차로횡단보도내,승합,남,48세,상해없음,보행자,남,25세,경상
2021071700100056,2021년 7월 17일 06시,토요일,경기도 시흥시 정왕동,중상사고,0,1,0,0,차대사람 - 횡단중,안전운전불이행,포장 - 건조,맑음,단일로 - 기타,승용,여,48세,상해없음,보행자,남,73세,중상
2021071700100068,2021년 7월 17일 07시,토요일,경기도 이천시 송정동,경상사고,0,0,1,0,차대사람 - 기타,안전운전불이행,포장 - 건조,맑음,단일로 - 기타,자전거,남,40세,상해없음,보행자,여,74세,경상
2021071700100069,2021년 7월 17일 07시,토요일,경기도 하남시 덕풍동,경상사고,0,0,1,0,차대사람 - 기타,안전운전불이행,포장 - 건조,맑음,단일로 - 기타,화물,남,39세,상해없음,보행자,여,81세,경상
2021071700100085,2021년 7월 17일 08시,토요일,경기도 평택시 안중읍,부상신고사고,0,0,0,1,차대사람 - 기타,안전운전불이행,포장 - 건조,맑음,단일로 - 기타,승합,남,60세,상해없음,보행자,남,49세,부상신고
2021071700100087,2021년 7월 17일 08시,토요일,경기도 부천시 도당동,경상사고,0,0,1,0,차대사람 - 횡단중,안전운전불이행,포장 - 건조,맑음,교차로 - 교차로부근,화물,남,61세,상해없음,보행자,남,21세,경상
2021071700100113,2021년 7월 17일 09시,토요일,경기도 화성시 팔탄면,경상사고,0,0,1,0,차대사람 - 기타,안전운전불이행,포장 - 건조,맑음,단일로 - 기타,승합,여,41세,상해없음,보행자,여,47세,경상
2021071700100179,2021년 7월 17일 11시,토요일,경기도 안성시 창전동,중상사고,0,1,0,0,차대사람 - 차도통행중,안전운전불이행,포장 - 건조,맑음,단일로 - 기타,이륜,남,24세,상해없음,보행자,남,82세,중상
2021071700100180,2021년 7월 17일 11시,토요일,경기도 여주시 교동,경상사고,0,0,1,0,차대사람 - 기타,안전운전불이행,포장 - 건조,맑음,주차장 - 주차장,승용,남,41세,상해없음,보행자,남,61세,경상
2021071700100227,2021년 7월 17일 12시,토요일,경기도 시흥시 대야동,경상사고,0,0,1,0,차대사람 - 기타,보행자보호의무위반,포장 - 건조,맑음,교차로 - 교차로횡단보도내,승합,남,55세,상해없음,보행자,여,63세,경상
2021071700100260,2021년 7월 17일 13시,토요일,경기도 안산시 단원구 선부동,경상사고,0,0,1,0,차대사람 - 기타,안전운전불이행,포장 - 건조,맑음,교차로 - 교차로안,이륜,남,32세,상해없음,보행자,여,8세,경상
2021071700100326,2021년 7월 17일 14시,토요일,경기도 고양시 덕양구 주교동,부상신고사고,0,0,0,1,차대사람 - 보도통행중,기타,포장 - 건조,맑음,단일로 - 지하차도(도로)내,승용,남,73세,상해없음,보행자,여,54세,부상신고
2021071700100338,2021년 7월 17일 15시,토요일,경기도 수원시 장안구 상광교동,경상사고,0,0,1,0,차대사람 - 기타,불법유턴,포장 - 건조,맑음,기타 - 기타,승합,남,46세,상해없음,보행자,남,58세,경상
2021071700100341,2021년 7월 17일 15시,토요일,경기도 안양시 동안구 관양동,경상사고,0,0,1,0,차대사람 - 횡단중,안전운전불이행,포장 - 건조,맑음,교차로 - 교차로안,개인형이동수단(PM),기타불명,미분류,기타불명,보행자,남,49세,경상
2021071700100381,2021년 7월 17일 16시,토요일,경기도 용인시 수지구 풍덕천동,경상사고,0,0,1,0,차대사람 - 차도통행중,안전운전불이행,포장 - 건조,맑음,단일로 - 기타,승용,남,50세,상해없음,보행자,여,26세,경상
2021071700100418,2021년 7월 17일 17시,토요일,경기도 수원시 권선구 곡반정동,경상사고,0,0,1,0,차대사람 - 보도통행중,안전운전불이행,포장 - 건조,맑음,교차로 - 교차로안,승용,남,59세,상해없음,보행자,남,53세,경상
2021071700100519,2021년 7월 17일 20시,토요일,경기도 부천시 중동,경상사고,0,0,1,0,차대사람 - 횡단중,보행자보호의무위반,포장 - 건조,맑음,교차로 - 교차로안,승용,남,28세,상해없음,보행자,여,28세,경상
2021071700100599,2021년 7월 17일 22시,토요일,경기도 고양시 덕양구 행신동,경상사고,0,0,1,0,차대사람 - 기타,안전운전불이행,포장 - 건조,맑음,교차로 - 교차로부근,승용,남,48세,상해없음,보행자,남,34세,경상
2021071800100038,2021년 7월 18일 05시,일요일,경기도 시흥시 정왕동,중상사고,0,1,0,0,차대사람 - 기타,안전운전불이행,포장 - 건조,맑음,단일로 - 기타,승용,남,41세,상해없음,보행자,남,29세,중상
2021071800100054,2021년 7월 18일 08시,일요일,경기도 성남시 분당구 수내동,중상사고,0,1,0,0,차대사람 - 기타,안전운전불이행,포장 - 건조,맑음,단일로 - 기타,자전거,남,49세,상해없음,보행자,남,59세,중상
2021071800100225,2021년 7월 18일 15시,일요일,경기도 부천시 심곡동,경상사고,0,0,1,0,차대사람 - 기타,안전운전불이행,포장 - 건조,맑음,단일로 - 기타,승용,남,27세,상해없음,보행자,남,20세,경상
2021071800100226,2021년 7월 18일 15시,일요일,경기도 안산시 단원구 고잔동,중상사고,0,1,0,0,차대사람 - 기타,안전운전불이행,포장 - 건조,맑음,단일로 - 기타,승용,남,36세,상해없음,보행자,여,74세,중상
2021071800100253,2021년 7월 18일 16시,일요일,경기도 안양시 동안구 호계동,경상사고,0,0,1,0,차대사람 - 기타,안전운전불이행,포장 - 건조,맑음,단일로 - 기타,개인형이동수단(PM),여,20세,상해없음,보행자,여,61세,경상
2021071800100257,2021년 7월 18일 16시,일요일,경기도 성남시 분당구 구미동,부상신고사고,0,0,0,1,차대사람 - 기타,안전운전불이행,포장 - 기타,맑음,단일로 - 기타,기타불명,기타불명,미분류,기타불명,보행자,여,79세,부상신고
2021071800100333,2021년 7월 18일 18시,일요일,경기도 의정부시 금오동,중상사고,0,1,0,0,차대사람 - 차도통행중,신호위반,포장 - 건조,맑음,교차로 - 교차로부근,화물,남,54세,상해없음,보행자,여,50세,중상
2021071800100344,2021년 7월 18일 19시,일요일,경기도 부천시 괴안동,중상사고,0,1,0,0,차대사람 - 횡단중,보행자보호의무위반,포장 - 건조,맑음,단일로 - 기타,이륜,남,42세,상해없음,보행자,여,29세,중상
2021071800100345,2021년 7월 18일 19시,일요일,경기도 안양시 만안구 안양동,경상사고,0,0,1,0,차대사람 - 횡단중,보행자보호의무위반,포장 - 건조,맑음,교차로 - 교차로횡단보도내,승합,남,56세,상해없음,보행자,남,33세,경상
2021071800100358,2021년 7월 18일 19시,일요일,경기도 의정부시 의정부동,중상사고,0,1,1,0,차대사람 - 횡단중,신호위반,포장 - 건조,기타,단일로 - 기타,승용,남,47세,상해없음,보행자,여,20세,중상
2021071800100387,2021년 7월 18일 20시,일요일,경기도 남양주시 삼패동,경상사고,0,0,1,0,차대사람 - 차도통행중,안전운전불이행,포장 - 건조,맑음,단일로 - 기타,자전거,남,26세,기타불명,보행자,여,62세,경상
2021071800100396,2021년 7월 18일 21시,일요일,경기도 이천시 창전동,경상사고,0,0,1,0,차대사람 - 횡단중,신호위반,포장 - 건조,맑음,단일로 - 기타,개인형이동수단(PM),여,14세,상해없음,보행자,여,19세,경상
2021071800100398,2021년 7월 18일 21시,일요일,경기도 부천시 중동,경상사고,0,0,1,0,차대사람 - 기타,안전운전불이행,포장 - 건조,맑음,교차로 - 교차로안,승용,남,46세,상해없음,보행자,남,66세,경상
2021071800100400,2021년 7월 18일 21시,일요일,경기도 군포시 산본동,경상사고,0,0,2,0,차대사람 - 보도통행중,안전운전불이행,포장 - 건조,흐림,단일로 - 기타,승용,남,60세,상해없음,보행자,남,37세,경상
2021071800100403,2021년 7월 18일 21시,일요일,경기도 시흥시 정왕동,부상신고사고,0,0,0,1,차대사람 - 기타,안전운전불이행,포장 - 건조,맑음,기타 - 기타,자전거,남,16세,상해없음,보행자,남,40세,부상신고
2021071800100419,2021년 7월 18일 21시,일요일,경기도 고양시 덕양구 행신동,중상사고,0,1,0,0,차대사람 - 기타,안전운전불이행,포장 - 건조,맑음,교차로 - 교차로안,승용,남,37세,상해없음,보행자,여,47세,중상
2021071800100446,2021년 7월 18일 23시,일요일,경기도 성남시 수정구 수진동,경상사고,0,0,1,0,차대사람 - 기타,신호위반,포장 - 건조,맑음,교차로 - 교차로안,승용,남,27세,상해없음,보행자,남,17세,경상
2021071900100002,2021년 7월 19일 00시,월요일,경기도 광주시 오포읍,부상신고사고,0,0,0,1,차대사람 - 기타,안전운전불이행,포장 - 건조,맑음,단일로 - 기타,기타불명,기타불명,미분류,기타불명,보행자,남,28세,부상신고
2021071900100036,2021년 7월 19일 06시,월요일,경기도 평택시 고덕동,중상사고,0,1,0,0,차대사람 - 기타,안전운전불이행,포장 - 건조,맑음,단일로 - 기타,개인형이동수단(PM),남,52세,상해없음,보행자,여,62세,중상
2021071900100111,2021년 7월 19일 08시,월요일,경기도 고양시 일산동구 장항동,경상사고,0,0,1,0,차대사람 - 횡단중,보행자보호의무위반,포장 - 건조,맑음,교차로 - 교차로횡단보도내,화물,남,66세,상해없음,보행자,남,29세,경상
2021071900100122,2021년 7월 19일 09시,월요일,경기도 광주시 오포읍,중상사고,0,1,0,0,차대사람 - 길가장자리구역통행중,안전운전불이행,포장 - 건조,맑음,단일로 - 기타,승용,여,36세,상해없음,보행자,여,66세,중상
2021071900100191,2021년 7월 19일 11시,월요일,경기도 용인시 처인구 김량장동,경상사고,0,0,1,0,차대사람 - 기타,안전운전불이행,포장 - 건조,맑음,기타 - 기타,화물,남,31세,상해없음,보행자,남,88세,경상
2021071900100231,2021년 7월 19일 12시,월요일,경기도 안산시 단원구 원곡동,경상사고,0,0,1,0,차대사람 - 차도통행중,안전운전불이행,포장 - 건조,맑음,단일로 - 기타,승용,남,48세,상해없음,보행자,여,28세,경상
2021071900100269,2021년 7월 19일 13시,월요일,경기도 화성시 영천동,경상사고,0,0,1,0,차대사람 - 기타,기타,포장 - 기타,맑음,기타 - 기타,이륜,남,53세,상해없음,보행자,여,38세,경상
2021071900100297,2021년 7월 19일 14시,월요일,경기도 평택시 서정동,경상사고,0,0,1,0,차대사람 - 기타,안전운전불이행,포장 - 건조,맑음,단일로 - 기타,승합,남,53세,상해없음,보행자,남,81세,경상
2021071900100304,2021년 7월 19일 14시,월요일,경기도 수원시 권선구 세류동,중상사고,0,1,0,0,차대사람 - 기타,안전운전불이행,포장 - 건조,맑음,단일로 - 기타,화물,남,60세,상해없음,보행자,남,59세,중상
2021071900100305,2021년 7월 19일 14시,월요일,경기도 성남시 분당구 대장동,부상신고사고,0,0,0,1,차대사람 - 기타,신호위반,포장 - 건조,맑음,교차로 - 교차로부근,건설기계,남,55세,상해없음,보행자,남,27세,부상신고
2021071900100379,2021년 7월 19일 16시,월요일,경기도 안산시 상록구 본오동,경상사고,0,0,1,0,차대사람 - 기타,안전운전불이행,포장 - 건조,맑음,단일로 - 기타,화물,남,51세,상해없음,보행자,여,6세,경상
2021071900100416,2021년 7월 19일 17시,월요일,경기도 평택시 독곡동,경상사고,0,0,1,0,차대사람 - 횡단중,안전운전불이행,포장 - 젖음/습기,비,단일로 - 기타,승용,남,27세,상해없음,보행자,남,5세,경상
2021071900100451,2021년 7월 19일 18시,월요일,경기도 시흥시 신천동,중상사고,0,1,0,0,차대사람 - 길가장자리구역통행중,안전운전불이행,포장 - 건조,맑음,교차로 - 교차로안,승용,여,48세,상해없음,보행자,여,52세,중상
2021071900100494,2021년 7월 19일 19시,월요일,경기도 부천시 심곡동,중상사고,0,1,0,0,차대사람 - 기타,안전운전불이행,포장 - 건조,맑음,교차로 - 교차로안,승합,남,64세,상해없음,보행자,여,25세,중상
2021071900100552,2021년 7월 19일 21시,월요일,경기도 광명시 하안동,경상사고,0,0,1,0,차대사람 - 기타,안전운전불이행,포장 - 건조,맑음,기타 - 기타,승용,여,49세,기타불명,보행자,여,52세,경상
2021071900100554,2021년 7월 19일 21시,월요일,경기도 화성시 향남읍,중상사고,0,1,0,0,차대사람 - 횡단중,보행자보호의무위반,포장 - 건조,맑음,교차로 - 교차로횡단보도내,승용,남,59세,상해없음,보행자,여,26세,중상
2021071900100555,2021년 7월 19일 21시,월요일,경기도 의왕시 내손동,중상사고,0,1,0,0,차대사람 - 횡단중,보행자보호의무위반,포장 - 젖음/습기,흐림,교차로 - 교차로안,승용,여,44세,상해없음,보행자,여,57세,중상
2021072000100038,2021년 7월 20일 06시,화요일,경기도 하남시 신장동,부상신고사고,0,0,0,1,차대사람 - 기타,안전운전불이행,포장 - 건조,맑음,단일로 - 기타,승용,남,75세,상해없음,보행자,남,64세,부상신고
2021072000100059,2021년 7월 20일 08시,화요일,경기도 부천시 중동,경상사고,0,0,1,0,차대사람 - 기타,기타,포장 - 건조,맑음,교차로 - 교차로안,자전거,여,49세,상해없음,보행자,여,53세,경상
2021072000100098,2021년 7월 20일 09시,화요일,경기도 수원시 팔달구 지동,중상사고,0,1,0,0,차대사람 - 횡단중,보행자보호의무위반,포장 - 건조,맑음,단일로 - 기타,승용,여,69세,상해없음,보행자,여,77세,중상
2021072000100133,2021년 7월 20일 10시,화요일,경기도 성남시 분당구 정자동,경상사고,0,0,1,0,차대사람 - 횡단중,안전운전불이행,포장 - 건조,맑음,단일로 - 기타,승용,여,33세,상해없음,보행자,여,73세,경상
2021072000100156,2021년 7월 20일 10시,화요일,경기도 포천시 내촌면,경상사고,0,0,1,0,차대사람 - 기타,안전운전불이행,포장 - 건조,맑음,단일로 - 기타,건설기계,남,51세,상해없음,보행자,남,81세,경상
2021072000100299,2021년 7월 20일 15시,화요일,경기도 김포시 고촌읍,중상사고,0,1,0,0,차대사람 - 차도통행중,안전운전불이행,포장 - 기타,맑음,교차로 - 교차로안,화물,남,61세,상해없음,보행자,여,67세,중상
2021072000100318,2021년 7월 20일 15시,화요일,경기도 파주시 문산읍,사망사고,1,0,0,0,차대사람 - 기타,기타,포장 - 건조,맑음,단일로 - 기타,화물,남,66세,상해없음,보행자,여,61세,사망
2021072000100332,2021년 7월 20일 16시,화요일,경기도 안성시 공도읍,경상사고,0,0,1,0,차대사람 - 기타,안전운전불이행,포장 - 건조,맑음,단일로 - 기타,승용,남,57세,상해없음,보행자,여,55세,경상
2021072000100337,2021년 7월 20일 16시,화요일,경기도 화성시 장안면,중상사고,0,1,0,0,차대사람 - 길가장자리구역통행중,안전운전불이행,포장 - 건조,맑음,단일로 - 기타,승용,여,53세,상해없음,보행자,남,5세,중상
2021072000100384,2021년 7월 20일 17시,화요일,경기도 성남시 분당구 서현동,중상사고,0,1,0,0,차대사람 - 기타,안전운전불이행,포장 - 기타,맑음,교차로 - 교차로부근,승용,여,64세,상해없음,보행자,여,7세,중상
2021072000100431,2021년 7월 20일 18시,화요일,경기도 안산시 상록구 본오동,경상사고,0,0,1,0,차대사람 - 횡단중,중앙선침범,포장 - 건조,맑음,교차로 - 교차로부근,원동기,남,40세,상해없음,보행자,남,8세,경상
2021072000100452,2021년 7월 20일 18시,화요일,경기도 고양시 일산동구 정발산동,경상사고,0,0,1,0,차대사람 - 차도통행중,안전운전불이행,포장 - 건조,맑음,교차로 - 교차로안,승용,여,49세,상해없음,보행자,여,53세,경상
2021072000100459,2021년 7월 20일 19시,화요일,경기도 평택시 청북읍,중상사고,0,1,0,0,차대사람 - 기타,안전운전불이행,포장 - 건조,맑음,단일로 - 기타,이륜,남,41세,상해없음,보행자,남,7세,중상
2021072000100476,2021년 7월 20일 19시,화요일,경기도 포천시 신읍동,경상사고,0,0,1,0,차대사람 - 횡단중,안전운전불이행,포장 - 건조,맑음,단일로 - 기타,승합,남,23세,상해없음,보행자,남,25세,경상
2021072000100491,2021년 7월 20일 20시,화요일,경기도 성남시 분당구 정자동,경상사고,0,0,1,0,차대사람 - 횡단중,안전운전불이행,포장 - 건조,맑음,단일로 - 기타,승용,남,41세,상해없음,보행자,남,28세,경상
2021072000100509,2021년 7월 20일 20시,화요일,경기도 의정부시 녹양동,중상사고,0,1,1,0,차대사람 - 보도통행중,안전운전불이행,포장 - 건조,맑음,교차로 - 교차로횡단보도내,승용,여,66세,상해없음,보행자,남,85세,중상
2021072100100004,2021년 7월 21일 00시,수요일,경기도 화성시 봉담읍,부상신고사고,0,0,0,1,차대사람 - 기타,안전운전불이행,포장 - 건조,맑음,기타 - 기타,승용,여,44세,상해없음,보행자,남,49세,부상신고
2021072100100005,2021년 7월 21일 00시,수요일,경기도 하남시 덕풍동,중상사고,0,1,0,0,차대사람 - 횡단중,안전운전불이행,포장 - 건조,맑음,교차로 - 교차로횡단보도내,승용,남,68세,상해없음,보행자,남,74세,중상
2021072100100024,2021년 7월 21일 03시,수요일,경기도 군포시 당동,중상사고,0,1,0,0,차대사람 - 기타,안전운전불이행,포장 - 건조,맑음,단일로 - 기타,승용,남,66세,상해없음,보행자,남,22세,중상
2021072100100038,2021년 7월 21일 06시,수요일,경기도 수원시 영통구 망포동,경상사고,0,0,1,0,차대사람 - 기타,안전운전불이행,포장 - 건조,맑음,단일로 - 기타,승합,남,63세,상해없음,보행자,여,31세,경상
2021072100100057,2021년 7월 21일 07시,수요일,경기도 안산시 단원구 초지동,중상사고,0,1,0,0,차대사람 - 횡단중,신호위반,포장 - 건조,맑음,기타 - 기타,승용,여,55세,상해없음,보행자,여,77세,중상
2021072100100085,2021년 7월 21일 08시,수요일,경기도 광주시 경안동,중상사고,0,1,0,0,차대사람 - 기타,안전운전불이행,포장 - 건조,맑음,교차로 - 교차로부근,승용,남,47세,상해없음,보행자,여,36세,중상
2021072100100092,2021년 7월 21일 08시,수요일,경기도 부천시 삼정동,경상사고,0,0,1,0,차대사람 - 횡단중,신호위반,포장 - 건조,맑음,교차로 - 교차로횡단보도내,개인형이동수단(PM),남,23세,상해없음,보행자,여,69세,경상
2021072100100130,2021년 7월 21일 09시,수요일,경기도 안산시 단원구 고잔동,경상사고,0,0,1,0,차대사람 - 횡단중,신호위반,포장 - 건조,맑음,교차로 - 교차로횡단보도내,승용,여,34세,상해없음,보행자,여,25세,경상
2021072100100252,2021년 7월 21일 12시,수요일,경기도 성남시 분당구 야탑동,경상사고,0,0,1,0,차대사람 - 횡단중,안전운전불이행,포장 - 건조,맑음,교차로 - 교차로부근,승용,여,49세,상해없음,보행자,여,62세,경상
2021072100100294,2021년 7월 21일 13시,수요일,경기도 용인시 수지구 신봉동,경상사고,0,0,1,0,차대사람 - 횡단중,보행자보호의무위반,포장 - 건조,맑음,교차로 - 교차로안,기타불명,기타불명,미분류,기타불명,보행자,여,83세,경상
2021072100100316,2021년 7월 21일 13시,수요일,경기도 의정부시 의정부동,경상사고,0,0,1,0,차대사람 - 횡단중,안전운전불이행,포장 - 건조,맑음,기타 - 기타,승용,남,29세,상해없음,보행자,남,18세,경상
2021072100100330,2021년 7월 21일 14시,수요일,경기도 용인시 기흥구 고매동,부상신고사고,0,0,0,1,차대사람 - 횡단중,안전운전불이행,포장 - 건조,맑음,주차장 - 주차장,승용,남,39세,상해없음,보행자,남,54세,부상신고
2021072100100515,2021년 7월 21일 18시,수요일,경기도 수원시 팔달구 인계동,경상사고,0,0,1,0,차대사람 - 기타,안전운전불이행,포장 - 건조,맑음,단일로 - 기타,승용,여,29세,상해없음,보행자,남,35세,경상