사고번호,사고일시,요일,시군구,사고내용,사망자수,중상자수,경상자수,부상신고자수,사고유형,법규위반,노면상태,기상상태,도로형태,가해운전자 차종,가해운전자 성별,가해운전자 연령,가해운전자 상해정도,피해운전자 차종,피해운전자 성별,피해운전자 연령,피해운전자 상해정도
2021072100100551,2021년 7월 21일 18시,수요일,경기도 파주시 금촌동,부상신고사고,0,0,0,2,차대사람 - 횡단중,보행자보호의무위반,포장 - 건조,맑음,교차로 - 교차로횡단보도내,승용,남,39세,상해없음,보행자,여,31세,부상신고
2021072100100564,2021년 7월 21일 19시,수요일,경기도 성남시 중원구 성남동,경상사고,0,0,1,0,차대사람 - 길가장자리구역통행중,안전운전불이행,포장 - 건조,맑음,교차로 - 교차로부근,승용,남,22세,상해없음,보행자,남,66세,경상
2021072100100614,2021년 7월 21일 21시,수요일,경기도 화성시 남양읍,중상사고,0,1,0,0,차대사람 - 보도통행중,보행자보호의무위반,포장 - 건조,맑음,교차로 - 교차로안,승용,여,50세,상해없음,보행자,남,20세,중상
2021072100100664,2021년 7월 21일 23시,수요일,경기도 이천시 마장면,중상사고,0,1,0,0,차대사람 - 기타,안전운전불이행,포장 - 건조,맑음,주차장 - 주차장,화물,남,39세,상해없음,보행자,남,60세,중상
2021072200100040,2021년 7월 22일 06시,목요일,경기도 평택시 장당동,경상사고,0,0,1,0,차대사람 - 횡단중,보행자보호의무위반,포장 - 건조,맑음,교차로 - 교차로횡단보도내,승용,남,60세,상해없음,보행자,여,60세,경상
2021072200100074,2021년 7월 22일 07시,목요일,경기도 의정부시 가능동,사망사고,1,0,0,0,차대사람 - 횡단중,신호위반,포장 - 건조,맑음,교차로 - 교차로횡단보도내,건설기계,남,25세,상해없음,보행자,여,28세,사망
2021072200100091,2021년 7월 22일 08시,목요일,경기도 안산시 상록구 일동,중상사고,0,2,0,0,차대사람 - 기타,안전운전불이행,포장 - 건조,맑음,기타 - 기타,승용,여,59세,상해없음,보행자,여,72세,중상
2021072200100094,2021년 7월 22일 08시,목요일,경기도 화성시 기산동,경상사고,0,0,1,0,차대사람 - 횡단중,보행자보호의무위반,포장 - 건조,맑음,교차로 - 교차로횡단보도내,승용,남,44세,상해없음,보행자,남,22세,경상
2021072200100231,2021년 7월 22일 12시,목요일,경기도 성남시 분당구 운중동,경상사고,0,0,1,0,차대사람 - 차도통행중,안전운전불이행,포장 - 기타,맑음,단일로 - 기타,승용,여,51세,상해없음,보행자,여,16세,경상
2021072200100248,2021년 7월 22일 12시,목요일,경기도 고양시 덕양구 삼송동,중상사고,0,1,0,0,차대사람 - 기타,안전운전불이행,포장 - 건조,맑음,단일로 - 기타,승용,여,36세,상해없음,보행자,남,65세,중상
2021072200100391,2021년 7월 22일 16시,목요일,경기도 성남시 수정구 창곡동,경상사고,0,0,1,0,차대사람 - 횡단중,보행자보호의무위반,포장 - 건조,맑음,교차로 - 교차로횡단보도내,승용,남,64세,상해없음,보행자,남,53세,경상
2021072200100397,2021년 7월 22일 16시,목요일,경기도 성남시 중원구 성남동,경상사고,0,0,1,0,차대사람 - 횡단중,안전운전불이행,포장 - 건조,맑음,교차로 - 교차로안,승용,남,58세,상해없음,보행자,남,10세,경상
2021072200100432,2021년 7월 22일 17시,목요일,경기도 평택시 비전동,경상사고,0,0,1,0,차대사람 - 횡단중,안전운전불이행,포장 - 건조,맑음,단일로 - 기타,승용,남,52세,상해없음,보행자,여,6세,경상
2021072200100441,2021년 7월 22일 17시,목요일,경기도 화성시 팔탄면,중상사고,0,1,0,0,차대사람 - 기타,안전운전불이행,포장 - 건조,맑음,기타 - 기타,화물,남,36세,상해없음,보행자,여,79세,중상
2021072200100479,2021년 7월 22일 18시,목요일,경기도 수원시 장안구 영화동,경상사고,0,0,1,0,차대사람 - 기타,안전운전불이행,포장 - 건조,맑음,단일로 - 기타,승용,여,59세,상해없음,보행자,남,12세,경상
2021072200100527,2021년 7월 22일 19시,목요일,경기도 성남시 중원구 중앙동,부상신고사고,0,0,0,1,차대사람 - 기타,안전운전불이행,포장 - 건조,맑음,교차로 - 교차로부근,승용,남,52세,상해없음,보행자,남,98세 이상,부상신고
2021072200100570,2021년 7월 22일 20시,목요일,경기도 양평군 강상면,중상사고,0,1,0,0,차대사람 - 횡단중,안전운전불이행,포장 - 건조,맑음,단일로 - 기타,이륜,남,19세,상해없음,보행자,남,7세,중상
2021072200100611,2021년 7월 22일 21시,목요일,경기도 고양시 덕양구 동산동,경상사고,0,0,1,0,차대사람 - 횡단중,안전운전불이행,포장 - 건조,맑음,교차로 - 교차로횡단보도내,승용,남,69세,상해없음,보행자,남,65세,경상
2021072200100620,2021년 7월 22일 22시,목요일,경기도 안양시 동안구 비산동,경상사고,0,0,2,0,차대사람 - 기타,안전운전불이행,포장 - 건조,맑음,기타 - 기타,자전거,남,72세,경상,보행자,남,25세,경상
2021072200100621,2021년 7월 22일 22시,목요일,경기도 광명시 소하동,경상사고,0,0,1,0,차대사람 - 기타,안전운전불이행,포장 - 건조,맑음,단일로 - 기타,승용,남,21세,기타불명,보행자,남,63세,경상
2021072200100623,2021년 7월 22일 22시,목요일,경기도 안양시 만안구 안양동,중상사고,0,1,0,0,차대사람 - 횡단중,안전운전불이행,포장 - 건조,맑음,기타 - 기타,화물,남,51세,기타불명,보행자,남,38세,중상
2021072300100005,2021년 7월 23일 00시,금요일,경기도 오산시 원동,중상사고,0,1,0,0,차대사람 - 기타,안전운전불이행,포장 - 건조,맑음,주차장 - 주차장,승용,남,66세,상해없음,보행자,남,41세,중상
2021072300100031,2021년 7월 23일 03시,금요일,경기도 의정부시 금오동,중상사고,0,1,0,0,차대사람 - 기타,안전운전불이행,포장 - 건조,맑음,단일로 - 교량,자전거,남,57세,상해없음,보행자,여,67세,중상
2021072300100082,2021년 7월 23일 08시,금요일,경기도 부천시 춘의동,부상신고사고,0,0,0,1,차대사람 - 기타,안전운전불이행,포장 - 건조,맑음,단일로 - 기타,승용,남,29세,상해없음,보행자,남,53세,부상신고
2021072300100111,2021년 7월 23일 09시,금요일,경기도 평택시 오성면,경상사고,0,0,1,0,차대사람 - 기타,불법유턴,포장 - 건조,맑음,단일로 - 기타,화물,남,59세,상해없음,보행자,여,72세,경상
2021072300100134,2021년 7월 23일 09시,금요일,경기도 양주시 남면,중상사고,0,1,0,0,차대사람 - 차도통행중,안전운전불이행,포장 - 건조,맑음,교차로 - 교차로부근,승용,남,50세,상해없음,보행자,여,53세,중상
2021072300100152,2021년 7월 23일 10시,금요일,경기도 성남시 분당구 서현동,경상사고,0,0,1,0,차대사람 - 횡단중,안전운전불이행,포장 - 건조,맑음,교차로 - 교차로부근,화물,남,55세,상해없음,보행자,여,24세,경상
2021072300100176,2021년 7월 23일 10시,금요일,경기도 파주시 동패동,중상사고,0,1,0,0,차대사람 - 횡단중,안전운전불이행,포장 - 건조,맑음,단일로 - 지하차도(도로)내,화물,남,60세,상해없음,보행자,여,75세,중상
2021072300100298,2021년 7월 23일 14시,금요일,경기도 수원시 권선구 권선동,중상사고,0,1,0,0,차대사람 - 횡단중,보행자보호의무위반,포장 - 건조,맑음,교차로 - 교차로횡단보도내,승용,여,35세,상해없음,보행자,남,14세,중상
2021072300100415,2021년 7월 23일 16시,금요일,경기도 가평군 가평읍,경상사고,0,0,1,0,차대사람 - 횡단중,보행자보호의무위반,포장 - 건조,맑음,단일로 - 기타,승용,남,22세,상해없음,보행자,남,3세,경상
2021072300100524,2021년 7월 23일 18시,금요일,경기도 고양시 일산동구 장항동,경상사고,0,0,1,0,차대사람 - 횡단중,보행자보호의무위반,포장 - 건조,맑음,교차로 - 교차로횡단보도내,화물,남,50세,상해없음,보행자,여,26세,경상
2021072300100536,2021년 7월 23일 19시,금요일,경기도 성남시 중원구 금광동,경상사고,0,0,1,0,차대사람 - 기타,안전운전불이행,포장 - 건조,맑음,단일로 - 기타,승용,남,37세,상해없음,보행자,여,73세,경상
2021072300100539,2021년 7월 23일 19시,금요일,경기도 의왕시 포일동,중상사고,0,1,0,0,차대사람 - 차도통행중,신호위반,포장 - 건조,맑음,교차로 - 교차로부근,이륜,남,24세,상해없음,보행자,여,38세,중상
2021072300100605,2021년 7월 23일 21시,금요일,경기도 수원시 팔달구 팔달로2가,경상사고,0,0,1,0,차대사람 - 기타,안전운전불이행,포장 - 건조,맑음,교차로 - 교차로안,승용,남,38세,상해없음,보행자,여,69세,경상
2021072300100625,2021년 7월 23일 22시,금요일,경기도 이천시 창전동,경상사고,0,0,1,0,차대사람 - 기타,안전운전불이행,포장 - 건조,맑음,기타 - 기타,승용,여,62세,상해없음,보행자,여,63세,경상
2021072300100627,2021년 7월 23일 22시,금요일,경기도 수원시 영통구 매탄동,중상사고,0,1,0,0,차대사람 - 차도통행중,안전운전불이행,포장 - 건조,맑음,기타 - 기타,승용,남,52세,상해없음,보행자,여,69세,중상
2021072400100004,2021년 7월 24일 00시,토요일,경기도 화성시 향남읍,경상사고,0,0,1,0,차대사람 - 기타,안전운전불이행,포장 - 건조,맑음,단일로 - 기타,승용,남,53세,상해없음,보행자,남,51세,경상
2021072400100028,2021년 7월 24일 04시,토요일,경기도 시흥시 과림동,중상사고,0,1,0,0,차대사람 - 기타,안전운전불이행,비포장 - 건조,맑음,교차로 - 교차로안,화물,남,48세,상해없음,보행자,남,39세,중상
2021072400100030,2021년 7월 24일 05시,토요일,경기도 평택시 칠원동,경상사고,0,0,1,0,차대사람 - 기타,안전운전불이행,포장 - 건조,맑음,교차로 - 교차로횡단보도내,화물,남,52세,상해없음,보행자,남,77세,경상
2021072400100031,2021년 7월 24일 05시,토요일,경기도 수원시 팔달구 인계동,경상사고,0,0,2,0,차대사람 - 기타,안전운전불이행,포장 - 건조,기타,기타 - 기타,승용,남,75세,경상,보행자,여,80세,경상
2021072400100040,2021년 7월 24일 06시,토요일,경기도 성남시 중원구 상대원동,경상사고,0,0,1,0,차대사람 - 길가장자리구역통행중,안전운전불이행,포장 - 건조,흐림,단일로 - 기타,승용,남,27세,상해없음,보행자,여,53세,경상
2021072400100068,2021년 7월 24일 08시,토요일,경기도 수원시 팔달구 매산로2가,경상사고,0,0,1,0,차대사람 - 기타,신호위반,포장 - 건조,맑음,교차로 - 교차로횡단보도내,화물,남,49세,상해없음,보행자,남,45세,경상
2021072400100069,2021년 7월 24일 08시,토요일,경기도 용인시 기흥구 청덕동,경상사고,0,0,1,0,차대사람 - 횡단중,보행자보호의무위반,포장 - 건조,맑음,교차로 - 교차로횡단보도내,승용,남,66세,상해없음,보행자,남,24세,경상
2021072400100084,2021년 7월 24일 09시,토요일,경기도 수원시 권선구 세류동,경상사고,0,0,1,0,차대사람 - 기타,안전운전불이행,포장 - 건조,맑음,단일로 - 기타,승용,남,48세,상해없음,보행자,여,30세,경상
2021072400100139,2021년 7월 24일 10시,토요일,경기도 남양주시 별내면,경상사고,0,0,1,0,차대사람 - 횡단중,안전운전불이행,포장 - 건조,맑음,단일로 - 기타,승용,남,52세,상해없음,보행자,남,7세,경상
2021072400100159,2021년 7월 24일 11시,토요일,경기도 화성시 남양읍,중상사고,0,1,0,0,차대사람 - 기타,안전운전불이행,포장 - 건조,맑음,단일로 - 기타,승용,여,60세,상해없음,보행자,여,70세,중상
2021072400100265,2021년 7월 24일 13시,토요일,경기도 의정부시 신곡동,경상사고,0,0,1,0,차대사람 - 기타,안전운전불이행,포장 - 건조,맑음,교차로 - 교차로횡단보도내,승용,남,60세,상해없음,보행자,남,67세,경상
2021072400100278,2021년 7월 24일 14시,토요일,경기도 광주시 오포읍,경상사고,0,0,1,0,차대사람 - 기타,안전운전불이행,포장 - 건조,맑음,기타 - 기타,승용,남,28세,상해없음,보행자,여,24세,경상
2021072400100279,2021년 7월 24일 14시,토요일,경기도 김포시 운양동,부상신고사고,0,0,0,1,차대사람 - 기타,기타,포장 - 건조,맑음,기타 - 기타,자전거,남,15세,상해없음,보행자,남,38세,부상신고
2021072400100350,2021년 7월 24일 16시,토요일,경기도 수원시 장안구 율전동,중상사고,0,1,0,0,차대사람 - 횡단중,안전운전불이행,포장 - 건조,맑음,단일로 - 기타,승용,여,57세,상해없음,보행자,남,6세,중상
2021072400100361,2021년 7월 24일 16시,토요일,경기도 부천시 원종동,경상사고,0,0,1,0,차대사람 - 횡단중,보행자보호의무위반,포장 - 건조,맑음,교차로 - 교차로횡단보도내,승용,여,49세,상해없음,보행자,남,33세,경상
2021072400100577,2021년 7월 24일 22시,토요일,경기도 구리시 수택동,경상사고,0,0,1,0,차대사람 - 횡단중,신호위반,포장 - 건조,맑음,교차로 - 교차로안,이륜,남,19세,상해없음,보행자,남,45세,경상
2021072500100025,2021년 7월 25일 02시,일요일,경기도 안산시 상록구 본오동,경상사고,0,0,1,0,차대사람 - 기타,안전운전불이행,포장 - 건조,맑음,단일로 - 기타,이륜,남,17세,상해없음,보행자,남,16세,경상
2021072500100053,2021년 7월 25일 08시,일요일,경기도 화성시 팔탄면,경상사고,0,0,1,0,차대사람 - 기타,안전운전불이행,포장 - 건조,맑음,단일로 - 기타,승용,남,73세,상해없음,보행자,남,37세,경상
2021072500100076,2021년 7월 25일 10시,일요일,경기도 안산시 상록구 본오동,경상사고,0,0,1,0,차대사람 - 기타,안전운전불이행,포장 - 건조,맑음,주차장 - 주차장,승합,남,65세,상해없음,보행자,여,45세,경상
2021072500100118,2021년 7월 25일 12시,일요일,경기도 안산시 단원구 고잔동,경상사고,0,0,1,0,차대사람 - 횡단중,신호위반,포장 - 건조,맑음,단일로 - 기타,이륜,남,27세,상해없음,보행자,여,57세,경상
2021072500100275,2021년 7월 25일 16시,일요일,경기도 의정부시 호원동,부상신고사고,0,0,0,1,차대사람 - 기타,안전운전불이행,포장 - 건조,맑음,단일로 - 기타,승용,여,30세,상해없음,보행자,남,22세,부상신고
2021072500100385,2021년 7월 25일 20시,일요일,경기도 성남시 분당구 정자동,경상사고,0,0,2,0,차대사람 - 보도통행중,신호위반,포장 - 건조,맑음,교차로 - 교차로횡단보도내,이륜,남,31세,경상,보행자,여,18세,경상
2021072500100394,2021년 7월 25일 20시,일요일,경기도 고양시 덕양구 화정동,부상신고사고,0,0,0,1,차대사람 - 기타,안전운전불이행,포장 - 건조,맑음,기타 - 기타,기타불명,기타불명,미분류,기타불명,보행자,여,50세,부상신고
2021072600100032,2021년 7월 26일 06시,월요일,경기도 평택시 이충동,경상사고,0,0,1,0,차대사람 - 횡단중,보행자보호의무위반,포장 - 건조,맑음,교차로 - 교차로안,자전거,남,62세,상해없음,보행자,여,20세,경상
2021072600100110,2021년 7월 26일 09시,월요일,경기도 부천시 심곡본동,경상사고,0,0,1,0,차대사람 - 횡단중,안전운전불이행,포장 - 건조,맑음,교차로 - 교차로안,승용,남,67세,기타불명,보행자,여,86세,경상
2021072600100113,2021년 7월 26일 09시,월요일,경기도 안산시 단원구 대부북동,중상사고,0,1,0,0,차대사람 - 기타,안전운전불이행,포장 - 건조,맑음,단일로 - 기타,승용,남,42세,상해없음,보행자,여,78세,중상
2021072600100139,2021년 7월 26일 09시,월요일,경기도 고양시 덕양구 내유동,경상사고,0,0,1,0,차대사람 - 기타,기타,포장 - 건조,맑음,단일로 - 기타,승용,여,45세,상해없음,보행자,여,86세,경상
2021072600100194,2021년 7월 26일 11시,월요일,경기도 부천시 중동,경상사고,0,0,1,0,차대사람 - 횡단중,신호위반,포장 - 건조,맑음,교차로 - 교차로횡단보도내,화물,남,58세,상해없음,보행자,남,55세,경상
2021072600100198,2021년 7월 26일 11시,월요일,경기도 수원시 권선구 세류동,중상사고,0,1,0,0,차대사람 - 횡단중,안전운전불이행,포장 - 건조,맑음,교차로 - 교차로안,승용,남,51세,상해없음,보행자,남,80세,중상
2021072600100226,2021년 7월 26일 11시,월요일,경기도 고양시 덕양구 용두동,경상사고,0,0,1,0,차대사람 - 보도통행중,기타,포장 - 건조,맑음,단일로 - 기타,화물,남,61세,상해없음,보행자,남,57세,경상
2021072600100288,2021년 7월 26일 13시,월요일,경기도 광명시 철산동,중상사고,0,1,0,0,차대사람 - 보도통행중,기타,포장 - 건조,맑음,단일로 - 기타,자전거,남,22세,상해없음,보행자,여,58세,중상
2021072600100325,2021년 7월 26일 14시,월요일,경기도 하남시 풍산동,중상사고,0,1,0,0,차대사람 - 보도통행중,기타,포장 - 건조,맑음,단일로 - 기타,이륜,남,37세,상해없음,보행자,여,8세,중상
2021072600100349,2021년 7월 26일 14시,월요일,경기도 남양주시 별내동,부상신고사고,0,0,0,1,차대사람 - 기타,안전운전불이행,포장 - 건조,맑음,교차로 - 교차로안,화물,남,34세,상해없음,보행자,남,32세,부상신고
2021072600100410,2021년 7월 26일 16시,월요일,경기도 남양주시 호평동,경상사고,0,0,1,0,차대사람 - 차도통행중,안전운전불이행,포장 - 건조,맑음,단일로 - 기타,승용,여,43세,상해없음,보행자,남,7세,경상
2021072600100475,2021년 7월 26일 18시,월요일,경기도 수원시 장안구 율전동,경상사고,0,0,1,0,차대사람 - 횡단중,안전운전불이행,포장 - 건조,맑음,단일로 - 기타,승용,남,31세,상해없음,보행자,여,24세,경상
2021072600100476,2021년 7월 26일 18시,월요일,경기도 평택시 평택동,경상사고,0,0,1,0,차대사람 - 기타,안전운전불이행,포장 - 건조,맑음,단일로 - 기타,승합,남,59세,상해없음,보행자,여,85세,경상
2021072600100483,2021년 7월 26일 18시,월요일,경기도 용인시 수지구 풍덕천동,경상사고,0,0,1,0,차대사람 - 기타,안전운전불이행,포장 - 건조,맑음,단일로 - 기타,승용,여,55세,상해없음,보행자,여,54세,경상
2021072600100512,2021년 7월 26일 18시,월요일,경기도 남양주시 화도읍,부상신고사고,0,0,0,1,차대사람 - 횡단중,안전운전불이행,포장 - 건조,맑음,단일로 - 기타,이륜,남,33세,상해없음,보행자,여,50세,부상신고
2021072600100545,2021년 7월 26일 19시,월요일,경기도 구리시 인창동,경상사고,0,0,1,0,차대사람 - 횡단중,보행자보호의무위반,포장 - 건조,맑음,단일로 - 기타,승용,여,32세,상해없음,보행자,남,60세,경상
2021072600100553,2021년 7월 26일 20시,월요일,경기도 용인시 처인구 포곡읍,경상사고,0,0,1,0,차대사람 - 기타,보행자보호의무위반,포장 - 건조,맑음,교차로 - 교차로횡단보도내,승용,여,32세,상해없음,보행자,여,59세,경상
2021072600100556,2021년 7월 26일 20시,월요일,경기도 오산시 궐동,경상사고,0,0,1,0,차대사람 - 횡단중,안전운전불이행,포장 - 건조,맑음,교차로 - 교차로횡단보도내,승용,남,41세,상해없음,보행자,남,36세,경상
2021072600100557,2021년 7월 26일 20시,월요일,경기도 오산시 내삼미동,경상사고,0,0,1,0,차대사람 - 횡단중,신호위반,포장 - 건조,맑음,교차로 - 교차로안,승용,여,61세,상해없음,보행자,남,4세,경상
2021072600100559,2021년 7월 26일 20시,월요일,경기도 수원시 영통구 매탄동,경상사고,0,0,1,0,차대사람 - 기타,안전운전불이행,포장 - 건조,맑음,단일로 - 기타,자전거,남,71세,상해없음,보행자,남,37세,경상
2021072600100561,2021년 7월 26일 20시,월요일,경기도 성남시 분당구 야탑동,경상사고,0,0,2,0,차대사람 - 횡단중,안전운전불이행,포장 - 건조,맑음,기타 - 기타,이륜,남,56세,경상,보행자,여,58세,경상
2021072600100562,2021년 7월 26일 20시,월요일,경기도 성남시 분당구 운중동,경상사고,0,0,1,0,차대사람 - 기타,안전운전불이행,포장 - 건조,맑음,기타 - 기타,승합,남,58세,상해없음,보행자,남,59세,경상
2021072600100565,2021년 7월 26일 20시,월요일,경기도 용인시 기흥구 마북동,경상사고,0,0,1,0,차대사람 - 기타,안전운전불이행,포장 - 건조,맑음,기타 - 기타,자전거,남,22세,상해없음,보행자,남,61세,경상
2021072600100583,2021년 7월 26일 21시,월요일,경기도 김포시 풍무동,경상사고,0,0,1,0,차대사람 - 횡단중,안전운전불이행,포장 - 건조,맑음,단일로 - 기타,승용,남,42세,상해없음,보행자,남,62세,경상
2021072600100584,2021년 7월 26일 21시,월요일,경기도 안산시 단원구 와동,중상사고,0,1,0,0,차대사람 - 횡단중,신호위반,포장 - 건조,맑음,교차로 - 교차로안,이륜,남,24세,상해없음,보행자,남,76세,중상
2021072600100624,2021년 7월 26일 22시,월요일,경기도 구리시 수택동,경상사고,0,0,1,0,차대사람 - 차도통행중,안전운전불이행,포장 - 건조,맑음,단일로 - 기타,승용,남,70세,상해없음,보행자,여,20세,경상
2021072700100002,2021년 7월 27일 00시,화요일,경기도 부천시 춘의동,경상사고,0,0,1,0,차대사람 - 횡단중,신호위반,포장 - 건조,맑음,단일로 - 기타,승용,남,70세,상해없음,보행자,남,27세,경상
2021072700100049,2021년 7월 27일 06시,화요일,경기도 의정부시 낙양동,중상사고,0,1,0,0,차대사람 - 기타,안전운전불이행,포장 - 건조,맑음,단일로 - 기타,승합,남,59세,상해없음,보행자,여,74세,중상
2021072700100090,2021년 7월 27일 08시,화요일,경기도 수원시 권선구 세류동,경상사고,0,0,1,0,차대사람 - 횡단중,신호위반,포장 - 건조,맑음,교차로 - 교차로부근,승용,여,29세,상해없음,보행자,남,44세,경상
2021072700100091,2021년 7월 27일 08시,화요일,경기도 성남시 중원구 은행동,중상사고,0,1,0,0,차대사람 - 차도통행중,안전운전불이행,포장 - 건조,맑음,단일로 - 기타,승용,남,28세,상해없음,보행자,여,45세,중상
2021072700100095,2021년 7월 27일 08시,화요일,경기도 하남시 덕풍동,경상사고,0,0,1,0,차대사람 - 기타,안전운전불이행,포장 - 건조,맑음,교차로 - 교차로부근,기타불명,기타불명,미분류,기타불명,보행자,여,35세,경상
2021072700100113,2021년 7월 27일 08시,화요일,경기도 고양시 덕양구 고양동,중상사고,0,1,0,0,차대사람 - 기타,안전운전불이행,포장 - 건조,맑음,단일로 - 기타,승용,남,76세,상해없음,보행자,여,74세,중상
2021072700100127,2021년 7월 27일 09시,화요일,경기도 용인시 기흥구 마북동,중상사고,0,1,0,0,차대사람 - 기타,안전운전불이행,포장 - 건조,맑음,단일로 - 기타,승용,여,59세,상해없음,보행자,남,59세,중상
2021072700100149,2021년 7월 27일 10시,화요일,경기도 평택시 합정동,경상사고,0,0,1,0,차대사람 - 보도통행중,기타,포장 - 건조,맑음,단일로 - 기타,자전거,남,23세,상해없음,보행자,남,5세,경상
2021072700100156,2021년 7월 27일 10시,화요일,경기도 시흥시 정왕동,경상사고,0,0,1,0,차대사람 - 횡단중,신호위반,포장 - 건조,맑음,교차로 - 교차로횡단보도내,승용,남,35세,상해없음,보행자,남,58세,경상
2021072700100185,2021년 7월 27일 10시,화요일,경기도 포천시 일동면,중상사고,0,1,0,0,차대사람 - 기타,안전운전불이행,포장 - 건조,맑음,단일로 - 기타,화물,남,55세,상해없음,보행자,남,65세,중상
2021072700100204,2021년 7월 27일 11시,화요일,경기도 수원시 팔달구 중동,경상사고,0,0,1,0,차대사람 - 기타,안전운전불이행,포장 - 건조,맑음,교차로 - 교차로부근,승용,남,41세,상해없음,보행자,남,28세,경상
2021072700100235,2021년 7월 27일 11시,화요일,경기도 고양시 일산서구 일산동,중상사고,0,1,0,0,차대사람 - 길가장자리구역통행중,안전운전불이행,포장 - 건조,맑음,단일로 - 기타,화물,남,38세,상해없음,보행자,여,75세,중상
2021072700100242,2021년 7월 27일 12시,화요일,경기도 수원시 장안구 정자동,경상사고,0,0,1,0,차대사람 - 기타,안전운전불이행,포장 - 건조,맑음,기타 - 기타,승용,여,38세,상해없음,보행자,여,21세,경상
2021072700100278,2021년 7월 27일 13시,화요일,경기도 성남시 수정구 창곡동,중상사고,0,1,0,0,차대사람 - 횡단중,보행자보호의무위반,포장 - 건조,맑음,단일로 - 기타,이륜,남,42세,상해없음,보행자,여,27세,중상
2021072700100296,2021년 7월 27일 13시,화요일,경기도 구리시 수택동,경상사고,0,0,1,0,차대사람 - 횡단중,안전운전불이행,포장 - 건조,맑음,교차로 - 교차로부근,이륜,남,29세,상해없음,보행자,여,78세,경상
2021072700100346,2021년 7월 27일 15시,화요일,경기도 부천시 소사본동,중상사고,0,1,0,0,차대사람 - 차도통행중,안전운전불이행,포장 - 건조,맑음,교차로 - 교차로부근,화물,남,59세,상해없음,보행자,여,19세,중상
2021072700100366,2021년 7월 27일 15시,화요일,경기도 의정부시 호원동,경상사고,0,0,1,0,차대사람 - 횡단중,안전운전불이행,포장 - 건조,맑음,교차로 - 교차로안,승용,여,53세,상해없음,보행자,여,12세,경상
2021072700100383,2021년 7월 27일 16시,화요일,경기도 하남시 덕풍동,경상사고,0,0,1,0,차대사람 - 기타,보행자보호의무위반,포장 - 건조,맑음,교차로 - 교차로횡단보도내,승용,여,55세,기타불명,보행자,여,33세,경상
2021072700100416,2021년 7월 27일 17시,화요일,경기도 광주시 송정동,경상사고,0,0,2,0,차대사람 - 기타,보행자보호의무위반,포장 - 건조,맑음,교차로 - 교차로횡단보도내,승합,남,65세,상해없음,보행자,남,47세,경상
2021072700100419,2021년 7월 27일 17시,화요일,경기도 부천시 소사동,중상사고,0,1,0,0,차대사람 - 기타,안전운전불이행,포장 - 건조,맑음,단일로 - 기타,승합,남,64세,상해없음,보행자,남,61세,중상
2021072700100514,2021년 7월 27일 19시,화요일,경기도 부천시 심곡본동,중상사고,0,1,0,0,차대사람 - 횡단중,안전운전불이행,포장 - 건조,맑음,단일로 - 기타,화물,남,50세,상해없음,보행자,남,14세,중상
2021072700100539,2021년 7월 27일 19시,화요일,경기도 고양시 일산동구 정발산동,경상사고,0,0,1,0,차대사람 - 보도통행중,기타,포장 - 건조,맑음,단일로 - 기타,개인형이동수단(PM),여,35세,상해없음,보행자,남,46세,경상
2021072700100549,2021년 7월 27일 20시,화요일,경기도 광주시 초월읍,경상사고,0,0,1,0,차대사람 - 길가장자리구역통행중,안전운전불이행,포장 - 건조,맑음,단일로 - 기타,승용,여,31세,상해없음,보행자,남,25세,경상
2021072700100551,2021년 7월 27일 20시,화요일,경기도 용인시 기흥구 구갈동,경상사고,0,0,1,0,차대사람 - 보도통행중,기타,포장 - 건조,맑음,기타 - 기타,자전거,여,41세,상해없음,보행자,남,42세,경상
2021072700100552,2021년 7월 27일 20시,화요일,경기도 양평군 양평읍,경상사고,0,0,1,0,차대사람 - 횡단중,안전운전불이행,포장 - 건조,맑음,교차로 - 교차로횡단보도내,승용,남,35세,기타불명,보행자,여,53세,경상
2021072700100556,2021년 7월 27일 20시,화요일,경기도 용인시 수지구 동천동,경상사고,0,0,1,0,차대사람 - 기타,안전운전불이행,포장 - 건조,맑음,단일로 - 기타,이륜,남,17세,상해없음,보행자,여,50세,경상
2021072700100568,2021년 7월 27일 21시,화요일,경기도 안산시 단원구 신길동,경상사고,0,0,1,0,차대사람 - 기타,안전운전불이행,포장 - 건조,맑음,교차로 - 교차로안,이륜,남,57세,상해없음,보행자,여,61세,경상
2021072700100598,2021년 7월 27일 22시,화요일,경기도 성남시 분당구 백현동,경상사고,0,0,1,0,차대사람 - 기타,보행자보호의무위반,포장 - 건조,맑음,교차로 - 교차로안,승합,남,64세,상해없음,보행자,여,48세,경상
2021072800100041,2021년 7월 28일 06시,수요일,경기도 김포시 장기동,부상신고사고,0,0,0,1,차대사람 - 기타,안전운전불이행,포장 - 건조,맑음,기타 - 기타,자전거,남,62세,부상신고,보행자,남,71세,상해없음
2021072800100046,2021년 7월 28일 06시,수요일,경기도 하남시 교산동,경상사고,0,0,1,0,차대사람 - 보도통행중,안전운전불이행,포장 - 건조,맑음,교차로 - 교차로횡단보도내,화물,남,39세,상해없음,보행자,남,67세,경상
2021072800100064,2021년 7월 28일 07시,수요일,경기도 평택시 서정동,중상사고,0,1,0,0,차대사람 - 횡단중,안전운전불이행,포장 - 건조,맑음,단일로 - 기타,이륜,남,26세,상해없음,보행자,남,39세,중상