사고번호,사고일시,요일,시군구,사고내용,사망자수,중상자수,경상자수,부상신고자수,사고유형,법규위반,노면상태,기상상태,도로형태,가해운전자 차종,가해운전자 성별,가해운전자 연령,가해운전자 상해정도,피해운전자 차종,피해운전자 성별,피해운전자 연령,피해운전자 상해정도
2021072800100207,2021년 7월 28일 11시,수요일,경기도 남양주시 퇴계원읍,경상사고,0,0,1,0,차대사람 - 기타,안전운전불이행,포장 - 건조,맑음,교차로 - 교차로안,자전거,남,66세,상해없음,보행자,여,78세,경상
2021072800100223,2021년 7월 28일 12시,수요일,경기도 용인시 수지구 성복동,중상사고,0,1,0,0,차대사람 - 보도통행중,기타,포장 - 건조,맑음,교차로 - 교차로부근,자전거,남,17세,상해없음,보행자,여,62세,중상
2021072800100240,2021년 7월 28일 12시,수요일,경기도 고양시 일산서구 덕이동,중상사고,0,1,0,0,차대사람 - 차도통행중,안전운전불이행,포장 - 건조,맑음,단일로 - 기타,승합,남,71세,상해없음,보행자,여,88세,중상
2021072800100258,2021년 7월 28일 13시,수요일,경기도 성남시 분당구 운중동,부상신고사고,0,0,0,1,차대사람 - 기타,안전운전불이행,포장 - 건조,맑음,단일로 - 기타,승합,남,29세,상해없음,보행자,여,66세,부상신고
2021072800100284,2021년 7월 28일 14시,수요일,경기도 성남시 수정구 태평동,경상사고,0,0,1,0,차대사람 - 기타,안전운전불이행,포장 - 건조,맑음,단일로 - 기타,자전거,남,51세,상해없음,보행자,남,70세,경상
2021072800100309,2021년 7월 28일 14시,수요일,경기도 고양시 덕양구 화정동,경상사고,0,0,1,0,차대사람 - 기타,안전운전불이행,포장 - 건조,맑음,단일로 - 기타,승합,남,52세,상해없음,보행자,남,31세,경상
2021072800100310,2021년 7월 28일 14시,수요일,경기도 남양주시 화도읍,경상사고,0,0,1,0,차대사람 - 기타,안전운전불이행,포장 - 건조,맑음,교차로 - 교차로부근,승용,남,55세,상해없음,보행자,여,21세,경상
2021072800100357,2021년 7월 28일 16시,수요일,경기도 군포시 당동,중상사고,0,1,0,0,차대사람 - 기타,안전운전불이행,포장 - 건조,맑음,기타 - 기타,자전거,남,12세,상해없음,보행자,여,83세,중상
2021072800100392,2021년 7월 28일 17시,수요일,경기도 평택시 고덕면,중상사고,0,1,0,0,차대사람 - 횡단중,보행자보호의무위반,포장 - 건조,맑음,교차로 - 교차로횡단보도내,승합,남,65세,상해없음,보행자,남,56세,중상
2021072800100400,2021년 7월 28일 17시,수요일,경기도 양평군 용문면,사망사고,1,0,0,0,차대사람 - 횡단중,보행자보호의무위반,포장 - 건조,맑음,교차로 - 교차로횡단보도내,화물,남,58세,상해없음,보행자,여,59세,사망
2021072800100404,2021년 7월 28일 17시,수요일,경기도 성남시 중원구 중앙동,중상사고,0,1,0,0,차대사람 - 기타,안전운전불이행,포장 - 건조,맑음,단일로 - 기타,승용,남,53세,상해없음,보행자,남,72세,중상
2021072800100439,2021년 7월 28일 17시,수요일,경기도 가평군 조종면,중상사고,0,1,0,0,차대사람 - 보도통행중,기타,포장 - 건조,맑음,단일로 - 기타,승용,남,64세,상해없음,보행자,여,62세,중상
2021072800100501,2021년 7월 28일 19시,수요일,경기도 광주시 오포읍,경상사고,0,0,1,0,차대사람 - 횡단중,안전운전불이행,포장 - 건조,맑음,기타 - 기타,승용,여,60세,상해없음,보행자,여,14세,경상
2021072800100523,2021년 7월 28일 20시,수요일,경기도 이천시 관고동,경상사고,0,0,1,0,차대사람 - 기타,보행자보호의무위반,포장 - 건조,맑음,단일로 - 기타,화물,남,65세,상해없음,보행자,남,58세,경상
2021072800100524,2021년 7월 28일 20시,수요일,경기도 용인시 처인구 포곡읍,사망사고,1,0,0,0,차대사람 - 길가장자리구역통행중,안전운전불이행,포장 - 건조,맑음,단일로 - 기타,화물,남,36세,상해없음,보행자,남,61세,사망
2021072800100583,2021년 7월 28일 22시,수요일,경기도 양평군 옥천면,경상사고,0,0,1,0,차대사람 - 기타,안전운전불이행,포장 - 건조,맑음,교차로 - 교차로안,승용,남,68세,기타불명,보행자,여,53세,경상
2021072800100586,2021년 7월 28일 22시,수요일,경기도 부천시 고강동,부상신고사고,0,0,0,1,차대사람 - 차도통행중,안전운전불이행,포장 - 건조,맑음,교차로 - 교차로부근,승용,남,44세,상해없음,보행자,남,24세,부상신고
2021072800100603,2021년 7월 28일 23시,수요일,경기도 부천시 소사본동,경상사고,0,0,1,0,차대사람 - 기타,안전운전불이행,포장 - 기타,맑음,교차로 - 교차로부근,승용,남,45세,상해없음,보행자,남,26세,경상
2021072800100612,2021년 7월 28일 23시,수요일,경기도 파주시 야당동,경상사고,0,0,1,0,차대사람 - 기타,안전운전불이행,포장 - 건조,맑음,단일로 - 기타,승용,여,31세,상해없음,보행자,여,25세,경상
2021072900100050,2021년 7월 29일 07시,목요일,경기도 안양시 동안구 관양동,경상사고,0,0,1,0,차대사람 - 기타,안전운전불이행,포장 - 건조,맑음,단일로 - 기타,승합,남,62세,상해없음,보행자,여,62세,경상
2021072900100107,2021년 7월 29일 09시,목요일,경기도 안산시 단원구 선부동,중상사고,0,1,0,0,차대사람 - 차도통행중,안전운전불이행,포장 - 건조,맑음,교차로 - 교차로부근,승용,남,70세,상해없음,보행자,여,81세,중상
2021072900100130,2021년 7월 29일 09시,목요일,경기도 고양시 일산동구 식사동,경상사고,0,0,1,0,차대사람 - 횡단중,신호위반,포장 - 건조,맑음,교차로 - 교차로횡단보도내,승용,여,58세,상해없음,보행자,여,49세,경상
2021072900100136,2021년 7월 29일 10시,목요일,경기도 용인시 기흥구 보라동,중상사고,0,1,0,0,차대사람 - 차도통행중,보행자보호의무위반,포장 - 건조,맑음,교차로 - 교차로안,화물,남,33세,상해없음,보행자,여,80세,중상
2021072900100137,2021년 7월 29일 10시,목요일,경기도 부천시 중동,중상사고,0,1,0,0,차대사람 - 횡단중,보행자보호의무위반,포장 - 건조,맑음,단일로 - 기타,승용,남,62세,상해없음,보행자,여,18세,중상
2021072900100214,2021년 7월 29일 12시,목요일,경기도 부천시 상동,경상사고,0,0,1,0,차대사람 - 횡단중,보행자보호의무위반,포장 - 건조,맑음,교차로 - 교차로안,승용,여,63세,상해없음,보행자,남,10세,경상
2021072900100243,2021년 7월 29일 12시,목요일,경기도 파주시 아동동,경상사고,0,0,1,0,차대사람 - 보도통행중,기타,포장 - 건조,맑음,단일로 - 기타,사륜오토바이(ATV),남,66세,상해없음,보행자,여,41세,경상
2021072900100307,2021년 7월 29일 15시,목요일,경기도 성남시 중원구 성남동,중상사고,0,1,0,0,차대사람 - 기타,안전운전불이행,포장 - 건조,맑음,교차로 - 교차로부근,승용,남,23세,상해없음,보행자,여,53세,중상
2021072900100351,2021년 7월 29일 16시,목요일,경기도 안산시 단원구 원곡동,경상사고,0,0,1,0,차대사람 - 기타,안전운전불이행,포장 - 건조,맑음,단일로 - 기타,승용,남,41세,기타불명,보행자,여,56세,경상
2021072900100355,2021년 7월 29일 16시,목요일,경기도 화성시 병점동,경상사고,0,0,1,0,차대사람 - 차도통행중,보행자보호의무위반,포장 - 건조,맑음,교차로 - 교차로안,승용,남,64세,상해없음,보행자,여,43세,경상
2021072900100373,2021년 7월 29일 16시,목요일,경기도 동두천시 지행동,경상사고,0,0,1,0,차대사람 - 기타,안전운전불이행,포장 - 건조,맑음,교차로 - 교차로부근,자전거,남,12세,상해없음,보행자,여,83세,경상
2021072900100384,2021년 7월 29일 17시,목요일,경기도 성남시 중원구 상대원동,경상사고,0,0,1,0,차대사람 - 길가장자리구역통행중,안전운전불이행,포장 - 건조,맑음,교차로 - 교차로안,승용,남,74세,상해없음,보행자,남,56세,경상
2021072900100417,2021년 7월 29일 18시,목요일,경기도 수원시 팔달구 인계동,경상사고,0,0,1,0,차대사람 - 기타,안전운전불이행,포장 - 건조,맑음,단일로 - 기타,개인형이동수단(PM),남,37세,상해없음,보행자,여,33세,경상
2021072900100445,2021년 7월 29일 18시,목요일,경기도 포천시 소흘읍,중상사고,0,1,0,0,차대사람 - 길가장자리구역통행중,안전운전불이행,포장 - 건조,맑음,단일로 - 기타,원동기,남,37세,상해없음,보행자,남,40세,중상
2021072900100473,2021년 7월 29일 19시,목요일,경기도 고양시 덕양구 행신동,경상사고,0,0,1,0,차대사람 - 기타,안전운전불이행,포장 - 건조,맑음,단일로 - 기타,승용,남,64세,상해없음,보행자,남,4세,경상
2021072900100474,2021년 7월 29일 19시,목요일,경기도 고양시 일산서구 일산동,중상사고,0,1,0,0,차대사람 - 횡단중,신호위반,포장 - 건조,맑음,단일로 - 기타,승용,남,40세,상해없음,보행자,여,41세,중상
2021072900100482,2021년 7월 29일 20시,목요일,경기도 안산시 단원구 신길동,중상사고,0,1,0,0,차대사람 - 기타,안전운전불이행,포장 - 건조,맑음,단일로 - 기타,승합,남,55세,상해없음,보행자,남,47세,중상
2021072900100504,2021년 7월 29일 21시,목요일,경기도 평택시 신장동,중상사고,0,1,0,0,차대사람 - 길가장자리구역통행중,안전운전불이행,포장 - 건조,맑음,교차로 - 교차로부근,승용,남,23세,상해없음,보행자,여,60세,중상
2021072900100507,2021년 7월 29일 21시,목요일,경기도 여주시 오학동,경상사고,0,0,1,0,차대사람 - 기타,안전운전불이행,포장 - 건조,맑음,단일로 - 기타,승용,여,56세,상해없음,보행자,남,51세,경상
2021072900100508,2021년 7월 29일 21시,목요일,경기도 부천시 중동,중상사고,0,1,0,0,차대사람 - 보도통행중,신호위반,포장 - 건조,맑음,단일로 - 기타,이륜,남,39세,상해없음,보행자,여,78세,중상
2021072900100537,2021년 7월 29일 22시,목요일,경기도 시흥시 은행동,경상사고,0,0,1,0,차대사람 - 차도통행중,안전운전불이행,포장 - 건조,맑음,단일로 - 기타,승용,남,24세,상해없음,보행자,남,38세,경상
2021072900100562,2021년 7월 29일 23시,목요일,경기도 안산시 단원구 대부북동,경상사고,0,0,1,0,차대사람 - 차도통행중,안전운전불이행,포장 - 건조,맑음,단일로 - 기타,승용,여,63세,상해없음,보행자,여,76세,경상
2021073000100030,2021년 7월 30일 06시,금요일,경기도 평택시 고덕면,중상사고,0,1,0,0,차대사람 - 횡단중,보행자보호의무위반,포장 - 건조,맑음,교차로 - 교차로부근,승용,남,35세,상해없음,보행자,여,20세,중상
2021073000100050,2021년 7월 30일 07시,금요일,경기도 화성시 병점동,중상사고,0,1,0,0,차대사람 - 횡단중,보행자보호의무위반,포장 - 건조,맑음,교차로 - 교차로횡단보도내,화물,남,31세,상해없음,보행자,남,79세,중상
2021073000100117,2021년 7월 30일 09시,금요일,경기도 고양시 일산동구 백석동,중상사고,0,1,0,0,차대사람 - 횡단중,신호위반,포장 - 건조,맑음,교차로 - 교차로횡단보도내,화물,남,33세,상해없음,보행자,남,12세,중상
2021073000100120,2021년 7월 30일 09시,금요일,경기도 구리시 수택동,중상사고,0,1,0,0,차대사람 - 기타,안전운전불이행,포장 - 건조,맑음,단일로 - 기타,승용,여,57세,상해없음,보행자,여,71세,중상
2021073000100289,2021년 7월 30일 14시,금요일,경기도 김포시 고촌읍,경상사고,0,0,1,0,차대사람 - 기타,안전운전불이행,포장 - 건조,맑음,단일로 - 기타,건설기계,남,60세,상해없음,보행자,남,55세,경상
2021073000100323,2021년 7월 30일 15시,금요일,경기도 용인시 기흥구 신갈동,경상사고,0,0,1,0,차대사람 - 횡단중,안전운전불이행,포장 - 건조,맑음,교차로 - 교차로안,승용,여,42세,상해없음,보행자,남,4세,경상
2021073000100344,2021년 7월 30일 15시,금요일,경기도 파주시 야당동,경상사고,0,0,1,0,차대사람 - 보도통행중,기타,포장 - 건조,맑음,단일로 - 기타,개인형이동수단(PM),남,15세,상해없음,보행자,여,6세,경상
2021073000100457,2021년 7월 30일 18시,금요일,경기도 부천시 원종동,경상사고,0,0,1,0,차대사람 - 횡단중,안전운전불이행,포장 - 건조,맑음,교차로 - 교차로횡단보도내,승용,남,38세,상해없음,보행자,남,10세,경상
2021073000100485,2021년 7월 30일 19시,금요일,경기도 시흥시 하중동,경상사고,0,0,1,0,차대사람 - 기타,안전운전불이행,포장 - 건조,맑음,단일로 - 기타,승용,남,31세,상해없음,보행자,남,6세,경상
2021073000100497,2021년 7월 30일 19시,금요일,경기도 파주시 금촌동,부상신고사고,0,0,0,1,차대사람 - 횡단중,안전운전불이행,포장 - 건조,맑음,단일로 - 기타,기타불명,기타불명,미분류,기타불명,보행자,여,8세,부상신고
2021073000100505,2021년 7월 30일 20시,금요일,경기도 수원시 팔달구 북수동,부상신고사고,0,0,0,1,차대사람 - 기타,안전운전불이행,포장 - 건조,맑음,단일로 - 기타,승용,남,57세,상해없음,보행자,남,63세,부상신고
2021073000100509,2021년 7월 30일 20시,금요일,경기도 성남시 중원구 성남동,경상사고,0,0,1,0,차대사람 - 차도통행중,안전운전불이행,포장 - 건조,맑음,기타 - 기타,승용,남,38세,상해없음,보행자,남,57세,경상
2021073000100511,2021년 7월 30일 20시,금요일,경기도 화성시 향남읍,경상사고,0,0,1,0,차대사람 - 기타,안전운전불이행,포장 - 건조,맑음,교차로 - 교차로부근,승용,여,63세,상해없음,보행자,여,54세,경상
2021073000100512,2021년 7월 30일 20시,금요일,경기도 화성시 봉담읍,경상사고,0,0,1,0,차대사람 - 보도통행중,기타,포장 - 건조,맑음,기타 - 기타,개인형이동수단(PM),남,17세,상해없음,보행자,남,33세,경상
2021073000100544,2021년 7월 30일 21시,금요일,경기도 부천시 심곡동,경상사고,0,0,1,0,차대사람 - 기타,안전운전불이행,포장 - 건조,맑음,단일로 - 기타,승용,남,23세,상해없음,보행자,남,30세,경상
2021073000100573,2021년 7월 30일 22시,금요일,경기도 평택시 모곡동,경상사고,0,0,1,0,차대사람 - 기타,안전운전불이행,포장 - 건조,맑음,단일로 - 기타,승용,남,28세,상해없음,보행자,남,70세,경상
2021073000100603,2021년 7월 30일 22시,금요일,경기도 고양시 일산동구 마두동,중상사고,0,1,1,0,차대사람 - 횡단중,신호위반,포장 - 건조,맑음,교차로 - 교차로횡단보도내,이륜,남,16세,경상,보행자,여,50세,중상
2021073000100608,2021년 7월 30일 23시,금요일,경기도 성남시 수정구 신흥동,중상사고,0,1,0,0,차대사람 - 기타,안전운전불이행,포장 - 건조,맑음,기타 - 기타,이륜,남,24세,상해없음,보행자,여,81세,중상
2021073000100613,2021년 7월 30일 23시,금요일,경기도 부천시 심곡본동,경상사고,0,0,1,0,차대사람 - 기타,안전운전불이행,포장 - 건조,맑음,단일로 - 기타,승용,여,57세,상해없음,보행자,남,55세,경상
2021073100100019,2021년 7월 31일 01시,토요일,경기도 안성시 인지동,경상사고,0,0,1,0,차대사람 - 횡단중,보행자보호의무위반,포장 - 건조,맑음,기타 - 기타,승용,남,61세,상해없음,보행자,남,46세,경상
2021073100100029,2021년 7월 31일 02시,토요일,경기도 시흥시 조남동,사망사고,1,0,0,0,차대사람 - 기타,안전운전불이행,포장 - 젖음/습기,비,단일로 - 기타,승용,남,20세,상해없음,보행자,남,44세,사망
2021073100100123,2021년 7월 31일 10시,토요일,경기도 포천시 신읍동,중상사고,0,1,0,0,차대사람 - 차도통행중,안전운전불이행,포장 - 건조,맑음,단일로 - 기타,이륜,남,39세,상해없음,보행자,남,58세,중상
2021073100100142,2021년 7월 31일 11시,토요일,경기도 수원시 권선구 서둔동,경상사고,0,0,1,0,차대사람 - 기타,기타,포장 - 건조,맑음,단일로 - 기타,승합,남,49세,상해없음,보행자,여,69세,경상
2021073100100180,2021년 7월 31일 12시,토요일,경기도 성남시 분당구 정자동,경상사고,0,0,1,0,차대사람 - 횡단중,안전운전불이행,포장 - 건조,맑음,단일로 - 기타,승용,남,45세,상해없음,보행자,남,26세,경상
2021073100100303,2021년 7월 31일 15시,토요일,경기도 성남시 수정구 태평동,사망사고,1,0,0,0,차대사람 - 기타,안전운전불이행,포장 - 건조,맑음,단일로 - 기타,승용,남,32세,상해없음,보행자,여,60세,사망
2021073100100371,2021년 7월 31일 17시,토요일,경기도 안산시 단원구 선부동,경상사고,0,0,1,0,차대사람 - 기타,안전운전불이행,포장 - 기타,기타,기타 - 기타,자전거,기타불명,미분류,기타불명,보행자,여,48세,경상
2021073100100448,2021년 7월 31일 19시,토요일,경기도 평택시 서정동,경상사고,0,0,1,0,차대사람 - 차도통행중,안전운전불이행,포장 - 건조,맑음,단일로 - 기타,이륜,남,33세,상해없음,보행자,남,28세,경상
2021073100100449,2021년 7월 31일 19시,토요일,경기도 안성시 양성면,중상사고,0,1,0,0,차대사람 - 기타,안전운전불이행,포장 - 건조,맑음,단일로 - 기타,이륜,남,51세,상해없음,보행자,여,70세,중상
2021073100100483,2021년 7월 31일 20시,토요일,경기도 수원시 권선구 금곡동,경상사고,0,0,1,0,차대사람 - 기타,안전운전불이행,포장 - 건조,맑음,기타 - 기타,화물,남,43세,상해없음,보행자,남,45세,경상
2021073100100536,2021년 7월 31일 22시,토요일,경기도 성남시 수정구 태평동,경상사고,0,0,1,0,차대사람 - 길가장자리구역통행중,안전운전불이행,포장 - 건조,맑음,단일로 - 기타,이륜,남,30세,상해없음,보행자,남,36세,경상
2021073100100553,2021년 7월 31일 22시,토요일,경기도 양주시 덕계동,경상사고,0,0,1,0,차대사람 - 기타,안전운전불이행,포장 - 건조,맑음,단일로 - 기타,승용,남,28세,상해없음,보행자,남,29세,경상
2021080100100005,2021년 8월 1일 00시,일요일,경기도 평택시 신장동,경상사고,0,0,1,0,차대사람 - 기타,안전운전불이행,포장 - 건조,맑음,교차로 - 교차로부근,승용,남,24세,상해없음,보행자,여,41세,경상
2021080100100079,2021년 8월 1일 10시,일요일,경기도 용인시 처인구 마평동,중상사고,0,1,1,0,차대사람 - 기타,안전운전불이행,포장 - 건조,맑음,기타 - 기타,자전거,여,58세,중상,보행자,여,18세,경상
2021080100100144,2021년 8월 1일 12시,일요일,경기도 고양시 덕양구 주교동,중상사고,0,1,0,0,차대사람 - 차도통행중,안전운전불이행,포장 - 젖음/습기,흐림,단일로 - 지하차도(도로)내,승용,남,66세,상해없음,보행자,남,60세,중상
2021080100100201,2021년 8월 1일 15시,일요일,경기도 부천시 상동,경상사고,0,0,1,0,차대사람 - 기타,안전운전불이행,포장 - 건조,맑음,단일로 - 기타,자전거,남,48세,상해없음,보행자,남,25세,경상
2021080100100232,2021년 8월 1일 16시,일요일,경기도 안산시 단원구 선부동,경상사고,0,0,1,0,차대사람 - 기타,안전운전불이행,포장 - 건조,맑음,단일로 - 기타,승용,남,45세,상해없음,보행자,여,80세,경상
2021080100100260,2021년 8월 1일 17시,일요일,경기도 시흥시 정왕동,중상사고,0,1,0,0,차대사람 - 횡단중,보행자보호의무위반,포장 - 건조,맑음,단일로 - 기타,승용,남,53세,상해없음,보행자,여,14세,중상
2021080100100287,2021년 8월 1일 18시,일요일,경기도 수원시 장안구 영화동,부상신고사고,0,0,0,1,차대사람 - 기타,교차로운행방법위반,포장 - 젖음/습기,비,교차로 - 교차로안,승용,남,62세,상해없음,보행자,여,63세,부상신고
2021080100100291,2021년 8월 1일 18시,일요일,경기도 안산시 상록구 사동,경상사고,0,0,1,0,차대사람 - 차도통행중,안전운전불이행,포장 - 건조,맑음,단일로 - 기타,승용,여,29세,상해없음,보행자,여,59세,경상
2021080100100328,2021년 8월 1일 19시,일요일,경기도 안산시 단원구 선부동,경상사고,0,0,1,0,차대사람 - 기타,안전운전불이행,포장 - 젖음/습기,비,단일로 - 기타,이륜,남,41세,상해없음,보행자,남,22세,경상
2021080100100359,2021년 8월 1일 20시,일요일,경기도 평택시 독곡동,경상사고,0,0,1,0,차대사람 - 횡단중,안전운전불이행,포장 - 젖음/습기,비,교차로 - 교차로횡단보도내,이륜,남,44세,경상,보행자,여,23세,상해없음
2021080100100364,2021년 8월 1일 20시,일요일,경기도 용인시 기흥구 구갈동,중상사고,0,2,0,0,차대사람 - 횡단중,안전운전불이행,포장 - 젖음/습기,비,단일로 - 기타,이륜,남,40세,중상,보행자,여,75세,중상
2021080100100454,2021년 8월 1일 23시,일요일,경기도 성남시 수정구 수진동,사망사고,1,0,0,0,차대사람 - 횡단중,안전운전불이행,포장 - 젖음/습기,비,교차로 - 교차로부근,승용,여,33세,상해없음,보행자,남,64세,사망
2021080200100025,2021년 8월 2일 03시,월요일,경기도 남양주시 화도읍,경상사고,0,0,1,0,차대사람 - 기타,안전운전불이행,포장 - 건조,흐림,단일로 - 기타,승용,남,24세,상해없음,보행자,남,29세,경상
2021080200100053,2021년 8월 2일 07시,월요일,경기도 김포시 고촌읍,경상사고,0,0,1,0,차대사람 - 기타,안전운전불이행,포장 - 기타,맑음,기타 - 기타,기타불명,기타불명,미분류,기타불명,보행자,여,54세,경상
2021080200100178,2021년 8월 2일 11시,월요일,경기도 고양시 일산동구 마두동,중상사고,0,1,0,0,차대사람 - 횡단중,신호위반,포장 - 건조,맑음,단일로 - 기타,승용,여,32세,상해없음,보행자,여,63세,중상
2021080200100192,2021년 8월 2일 12시,월요일,경기도 김포시 사우동,경상사고,0,0,1,0,차대사람 - 기타,안전운전불이행,포장 - 건조,맑음,단일로 - 기타,승용,여,38세,상해없음,보행자,남,49세,경상
2021080200100230,2021년 8월 2일 13시,월요일,경기도 안산시 단원구 와동,중상사고,0,1,0,0,차대사람 - 기타,안전운전불이행,포장 - 건조,맑음,교차로 - 교차로안,개인형이동수단(PM),남,17세,상해없음,보행자,여,59세,중상
2021080200100256,2021년 8월 2일 13시,월요일,경기도 고양시 일산서구 덕이동,중상사고,0,1,0,0,차대사람 - 기타,안전운전불이행,포장 - 건조,맑음,교차로 - 교차로안,승용,여,56세,상해없음,보행자,여,41세,중상
2021080200100267,2021년 8월 2일 14시,월요일,경기도 안산시 단원구 고잔동,중상사고,0,1,0,0,차대사람 - 기타,안전운전불이행,포장 - 건조,맑음,단일로 - 기타,자전거,여,19세,상해없음,보행자,여,62세,중상
2021080200100269,2021년 8월 2일 14시,월요일,경기도 화성시 향남읍,중상사고,0,1,0,0,차대사람 - 기타,신호위반,포장 - 건조,맑음,교차로 - 교차로부근,이륜,남,44세,상해없음,보행자,여,7세,중상
2021080200100368,2021년 8월 2일 16시,월요일,경기도 의정부시 호원동,중상사고,0,1,0,0,차대사람 - 횡단중,보행자보호의무위반,포장 - 건조,맑음,교차로 - 교차로횡단보도내,승합,남,72세,상해없음,보행자,여,48세,중상
2021080200100416,2021년 8월 2일 18시,월요일,경기도 군포시 산본동,중상사고,0,1,0,0,차대사람 - 기타,안전운전불이행,포장 - 건조,맑음,단일로 - 기타,이륜,남,22세,상해없음,보행자,남,27세,중상
2021080200100464,2021년 8월 2일 19시,월요일,경기도 수원시 팔달구 우만동,중상사고,0,1,0,0,차대사람 - 횡단중,신호위반,포장 - 건조,맑음,단일로 - 기타,화물,남,59세,상해없음,보행자,남,40세,중상
2021080200100467,2021년 8월 2일 19시,월요일,경기도 수원시 권선구 대황교동,경상사고,0,0,1,0,차대사람 - 기타,안전운전불이행,포장 - 건조,맑음,단일로 - 기타,승합,남,53세,상해없음,보행자,남,41세,경상
2021080200100511,2021년 8월 2일 20시,월요일,경기도 의정부시 의정부동,중상사고,0,1,0,0,차대사람 - 횡단중,안전운전불이행,포장 - 건조,맑음,단일로 - 기타,승용,남,63세,상해없음,보행자,남,51세,중상
2021080200100521,2021년 8월 2일 21시,월요일,경기도 부천시 소사본동,경상사고,0,0,1,0,차대사람 - 기타,안전운전불이행,포장 - 건조,맑음,교차로 - 교차로부근,이륜,남,31세,상해없음,보행자,남,35세,경상
2021080200100553,2021년 8월 2일 22시,월요일,경기도 하남시 미사동,부상신고사고,0,0,0,1,차대사람 - 기타,안전운전불이행,포장 - 건조,맑음,단일로 - 기타,자전거,여,26세,상해없음,보행자,여,73세,부상신고
2021080200100569,2021년 8월 2일 23시,월요일,경기도 안성시 인지동,중상사고,0,1,0,0,차대사람 - 횡단중,안전운전불이행,포장 - 건조,맑음,단일로 - 기타,이륜,남,48세,상해없음,보행자,여,66세,중상
2021080300100067,2021년 8월 3일 09시,화요일,경기도 이천시 장호원읍,경상사고,0,0,1,0,차대사람 - 기타,보행자보호의무위반,포장 - 건조,맑음,교차로 - 교차로안,승용,남,65세,상해없음,보행자,남,61세,경상
2021080300100098,2021년 8월 3일 10시,화요일,경기도 수원시 장안구 율전동,경상사고,0,0,1,0,차대사람 - 기타,안전운전불이행,포장 - 건조,맑음,교차로 - 교차로부근,기타불명,기타불명,미분류,기타불명,보행자,남,33세,경상
2021080300100100,2021년 8월 3일 10시,화요일,경기도 부천시 원미동,경상사고,0,0,1,0,차대사람 - 길가장자리구역통행중,안전운전불이행,포장 - 건조,맑음,단일로 - 기타,승용,남,74세,상해없음,보행자,남,24세,경상
2021080300100138,2021년 8월 3일 11시,화요일,경기도 김포시 통진읍,경상사고,0,0,1,0,차대사람 - 차도통행중,안전운전불이행,포장 - 건조,맑음,교차로 - 교차로안,승용,남,34세,상해없음,보행자,남,88세,경상
2021080300100142,2021년 8월 3일 11시,화요일,경기도 안양시 만안구 박달동,경상사고,0,0,1,0,차대사람 - 기타,안전운전불이행,포장 - 건조,맑음,교차로 - 교차로안,화물,남,63세,기타불명,보행자,여,68세,경상
2021080300100168,2021년 8월 3일 12시,화요일,경기도 용인시 기흥구 중동,경상사고,0,0,1,0,차대사람 - 횡단중,중앙선침범,포장 - 건조,맑음,교차로 - 교차로부근,승용,여,61세,상해없음,보행자,여,57세,경상
2021080300100172,2021년 8월 3일 12시,화요일,경기도 화성시 병점동,중상사고,0,1,0,0,차대사람 - 횡단중,안전운전불이행,포장 - 건조,맑음,단일로 - 기타,이륜,남,48세,상해없음,보행자,남,74세,중상
2021080300100229,2021년 8월 3일 14시,화요일,경기도 평택시 포승읍,경상사고,0,0,1,0,차대사람 - 횡단중,안전운전불이행,포장 - 젖음/습기,비,단일로 - 기타,승용,남,59세,상해없음,보행자,남,57세,경상
2021080300100230,2021년 8월 3일 14시,화요일,경기도 광주시 경안동,경상사고,0,0,1,0,차대사람 - 횡단중,안전운전불이행,포장 - 건조,맑음,교차로 - 교차로부근,승용,여,49세,상해없음,보행자,여,17세,경상
2021080300100233,2021년 8월 3일 14시,화요일,경기도 군포시 금정동,중상사고,0,1,0,0,차대사람 - 기타,안전운전불이행,포장 - 건조,맑음,단일로 - 기타,승용,여,57세,상해없음,보행자,여,78세,중상
2021080300100293,2021년 8월 3일 15시,화요일,경기도 고양시 일산동구 백석동,경상사고,0,0,1,0,차대사람 - 횡단중,안전운전불이행,포장 - 건조,맑음,단일로 - 기타,승용,여,57세,상해없음,보행자,여,27세,경상
2021080300100343,2021년 8월 3일 17시,화요일,경기도 안양시 만안구 안양동,경상사고,0,0,1,0,차대사람 - 기타,안전운전불이행,포장 - 기타,맑음,단일로 - 기타,이륜,남,50세,상해없음,보행자,남,39세,경상
2021080300100389,2021년 8월 3일 18시,화요일,경기도 화성시 양감면,중상사고,0,1,0,0,차대사람 - 기타,안전운전불이행,포장 - 건조,맑음,단일로 - 기타,화물,남,54세,상해없음,보행자,남,65세,중상
2021080300100415,2021년 8월 3일 19시,화요일,경기도 부천시 중동,경상사고,0,0,1,0,차대사람 - 횡단중,신호위반,포장 - 건조,맑음,교차로 - 교차로횡단보도내,승용,남,52세,상해없음,보행자,여,59세,경상
2021080300100435,2021년 8월 3일 19시,화요일,경기도 고양시 일산동구 정발산동,경상사고,0,0,1,0,차대사람 - 횡단중,신호위반,포장 - 건조,맑음,교차로 - 교차로횡단보도내,개인형이동수단(PM),남,44세,상해없음,보행자,남,34세,경상
2021080300100444,2021년 8월 3일 20시,화요일,경기도 수원시 영통구 이의동,경상사고,0,0,1,0,차대사람 - 보도통행중,보행자보호의무위반,포장 - 건조,맑음,기타 - 기타,자전거,남,22세,상해없음,보행자,남,54세,경상
2021080300100507,2021년 8월 3일 22시,화요일,경기도 동두천시 지행동,중상사고,0,2,0,0,차대사람 - 기타,안전운전불이행,포장 - 건조,맑음,단일로 - 기타,승용,여,38세,상해없음,보행자,여,45세,중상