사고번호,사고일시,요일,시군구,사고내용,사망자수,중상자수,경상자수,부상신고자수,사고유형,법규위반,노면상태,기상상태,도로형태,가해운전자 차종,가해운전자 성별,가해운전자 연령,가해운전자 상해정도,피해운전자 차종,피해운전자 성별,피해운전자 연령,피해운전자 상해정도
2021080900100404,2021년 8월 9일 16시,월요일,경기도 구리시 교문동,부상신고사고,0,0,0,1,차대사람 - 횡단중,안전운전불이행,포장 - 건조,맑음,단일로 - 기타,원동기,남,32세,상해없음,보행자,남,8세,부상신고
2021080900100405,2021년 8월 9일 16시,월요일,경기도 가평군 가평읍,경상사고,0,0,1,0,차대사람 - 차도통행중,안전운전불이행,포장 - 건조,맑음,교차로 - 교차로부근,승용,여,27세,상해없음,보행자,남,1세,상해없음
2021080900100417,2021년 8월 9일 17시,월요일,경기도 광주시 초월읍,중상사고,0,1,0,0,차대사람 - 횡단중,신호위반,포장 - 건조,맑음,단일로 - 기타,화물,남,64세,상해없음,보행자,여,41세,중상
2021080900100420,2021년 8월 9일 17시,월요일,경기도 성남시 분당구 수내동,경상사고,0,0,1,0,차대사람 - 기타,안전운전불이행,포장 - 기타,맑음,단일로 - 기타,승용,남,62세,상해없음,보행자,남,38세,경상
2021080900100422,2021년 8월 9일 17시,월요일,경기도 안산시 상록구 건건동,경상사고,0,0,1,0,차대사람 - 차도통행중,기타,포장 - 건조,맑음,단일로 - 기타,화물,남,65세,상해없음,보행자,여,20세,경상
2021080900100452,2021년 8월 9일 17시,월요일,경기도 고양시 덕양구 원흥동,중상사고,0,1,0,0,차대사람 - 횡단중,보행자보호의무위반,포장 - 기타,맑음,교차로 - 교차로횡단보도내,이륜,남,36세,상해없음,보행자,남,8세,중상
2021080900100492,2021년 8월 9일 18시,월요일,경기도 의정부시 호원동,부상신고사고,0,0,0,1,차대사람 - 횡단중,중앙선침범,포장 - 건조,맑음,교차로 - 교차로부근,승용,여,42세,상해없음,보행자,남,37세,부상신고
2021080900100499,2021년 8월 9일 19시,월요일,경기도 이천시 창전동,중상사고,0,1,0,0,차대사람 - 횡단중,안전운전불이행,포장 - 건조,맑음,단일로 - 기타,승용,여,47세,상해없음,보행자,여,80세,중상
2021080900100500,2021년 8월 9일 19시,월요일,경기도 부천시 심곡동,경상사고,0,0,1,0,차대사람 - 기타,안전운전불이행,포장 - 건조,맑음,기타 - 기타,승용,여,52세,상해없음,보행자,여,23세,경상
2021080900100560,2021년 8월 9일 21시,월요일,경기도 이천시 부발읍,경상사고,0,0,1,0,차대사람 - 횡단중,안전운전불이행,포장 - 건조,맑음,단일로 - 기타,승용,남,34세,상해없음,보행자,남,37세,경상
2021080900100562,2021년 8월 9일 21시,월요일,경기도 용인시 기흥구 신갈동,경상사고,0,0,1,0,차대사람 - 기타,안전운전불이행,포장 - 건조,맑음,단일로 - 기타,화물,남,44세,상해없음,보행자,여,69세,경상
2021080900100563,2021년 8월 9일 21시,월요일,경기도 김포시 북변동,중상사고,0,1,0,0,차대사람 - 기타,안전운전불이행,포장 - 건조,기타,단일로 - 기타,승용,남,53세,상해없음,보행자,남,50세,중상
2021080900100588,2021년 8월 9일 22시,월요일,경기도 광명시 하안동,중상사고,0,1,0,0,차대사람 - 횡단중,안전운전불이행,포장 - 건조,맑음,기타 - 기타,승용,남,50세,상해없음,보행자,남,32세,중상
2021080900100602,2021년 8월 9일 22시,월요일,경기도 의정부시 의정부동,중상사고,0,1,0,0,차대사람 - 기타,안전운전불이행,포장 - 건조,맑음,단일로 - 기타,자전거,남,16세,상해없음,보행자,남,60세,중상
2021080900100611,2021년 8월 9일 23시,월요일,경기도 부천시 고강동,중상사고,0,1,0,0,차대사람 - 차도통행중,안전운전불이행,포장 - 건조,맑음,단일로 - 기타,승용,남,28세,상해없음,보행자,여,82세,중상
2021081000100044,2021년 8월 10일 07시,화요일,경기도 평택시 이충동,경상사고,0,0,1,0,차대사람 - 횡단중,보행자보호의무위반,포장 - 건조,맑음,교차로 - 교차로횡단보도내,승합,여,51세,상해없음,보행자,여,39세,경상
2021081000100083,2021년 8월 10일 09시,화요일,경기도 군포시 금정동,경상사고,0,0,1,0,차대사람 - 횡단중,보행자보호의무위반,포장 - 건조,맑음,단일로 - 기타,화물,남,60세,상해없음,보행자,여,60세,경상
2021081000100099,2021년 8월 10일 09시,화요일,경기도 파주시 다율동,경상사고,0,0,1,0,차대사람 - 보도통행중,안전운전불이행,포장 - 건조,맑음,단일로 - 기타,개인형이동수단(PM),여,19세,상해없음,보행자,여,22세,경상
2021081000100141,2021년 8월 10일 11시,화요일,경기도 광주시 오포읍,경상사고,0,0,1,0,차대사람 - 횡단중,보행자보호의무위반,포장 - 건조,맑음,교차로 - 교차로횡단보도내,승용,여,64세,상해없음,보행자,여,24세,경상
2021081000100145,2021년 8월 10일 11시,화요일,경기도 부천시 심곡동,경상사고,0,0,1,0,차대사람 - 기타,안전운전불이행,포장 - 건조,맑음,단일로 - 기타,승용,남,69세,상해없음,보행자,남,71세,경상
2021081000100146,2021년 8월 10일 11시,화요일,경기도 부천시 심곡동,중상사고,0,1,0,0,차대사람 - 보도통행중,보행자보호의무위반,포장 - 건조,맑음,교차로 - 교차로안,승용,여,50세,상해없음,보행자,여,53세,중상
2021081000100150,2021년 8월 10일 11시,화요일,경기도 화성시 향남읍,경상사고,0,0,1,0,차대사람 - 횡단중,안전운전불이행,포장 - 건조,맑음,단일로 - 기타,승합,남,64세,상해없음,보행자,여,84세,경상
2021081000100222,2021년 8월 10일 13시,화요일,경기도 용인시 처인구 포곡읍,경상사고,0,0,1,0,차대사람 - 보도통행중,보행자보호의무위반,포장 - 건조,맑음,단일로 - 기타,이륜,남,24세,상해없음,보행자,남,68세,경상
2021081000100286,2021년 8월 10일 15시,화요일,경기도 이천시 장호원읍,중상사고,0,1,0,0,차대사람 - 횡단중,안전운전불이행,포장 - 건조,맑음,교차로 - 교차로안,화물,남,31세,상해없음,보행자,여,87세,중상
2021081000100291,2021년 8월 10일 15시,화요일,경기도 용인시 수지구 신봉동,경상사고,0,0,1,0,차대사람 - 기타,안전운전불이행,포장 - 건조,맑음,단일로 - 기타,승합,남,65세,상해없음,보행자,여,57세,경상
2021081000100326,2021년 8월 10일 16시,화요일,경기도 성남시 중원구 은행동,중상사고,0,1,0,0,차대사람 - 횡단중,안전운전불이행,포장 - 건조,맑음,교차로 - 교차로안,승용,여,42세,상해없음,보행자,여,66세,중상
2021081000100353,2021년 8월 10일 17시,화요일,경기도 광명시 광명동,경상사고,0,0,1,0,차대사람 - 길가장자리구역통행중,안전운전불이행,포장 - 건조,맑음,단일로 - 기타,승용,여,54세,상해없음,보행자,여,18세,경상
2021081000100376,2021년 8월 10일 17시,화요일,경기도 동두천시 생연동,중상사고,0,1,0,0,차대사람 - 횡단중,보행자보호의무위반,포장 - 건조,맑음,교차로 - 교차로횡단보도내,승용,여,53세,상해없음,보행자,여,64세,중상
2021081000100377,2021년 8월 10일 17시,화요일,경기도 고양시 일산서구 일산동,중상사고,0,1,0,0,차대사람 - 횡단중,보행자보호의무위반,포장 - 건조,맑음,교차로 - 교차로횡단보도내,승용,남,39세,상해없음,보행자,여,9세,중상
2021081000100432,2021년 8월 10일 19시,화요일,경기도 수원시 장안구 송죽동,경상사고,0,0,1,0,차대사람 - 기타,안전운전불이행,포장 - 건조,맑음,단일로 - 기타,승용,여,52세,상해없음,보행자,남,60세,경상
2021081000100476,2021년 8월 10일 20시,화요일,경기도 성남시 중원구 상대원동,중상사고,0,1,0,0,차대사람 - 차도통행중,안전운전불이행,포장 - 건조,맑음,기타 - 기타,승용,남,37세,상해없음,보행자,남,72세,중상
2021081000100496,2021년 8월 10일 20시,화요일,경기도 파주시 와동동,중상사고,0,1,0,0,차대사람 - 횡단중,신호위반,포장 - 건조,맑음,단일로 - 기타,이륜,남,24세,상해없음,보행자,여,23세,중상
2021081100100048,2021년 8월 11일 07시,수요일,경기도 성남시 분당구 이매동,경상사고,0,0,1,0,차대사람 - 횡단중,안전운전불이행,포장 - 건조,맑음,단일로 - 기타,자전거,남,57세,경상,보행자,남,33세,기타불명
2021081100100066,2021년 8월 11일 08시,수요일,경기도 수원시 장안구 정자동,경상사고,0,0,1,0,차대사람 - 기타,안전운전불이행,포장 - 건조,맑음,주차장 - 주차장,승용,남,36세,상해없음,보행자,여,25세,경상
2021081100100070,2021년 8월 11일 08시,수요일,경기도 화성시 영천동,중상사고,0,1,0,0,차대사람 - 횡단중,보행자보호의무위반,포장 - 건조,맑음,단일로 - 기타,승용,여,56세,상해없음,보행자,남,35세,중상
2021081100100093,2021년 8월 11일 08시,수요일,경기도 파주시 야당동,경상사고,0,0,1,0,차대사람 - 기타,안전운전불이행,포장 - 건조,맑음,단일로 - 기타,승용,여,62세,상해없음,보행자,여,29세,경상
2021081100100131,2021년 8월 11일 10시,수요일,경기도 하남시 신장동,중상사고,0,1,0,0,차대사람 - 횡단중,보행자보호의무위반,포장 - 건조,맑음,교차로 - 교차로안,승용,남,73세,상해없음,보행자,남,63세,중상
2021081100100146,2021년 8월 11일 10시,수요일,경기도 고양시 일산동구 장항동,경상사고,0,0,1,0,차대사람 - 기타,교차로운행방법위반,포장 - 건조,맑음,교차로 - 교차로안,화물,남,41세,상해없음,보행자,남,26세,경상
2021081100100160,2021년 8월 11일 11시,수요일,경기도 수원시 권선구 탑동,경상사고,0,0,1,0,차대사람 - 기타,안전운전불이행,포장 - 건조,맑음,기타 - 기타,승합,남,63세,상해없음,보행자,여,16세,경상
2021081100100200,2021년 8월 11일 12시,수요일,경기도 성남시 분당구 수내동,경상사고,0,0,1,0,차대사람 - 기타,안전운전불이행,포장 - 건조,맑음,단일로 - 기타,승용,남,78세,상해없음,보행자,남,10세,경상
2021081100100220,2021년 8월 11일 13시,수요일,경기도 이천시 창전동,경상사고,0,0,1,0,차대사람 - 기타,안전운전불이행,포장 - 건조,맑음,교차로 - 교차로부근,승용,남,47세,상해없음,보행자,여,15세,경상
2021081100100222,2021년 8월 11일 13시,수요일,경기도 수원시 영통구 이의동,경상사고,0,0,2,0,차대사람 - 횡단중,보행자보호의무위반,포장 - 건조,맑음,교차로 - 교차로안,승용,남,59세,상해없음,보행자,여,30세,경상
2021081100100223,2021년 8월 11일 13시,수요일,경기도 시흥시 대야동,경상사고,0,0,1,0,차대사람 - 차도통행중,안전운전불이행,포장 - 건조,맑음,기타 - 기타,승용,여,44세,상해없음,보행자,여,12세,경상
2021081100100240,2021년 8월 11일 13시,수요일,경기도 고양시 덕양구 신원동,중상사고,0,1,1,0,차대사람 - 횡단중,신호위반,포장 - 건조,맑음,교차로 - 교차로횡단보도내,승용,여,49세,상해없음,보행자,여,42세,중상
2021081100100277,2021년 8월 11일 15시,수요일,경기도 수원시 장안구 영화동,경상사고,0,0,1,0,차대사람 - 기타,기타,포장 - 건조,맑음,단일로 - 기타,특수,남,62세,상해없음,보행자,여,76세,경상
2021081100100278,2021년 8월 11일 15시,수요일,경기도 안양시 동안구 호계동,경상사고,0,0,1,0,차대사람 - 기타,신호위반,포장 - 건조,맑음,교차로 - 교차로횡단보도내,이륜,남,19세,상해없음,보행자,남,23세,경상
2021081100100350,2021년 8월 11일 17시,수요일,경기도 부천시 상동,경상사고,0,0,1,0,차대사람 - 기타,안전운전불이행,포장 - 건조,맑음,교차로 - 교차로부근,승합,여,56세,상해없음,보행자,여,28세,경상
2021081100100353,2021년 8월 11일 17시,수요일,경기도 화성시 능동,경상사고,0,0,1,0,차대사람 - 횡단중,신호위반,포장 - 건조,맑음,교차로 - 교차로부근,승용,남,75세,상해없음,보행자,여,76세,경상
2021081100100387,2021년 8월 11일 18시,수요일,경기도 안양시 동안구 호계동,경상사고,0,0,1,0,차대사람 - 길가장자리구역통행중,교차로운행방법위반,포장 - 건조,맑음,교차로 - 교차로안,승용,여,48세,상해없음,보행자,여,6세,경상
2021081100100445,2021년 8월 11일 19시,수요일,경기도 파주시 목동동,경상사고,0,0,1,0,차대사람 - 기타,보행자보호의무위반,포장 - 건조,맑음,기타 - 기타,기타불명,기타불명,미분류,기타불명,보행자,여,37세,경상
2021081100100446,2021년 8월 11일 19시,수요일,경기도 구리시 수택동,경상사고,0,0,1,0,차대사람 - 기타,안전운전불이행,포장 - 건조,맑음,단일로 - 기타,승용,남,57세,상해없음,보행자,남,65세,경상
2021081100100456,2021년 8월 11일 20시,수요일,경기도 부천시 중동,경상사고,0,0,1,0,차대사람 - 횡단중,안전운전불이행,포장 - 건조,맑음,단일로 - 기타,승용,남,71세,상해없음,보행자,남,58세,경상
2021081100100460,2021년 8월 11일 20시,수요일,경기도 화성시 남양읍,경상사고,0,0,1,0,차대사람 - 횡단중,보행자보호의무위반,포장 - 건조,맑음,교차로 - 교차로안,승용,남,52세,상해없음,보행자,여,62세,경상
2021081100100461,2021년 8월 11일 20시,수요일,경기도 화성시 남양읍,중상사고,0,1,0,0,차대사람 - 횡단중,안전운전불이행,포장 - 건조,맑음,단일로 - 기타,승용,여,48세,상해없음,보행자,여,12세,중상
2021081100100485,2021년 8월 11일 20시,수요일,경기도 파주시 파주읍,중상사고,0,1,0,0,차대사람 - 횡단중,안전운전불이행,포장 - 건조,맑음,교차로 - 교차로부근,승용,남,49세,상해없음,보행자,남,78세,중상
2021081100100495,2021년 8월 11일 21시,수요일,경기도 광주시 퇴촌면,경상사고,0,0,1,0,차대사람 - 차도통행중,안전운전불이행,포장 - 건조,맑음,단일로 - 기타,승용,여,36세,상해없음,보행자,여,14세,경상
2021081100100496,2021년 8월 11일 21시,수요일,경기도 오산시 은계동,경상사고,0,0,1,0,차대사람 - 기타,안전운전불이행,포장 - 건조,맑음,주차장 - 주차장,화물,남,61세,상해없음,보행자,여,75세,경상
2021081100100525,2021년 8월 11일 22시,수요일,경기도 수원시 권선구 호매실동,중상사고,0,1,0,0,차대사람 - 횡단중,신호위반,포장 - 건조,맑음,교차로 - 교차로횡단보도내,승합,남,71세,상해없음,보행자,여,3세,중상
2021081200100032,2021년 8월 12일 06시,목요일,경기도 광주시 퇴촌면,경상사고,0,0,1,0,차대사람 - 기타,안전운전불이행,포장 - 건조,맑음,교차로 - 교차로부근,화물,남,68세,상해없음,보행자,남,50세,경상
2021081200100172,2021년 8월 12일 11시,목요일,경기도 광주시 경안동,경상사고,0,0,1,0,차대사람 - 횡단중,안전운전불이행,포장 - 건조,맑음,기타 - 기타,승용,남,51세,상해없음,보행자,남,57세,경상
2021081200100215,2021년 8월 12일 12시,목요일,경기도 용인시 수지구 풍덕천동,중상사고,0,1,0,0,차대사람 - 길가장자리구역통행중,안전운전불이행,포장 - 건조,맑음,기타 - 기타,승용,남,73세,상해없음,보행자,남,56세,중상
2021081200100271,2021년 8월 12일 14시,목요일,경기도 김포시 통진읍,중상사고,0,1,0,0,차대사람 - 횡단중,보행자보호의무위반,포장 - 건조,맑음,교차로 - 교차로횡단보도내,화물,남,32세,상해없음,보행자,여,43세,중상
2021081200100272,2021년 8월 12일 14시,목요일,경기도 광명시 철산동,경상사고,0,0,1,0,차대사람 - 횡단중,보행자보호의무위반,포장 - 건조,맑음,단일로 - 기타,화물,남,53세,상해없음,보행자,여,7세,경상
2021081200100301,2021년 8월 12일 15시,목요일,경기도 수원시 장안구 조원동,경상사고,0,0,1,0,차대사람 - 기타,안전운전불이행,포장 - 건조,맑음,단일로 - 기타,승용,여,30세,기타불명,보행자,남,50세,경상
2021081200100379,2021년 8월 12일 17시,목요일,경기도 부천시 소사본동,경상사고,0,0,1,0,차대사람 - 횡단중,안전운전불이행,포장 - 건조,맑음,단일로 - 기타,승용,여,49세,상해없음,보행자,여,6세,경상
2021081200100381,2021년 8월 12일 17시,목요일,경기도 수원시 영통구 영통동,경상사고,0,0,1,0,차대사람 - 횡단중,보행자보호의무위반,포장 - 건조,맑음,교차로 - 교차로횡단보도내,화물,남,60세,상해없음,보행자,남,24세,경상
2021081200100398,2021년 8월 12일 17시,목요일,경기도 남양주시 다산동,경상사고,0,0,1,0,차대사람 - 횡단중,보행자보호의무위반,포장 - 젖음/습기,비,교차로 - 교차로횡단보도내,승용,남,25세,상해없음,보행자,여,46세,경상
2021081200100416,2021년 8월 12일 18시,목요일,경기도 부천시 소사본동,중상사고,0,1,0,0,차대사람 - 기타,교차로운행방법위반,포장 - 기타,맑음,교차로 - 교차로부근,승합,남,45세,상해없음,보행자,여,64세,중상
2021081200100421,2021년 8월 12일 18시,목요일,경기도 화성시 반송동,중상사고,0,1,0,0,차대사람 - 기타,안전운전불이행,포장 - 건조,맑음,교차로 - 교차로안,승용,남,58세,기타불명,보행자,여,67세,중상
2021081200100455,2021년 8월 12일 19시,목요일,경기도 부천시 심곡동,경상사고,0,0,1,0,차대사람 - 기타,신호위반,포장 - 건조,맑음,단일로 - 기타,원동기,남,54세,상해없음,보행자,여,38세,경상
2021081200100513,2021년 8월 12일 21시,목요일,경기도 광명시 철산동,경상사고,0,0,1,0,차대사람 - 기타,안전운전불이행,포장 - 건조,맑음,단일로 - 기타,개인형이동수단(PM),남,28세,상해없음,보행자,남,10세,경상
2021081200100515,2021년 8월 12일 21시,목요일,경기도 수원시 영통구 망포동,경상사고,0,0,1,0,차대사람 - 기타,안전운전불이행,포장 - 건조,맑음,단일로 - 기타,승용,남,40세,상해없음,보행자,여,75세,경상
2021081200100541,2021년 8월 12일 22시,목요일,경기도 성남시 중원구 성남동,경상사고,0,0,1,0,차대사람 - 횡단중,안전운전불이행,포장 - 건조,맑음,단일로 - 기타,승용,남,22세,상해없음,보행자,남,31세,경상
2021081200100542,2021년 8월 12일 22시,목요일,경기도 성남시 분당구 판교동,중상사고,0,1,0,0,차대사람 - 기타,안전운전불이행,포장 - 건조,기타,단일로 - 기타,자전거,남,15세,상해없음,보행자,남,64세,중상
2021081200100567,2021년 8월 12일 23시,목요일,경기도 고양시 일산서구 일산동,중상사고,0,1,0,0,차대사람 - 횡단중,안전운전불이행,포장 - 건조,맑음,단일로 - 기타,화물,남,53세,기타불명,보행자,여,61세,중상
2021081300100025,2021년 8월 13일 05시,금요일,경기도 광명시 광명동,중상사고,0,1,0,0,차대사람 - 횡단중,과속,포장 - 건조,맑음,교차로 - 교차로안,승용,남,70세,상해없음,보행자,여,74세,중상
2021081300100036,2021년 8월 13일 07시,금요일,경기도 성남시 중원구 하대원동,경상사고,0,0,1,0,차대사람 - 횡단중,안전운전불이행,포장 - 건조,맑음,단일로 - 기타,화물,남,37세,상해없음,보행자,여,65세,경상
2021081300100037,2021년 8월 13일 07시,금요일,경기도 용인시 기흥구 보정동,중상사고,0,1,0,0,차대사람 - 기타,신호위반,포장 - 건조,맑음,교차로 - 교차로횡단보도내,화물,남,61세,상해없음,보행자,여,43세,중상
2021081300100058,2021년 8월 13일 08시,금요일,경기도 수원시 영통구 영통동,중상사고,0,2,0,0,차대사람 - 보도통행중,기타,포장 - 건조,맑음,기타 - 기타,자전거,남,23세,중상,보행자,여,29세,중상
2021081300100107,2021년 8월 13일 09시,금요일,경기도 고양시 일산동구 백석동,경상사고,0,0,3,0,차대사람 - 횡단중,보행자보호의무위반,포장 - 건조,맑음,교차로 - 교차로횡단보도내,승용,남,58세,상해없음,보행자,여,36세,경상
2021081300100133,2021년 8월 13일 10시,금요일,경기도 남양주시 화도읍,경상사고,0,0,1,0,차대사람 - 횡단중,보행자보호의무위반,포장 - 건조,맑음,교차로 - 교차로안,승용,남,46세,상해없음,보행자,남,46세,경상
2021081300100143,2021년 8월 13일 11시,금요일,경기도 안산시 상록구 이동,경상사고,0,0,1,0,차대사람 - 기타,안전운전불이행,포장 - 건조,맑음,주차장 - 주차장,승용,여,56세,상해없음,보행자,남,36세,경상
2021081300100167,2021년 8월 13일 11시,금요일,경기도 의정부시 용현동,경상사고,0,0,1,0,차대사람 - 길가장자리구역통행중,안전운전불이행,포장 - 건조,맑음,단일로 - 기타,승용,남,33세,상해없음,보행자,여,77세,경상
2021081300100219,2021년 8월 13일 13시,금요일,경기도 안성시 서인동,중상사고,0,1,0,0,차대사람 - 기타,안전운전불이행,포장 - 건조,맑음,단일로 - 기타,화물,남,62세,상해없음,보행자,여,71세,중상
2021081300100221,2021년 8월 13일 13시,금요일,경기도 광주시 삼동,경상사고,0,0,1,0,차대사람 - 횡단중,안전운전불이행,포장 - 건조,맑음,단일로 - 기타,승용,남,53세,상해없음,보행자,여,63세,경상
2021081300100242,2021년 8월 13일 13시,금요일,경기도 파주시 탄현면,경상사고,0,0,1,0,차대사람 - 차도통행중,보행자보호의무위반,포장 - 건조,맑음,단일로 - 기타,승용,남,76세,상해없음,보행자,여,24세,경상
2021081300100253,2021년 8월 13일 14시,금요일,경기도 하남시 초이동,경상사고,0,0,1,0,차대사람 - 기타,안전운전불이행,포장 - 건조,맑음,단일로 - 기타,승용,남,49세,상해없음,보행자,남,46세,경상
2021081300100329,2021년 8월 13일 16시,금요일,경기도 평택시 비전동,경상사고,0,0,1,0,차대사람 - 횡단중,안전운전불이행,포장 - 건조,맑음,단일로 - 기타,승용,여,47세,상해없음,보행자,남,8세,경상
2021081300100354,2021년 8월 13일 16시,금요일,경기도 남양주시 호평동,경상사고,0,0,1,0,차대사람 - 횡단중,안전운전불이행,포장 - 건조,맑음,단일로 - 기타,기타불명,기타불명,미분류,기타불명,보행자,남,10세,경상
2021081300100381,2021년 8월 13일 17시,금요일,경기도 안산시 상록구 사동,경상사고,0,0,1,0,차대사람 - 횡단중,신호위반,포장 - 건조,맑음,교차로 - 교차로횡단보도내,화물,남,41세,상해없음,보행자,여,25세,경상
2021081300100461,2021년 8월 13일 18시,금요일,경기도 구리시 교문동,경상사고,0,0,1,0,차대사람 - 길가장자리구역통행중,안전운전불이행,포장 - 건조,맑음,단일로 - 기타,승용,여,56세,상해없음,보행자,여,45세,경상
2021081300100479,2021년 8월 13일 19시,금요일,경기도 부천시 심곡본동,경상사고,0,0,1,0,차대사람 - 기타,보행자보호의무위반,포장 - 기타,맑음,교차로 - 교차로횡단보도내,화물,남,55세,상해없음,보행자,남,40세,경상
2021081300100493,2021년 8월 13일 19시,금요일,경기도 연천군 전곡읍,경상사고,0,0,1,0,차대사람 - 차도통행중,안전운전불이행,포장 - 건조,맑음,단일로 - 지하차도(도로)내,승용,남,73세,기타불명,보행자,남,19세,경상
2021081300100500,2021년 8월 13일 20시,금요일,경기도 시흥시 대야동,경상사고,0,0,1,0,차대사람 - 보도통행중,보행자보호의무위반,포장 - 건조,맑음,단일로 - 기타,승용,남,64세,상해없음,보행자,여,60세,경상
2021081300100523,2021년 8월 13일 21시,금요일,경기도 평택시 장당동,중상사고,0,1,0,0,차대사람 - 기타,보행자보호의무위반,포장 - 건조,맑음,교차로 - 교차로횡단보도내,승용,남,50세,상해없음,보행자,남,60세,중상
2021081400100020,2021년 8월 14일 02시,토요일,경기도 부천시 옥길동,사망사고,1,0,0,0,차대사람 - 기타,안전운전불이행,포장 - 건조,맑음,기타 - 기타,승용,남,57세,상해없음,보행자,여,23세,사망
2021081400100044,2021년 8월 14일 06시,토요일,경기도 안성시 금광면,중상사고,0,1,0,0,차대사람 - 기타,안전운전불이행,포장 - 건조,맑음,단일로 - 기타,승용,남,42세,상해없음,보행자,남,37세,중상
2021081400100052,2021년 8월 14일 07시,토요일,경기도 평택시 안중읍,중상사고,0,1,0,0,차대사람 - 횡단중,안전운전불이행,포장 - 건조,맑음,단일로 - 기타,승용,여,63세,상해없음,보행자,여,64세,중상
2021081400100090,2021년 8월 14일 09시,토요일,경기도 평택시 안중읍,경상사고,0,0,1,0,차대사람 - 보도통행중,안전운전불이행,포장 - 건조,맑음,단일로 - 기타,승용,여,33세,상해없음,보행자,여,56세,경상
2021081400100092,2021년 8월 14일 09시,토요일,경기도 부천시 심곡본동,중상사고,0,1,0,0,차대사람 - 횡단중,안전운전불이행,포장 - 건조,맑음,교차로 - 교차로안,승용,남,74세,상해없음,보행자,여,81세,중상
2021081400100109,2021년 8월 14일 10시,토요일,경기도 화성시 마도면,중상사고,0,1,0,0,차대사람 - 기타,안전운전불이행,포장 - 건조,맑음,기타 - 기타,화물,남,65세,상해없음,보행자,여,63세,중상
2021081400100128,2021년 8월 14일 11시,토요일,경기도 용인시 기흥구 동백동,중상사고,0,1,0,0,차대사람 - 횡단중,안전운전불이행,포장 - 건조,맑음,교차로 - 교차로안,승용,여,57세,상해없음,보행자,남,48세,중상
2021081400100132,2021년 8월 14일 11시,토요일,경기도 시흥시 장현동,중상사고,0,1,0,0,차대사람 - 횡단중,보행자보호의무위반,포장 - 건조,맑음,교차로 - 교차로안,승용,여,53세,상해없음,보행자,남,16세,중상
2021081400100189,2021년 8월 14일 13시,토요일,경기도 광주시 목현동,중상사고,0,1,1,0,차대사람 - 기타,안전운전불이행,포장 - 건조,맑음,단일로 - 기타,승용,여,34세,경상,보행자,남,61세,중상
2021081400100192,2021년 8월 14일 13시,토요일,경기도 시흥시 신천동,경상사고,0,0,1,0,차대사람 - 길가장자리구역통행중,안전운전불이행,포장 - 건조,맑음,교차로 - 교차로부근,승용,남,53세,상해없음,보행자,남,85세,경상
2021081400100228,2021년 8월 14일 14시,토요일,경기도 이천시 중리동,경상사고,0,0,1,0,차대사람 - 기타,안전운전불이행,포장 - 건조,맑음,단일로 - 기타,승용,여,26세,상해없음,보행자,남,17세,경상
2021081400100346,2021년 8월 14일 17시,토요일,경기도 의정부시 가능동,경상사고,0,0,2,0,차대사람 - 횡단중,신호위반,포장 - 건조,맑음,교차로 - 교차로횡단보도내,이륜,남,28세,상해없음,보행자,여,80세,경상
2021081400100358,2021년 8월 14일 18시,토요일,경기도 양평군 양평읍,경상사고,0,0,1,0,차대사람 - 횡단중,보행자보호의무위반,포장 - 건조,맑음,단일로 - 기타,승용,여,69세,상해없음,보행자,남,42세,경상
2021081400100363,2021년 8월 14일 18시,토요일,경기도 부천시 상동,경상사고,0,0,1,0,차대사람 - 기타,안전운전불이행,포장 - 건조,맑음,기타 - 기타,기타불명,기타불명,미분류,기타불명,보행자,여,33세,경상
2021081400100364,2021년 8월 14일 18시,토요일,경기도 안산시 단원구 대부북동,중상사고,0,1,0,0,차대사람 - 횡단중,안전운전불이행,포장 - 건조,맑음,단일로 - 기타,승용,남,44세,상해없음,보행자,여,81세,중상
2021081400100368,2021년 8월 14일 18시,토요일,경기도 화성시 남양읍,중상사고,0,1,0,0,차대사람 - 횡단중,안전운전불이행,포장 - 건조,맑음,단일로 - 기타,이륜,남,19세,상해없음,보행자,남,17세,중상
2021081400100397,2021년 8월 14일 19시,토요일,경기도 평택시 통복동,경상사고,0,0,1,0,차대사람 - 횡단중,보행자보호의무위반,포장 - 건조,맑음,교차로 - 교차로횡단보도내,승용,남,20세,상해없음,보행자,여,68세,경상
2021081400100398,2021년 8월 14일 19시,토요일,경기도 평택시 팽성읍,경상사고,0,0,2,0,차대사람 - 차도통행중,안전운전불이행,포장 - 건조,맑음,주차장 - 주차장,화물,남,64세,상해없음,보행자,여,27세,경상
2021081400100436,2021년 8월 14일 20시,토요일,경기도 시흥시 은행동,경상사고,0,0,1,0,차대사람 - 횡단중,보행자보호의무위반,포장 - 젖음/습기,흐림,기타 - 기타,승용,남,49세,상해없음,보행자,남,64세,경상
2021081400100461,2021년 8월 14일 21시,토요일,경기도 시흥시 정왕동,중상사고,0,2,0,0,차대사람 - 차도통행중,안전운전불이행,포장 - 건조,맑음,교차로 - 교차로안,승용,남,30세,상해없음,보행자,남,26세,중상
2021081400100476,2021년 8월 14일 21시,토요일,경기도 남양주시 화도읍,경상사고,0,0,1,0,차대사람 - 길가장자리구역통행중,안전운전불이행,포장 - 건조,맑음,단일로 - 기타,개인형이동수단(PM),남,28세,상해없음,보행자,남,47세,경상