사고번호,사고일시,요일,시군구,사고내용,사망자수,중상자수,경상자수,부상신고자수,사고유형,법규위반,노면상태,기상상태,도로형태,가해운전자 차종,가해운전자 성별,가해운전자 연령,가해운전자 상해정도,피해운전자 차종,피해운전자 성별,피해운전자 연령,피해운전자 상해정도
2021090200100133,2021년 9월 2일 10시,목요일,경기도 수원시 권선구 금곡동,중상사고,0,1,0,0,차대사람 - 차도통행중,안전운전불이행,포장 - 건조,맑음,단일로 - 기타,승용,여,49세,상해없음,보행자,여,72세,중상
2021090200100187,2021년 9월 2일 12시,목요일,경기도 김포시 운양동,경상사고,0,0,1,0,차대사람 - 기타,신호위반,포장 - 기타,맑음,교차로 - 교차로횡단보도내,승합,남,68세,상해없음,보행자,여,26세,경상
2021090200100188,2021년 9월 2일 12시,목요일,경기도 부천시 중동,경상사고,0,0,1,0,차대사람 - 기타,보행자보호의무위반,포장 - 건조,맑음,교차로 - 교차로횡단보도내,승용,여,45세,상해없음,보행자,여,76세,경상
2021090200100189,2021년 9월 2일 12시,목요일,경기도 수원시 영통구 영통동,경상사고,0,0,1,0,차대사람 - 횡단중,안전운전불이행,포장 - 건조,맑음,단일로 - 기타,화물,남,42세,상해없음,보행자,여,74세,경상
2021090200100213,2021년 9월 2일 13시,목요일,경기도 성남시 중원구 상대원동,경상사고,0,0,1,0,차대사람 - 기타,안전운전불이행,포장 - 건조,맑음,단일로 - 기타,승합,남,60세,상해없음,보행자,남,21세,경상
2021090200100229,2021년 9월 2일 13시,목요일,경기도 파주시 문발동,중상사고,0,1,0,0,차대사람 - 기타,보행자보호의무위반,포장 - 건조,맑음,교차로 - 교차로안,화물,남,60세,상해없음,보행자,여,81세,중상
2021090200100239,2021년 9월 2일 14시,목요일,경기도 용인시 처인구 마평동,경상사고,0,0,1,0,차대사람 - 기타,안전운전불이행,포장 - 건조,맑음,교차로 - 교차로안,승용,남,52세,상해없음,보행자,남,55세,경상
2021090200100241,2021년 9월 2일 14시,목요일,경기도 부천시 심곡동,경상사고,0,0,1,0,차대사람 - 기타,안전운전불이행,포장 - 건조,맑음,단일로 - 기타,승용,남,76세,상해없음,보행자,여,73세,경상
2021090200100269,2021년 9월 2일 15시,목요일,경기도 시흥시 군자동,중상사고,0,1,0,0,차대사람 - 횡단중,안전운전불이행,포장 - 건조,맑음,단일로 - 기타,건설기계,남,62세,상해없음,보행자,남,14세,중상
2021090200100297,2021년 9월 2일 15시,목요일,경기도 의정부시 가능동,중상사고,0,1,0,0,차대사람 - 기타,안전운전불이행,포장 - 건조,맑음,교차로 - 교차로횡단보도내,이륜,남,59세,상해없음,보행자,여,79세,중상
2021090200100298,2021년 9월 2일 15시,목요일,경기도 고양시 덕양구 행신동,중상사고,0,1,0,0,차대사람 - 기타,보행자보호의무위반,포장 - 건조,맑음,교차로 - 교차로안,승용,여,60세,상해없음,보행자,여,55세,중상
2021090200100349,2021년 9월 2일 17시,목요일,경기도 광주시 초월읍,중상사고,0,1,0,0,차대사람 - 기타,안전운전불이행,포장 - 건조,맑음,기타 - 기타,승용,남,48세,상해없음,보행자,남,7세,중상
2021090200100352,2021년 9월 2일 17시,목요일,경기도 용인시 처인구 역북동,경상사고,0,0,1,0,차대사람 - 횡단중,보행자보호의무위반,포장 - 건조,맑음,교차로 - 교차로안,이륜,남,30세,상해없음,보행자,남,8세,경상
2021090200100384,2021년 9월 2일 17시,목요일,경기도 고양시 일산서구 일산동,부상신고사고,0,0,0,1,차대사람 - 기타,안전운전불이행,포장 - 건조,맑음,단일로 - 기타,화물,남,58세,상해없음,보행자,남,79세,부상신고
2021090200100399,2021년 9월 2일 18시,목요일,경기도 광주시 오포읍,중상사고,0,1,0,0,차대사람 - 횡단중,중앙선침범,포장 - 건조,맑음,기타 - 기타,승용,여,48세,상해없음,보행자,여,72세,중상
2021090200100400,2021년 9월 2일 18시,목요일,경기도 용인시 기흥구 동백동,경상사고,0,0,1,0,차대사람 - 횡단중,보행자보호의무위반,포장 - 건조,맑음,교차로 - 교차로횡단보도내,승용,여,50세,상해없음,보행자,남,13세,경상
2021090200100479,2021년 9월 2일 20시,목요일,경기도 수원시 팔달구 북수동,경상사고,0,0,1,0,차대사람 - 기타,안전운전불이행,포장 - 건조,맑음,교차로 - 교차로부근,자전거,남,67세,상해없음,보행자,남,75세,경상
2021090200100483,2021년 9월 2일 20시,목요일,경기도 안산시 단원구 와동,경상사고,0,0,1,0,차대사람 - 횡단중,안전운전불이행,포장 - 기타,기타,단일로 - 기타,승용,남,23세,상해없음,보행자,남,62세,경상
2021090200100502,2021년 9월 2일 20시,목요일,경기도 고양시 덕양구 고양동,중상사고,0,1,0,0,차대사람 - 보도통행중,보행자보호의무위반,포장 - 기타,맑음,교차로 - 교차로횡단보도내,승용,남,65세,상해없음,보행자,남,46세,중상
2021090200100515,2021년 9월 2일 21시,목요일,경기도 시흥시 거모동,경상사고,0,0,1,0,차대사람 - 횡단중,보행자보호의무위반,포장 - 건조,맑음,기타 - 기타,승용,남,42세,상해없음,보행자,남,16세,경상
2021090300100027,2021년 9월 3일 05시,금요일,경기도 평택시 장당동,경상사고,0,0,1,0,차대사람 - 횡단중,보행자보호의무위반,포장 - 건조,맑음,교차로 - 교차로횡단보도내,승용,남,40세,상해없음,보행자,남,71세,경상
2021090300100074,2021년 9월 3일 08시,금요일,경기도 광명시 철산동,부상신고사고,0,0,0,1,차대사람 - 기타,안전운전불이행,포장 - 건조,맑음,단일로 - 기타,승합,남,60세,기타불명,보행자,여,57세,부상신고
2021090300100103,2021년 9월 3일 08시,금요일,경기도 남양주시 진건읍,중상사고,0,1,0,0,차대사람 - 기타,신호위반,포장 - 건조,맑음,교차로 - 교차로안,화물,남,52세,상해없음,보행자,여,71세,중상
2021090300100112,2021년 9월 3일 09시,금요일,경기도 수원시 팔달구 화서동,중상사고,0,1,0,0,차대사람 - 기타,안전운전불이행,포장 - 건조,맑음,단일로 - 기타,승용,남,79세,상해없음,보행자,남,88세,중상
2021090300100113,2021년 9월 3일 09시,금요일,경기도 이천시 부발읍,부상신고사고,0,0,0,1,차대사람 - 기타,안전운전불이행,포장 - 건조,맑음,단일로 - 기타,승용,남,61세,상해없음,보행자,남,43세,부상신고
2021090300100130,2021년 9월 3일 09시,금요일,경기도 양주시 백석읍,경상사고,0,0,1,0,차대사람 - 횡단중,보행자보호의무위반,포장 - 건조,맑음,교차로 - 교차로횡단보도내,승용,여,19세,상해없음,보행자,여,7세,경상
2021090300100148,2021년 9월 3일 10시,금요일,경기도 의정부시 의정부동,부상신고사고,0,0,0,1,차대사람 - 횡단중,안전운전불이행,포장 - 건조,맑음,교차로 - 교차로부근,승용,여,68세,상해없음,보행자,남,63세,부상신고
2021090300100149,2021년 9월 3일 10시,금요일,경기도 의정부시 가능동,경상사고,0,0,1,0,차대사람 - 기타,안전운전불이행,포장 - 건조,맑음,교차로 - 교차로부근,승용,여,68세,상해없음,보행자,남,33세,경상
2021090300100159,2021년 9월 3일 11시,금요일,경기도 광명시 하안동,경상사고,0,0,2,0,차대사람 - 기타,안전운전불이행,포장 - 건조,맑음,교차로 - 교차로안,승용,남,34세,상해없음,보행자,여,49세,경상
2021090300100209,2021년 9월 3일 13시,금요일,경기도 성남시 중원구 성남동,중상사고,0,1,0,0,차대사람 - 기타,보행자보호의무위반,포장 - 건조,맑음,교차로 - 교차로횡단보도내,자전거,남,48세,상해없음,보행자,여,64세,중상
2021090300100212,2021년 9월 3일 13시,금요일,경기도 화성시 비봉면,사망사고,1,0,0,0,차대사람 - 기타,안전운전불이행,포장 - 건조,맑음,단일로 - 기타,특수,남,51세,상해없음,보행자,남,36세,사망
2021090300100232,2021년 9월 3일 13시,금요일,경기도 포천시 선단동,중상사고,0,1,0,0,차대사람 - 기타,안전운전불이행,포장 - 건조,맑음,기타 - 기타,승용,여,59세,상해없음,보행자,여,40세,중상
2021090300100243,2021년 9월 3일 14시,금요일,경기도 부천시 도당동,중상사고,0,1,0,0,차대사람 - 기타,안전운전불이행,포장 - 건조,맑음,기타 - 기타,승합,남,60세,상해없음,보행자,여,75세,중상
2021090300100274,2021년 9월 3일 15시,금요일,경기도 김포시 북변동,중상사고,0,1,0,0,차대사람 - 횡단중,보행자보호의무위반,포장 - 건조,맑음,기타 - 기타,승용,남,49세,상해없음,보행자,여,80세,중상
2021090300100354,2021년 9월 3일 17시,금요일,경기도 김포시 사우동,경상사고,0,0,1,0,차대사람 - 보도통행중,보행자보호의무위반,포장 - 건조,맑음,교차로 - 교차로안,승용,남,49세,상해없음,보행자,남,57세,경상
2021090300100394,2021년 9월 3일 17시,금요일,경기도 파주시 금촌동,부상신고사고,0,0,0,1,차대사람 - 기타,안전운전불이행,포장 - 건조,맑음,단일로 - 기타,승용,여,58세,상해없음,보행자,남,48세,부상신고
2021090300100465,2021년 9월 3일 19시,금요일,경기도 용인시 처인구 포곡읍,경상사고,0,0,1,0,차대사람 - 횡단중,보행자보호의무위반,포장 - 건조,맑음,교차로 - 교차로횡단보도내,화물,남,50세,상해없음,보행자,여,73세,경상
2021090300100498,2021년 9월 3일 19시,금요일,경기도 포천시 이동면,중상사고,0,1,0,0,차대사람 - 횡단중,안전운전불이행,포장 - 건조,맑음,단일로 - 기타,승용,여,55세,상해없음,보행자,남,62세,중상
2021090300100507,2021년 9월 3일 20시,금요일,경기도 용인시 처인구 남사읍,경상사고,0,0,1,0,차대사람 - 기타,안전운전불이행,포장 - 건조,맑음,교차로 - 교차로부근,승용,남,44세,상해없음,보행자,남,54세,경상
2021090300100549,2021년 9월 3일 21시,금요일,경기도 부천시 중동,경상사고,0,0,1,0,차대사람 - 횡단중,신호위반,포장 - 건조,흐림,기타 - 기타,기타불명,기타불명,미분류,기타불명,보행자,남,24세,경상
2021090300100551,2021년 9월 3일 21시,금요일,경기도 성남시 중원구 상대원동,중상사고,0,1,0,0,차대사람 - 횡단중,보행자보호의무위반,포장 - 건조,맑음,단일로 - 기타,승용,남,55세,상해없음,보행자,남,49세,중상
2021090400100061,2021년 9월 4일 08시,토요일,경기도 안양시 동안구 관양동,중상사고,0,1,0,0,차대사람 - 차도통행중,안전운전불이행,포장 - 건조,맑음,단일로 - 기타,자전거,여,21세,상해없음,보행자,여,56세,중상
2021090400100142,2021년 9월 4일 11시,토요일,경기도 용인시 기흥구 구갈동,경상사고,0,0,2,0,차대사람 - 횡단중,신호위반,포장 - 건조,맑음,교차로 - 교차로안,승용,남,36세,상해없음,보행자,여,19세,경상
2021090400100148,2021년 9월 4일 11시,토요일,경기도 용인시 기흥구 마북동,중상사고,0,1,0,0,차대사람 - 기타,안전운전불이행,포장 - 건조,맑음,교차로 - 교차로부근,승합,남,48세,상해없음,보행자,여,62세,중상
2021090400100185,2021년 9월 4일 12시,토요일,경기도 안산시 단원구 고잔동,중상사고,0,1,0,0,차대사람 - 기타,안전운전불이행,포장 - 기타,맑음,기타 - 기타,개인형이동수단(PM),여,15세,상해없음,보행자,여,25세,중상
2021090400100239,2021년 9월 4일 13시,토요일,경기도 의정부시 의정부동,경상사고,0,0,1,0,차대사람 - 횡단중,안전운전불이행,포장 - 건조,맑음,교차로 - 교차로횡단보도내,이륜,남,37세,상해없음,보행자,여,54세,경상
2021090400100240,2021년 9월 4일 13시,토요일,경기도 고양시 덕양구 토당동,경상사고,0,0,1,0,차대사람 - 횡단중,안전운전불이행,포장 - 건조,맑음,기타 - 기타,화물,남,52세,상해없음,보행자,남,37세,경상
2021090400100242,2021년 9월 4일 13시,토요일,경기도 포천시 소흘읍,중상사고,0,1,0,0,차대사람 - 기타,안전운전불이행,포장 - 건조,맑음,단일로 - 기타,승용,남,56세,상해없음,보행자,남,47세,중상
2021090400100247,2021년 9월 4일 14시,토요일,경기도 용인시 처인구 포곡읍,경상사고,0,0,1,0,차대사람 - 횡단중,보행자보호의무위반,포장 - 건조,맑음,교차로 - 교차로횡단보도내,이륜,남,17세,상해없음,보행자,남,24세,경상
2021090400100276,2021년 9월 4일 14시,토요일,경기도 남양주시 별내면,경상사고,0,0,1,0,차대사람 - 횡단중,안전운전불이행,포장 - 건조,맑음,교차로 - 교차로부근,승용,남,28세,상해없음,보행자,남,12세,경상
2021090400100290,2021년 9월 4일 15시,토요일,경기도 안양시 만안구 박달동,중상사고,0,1,0,0,차대사람 - 보도통행중,안전운전불이행,포장 - 건조,맑음,교차로 - 교차로안,승용,여,60세,상해없음,보행자,남,86세,중상
2021090400100379,2021년 9월 4일 18시,토요일,경기도 성남시 분당구 이매동,경상사고,0,0,2,0,차대사람 - 기타,안전운전불이행,포장 - 건조,맑음,기타 - 기타,자전거,남,50세,경상,보행자,여,27세,경상
2021090400100439,2021년 9월 4일 20시,토요일,경기도 광명시 광명동,중상사고,0,1,0,0,차대사람 - 횡단중,기타,포장 - 건조,맑음,단일로 - 기타,승용,남,51세,상해없음,보행자,남,6세,중상
2021090400100441,2021년 9월 4일 20시,토요일,경기도 성남시 분당구 야탑동,경상사고,0,0,1,0,차대사람 - 횡단중,신호위반,포장 - 건조,맑음,기타 - 기타,이륜,남,22세,상해없음,보행자,여,57세,경상
2021090400100460,2021년 9월 4일 21시,토요일,경기도 평택시 이충동,중상사고,0,1,0,0,차대사람 - 횡단중,보행자보호의무위반,포장 - 건조,맑음,교차로 - 교차로횡단보도내,승용,남,60세,상해없음,보행자,남,31세,중상
2021090400100491,2021년 9월 4일 22시,토요일,경기도 안양시 만안구 안양동,중상사고,0,1,0,0,차대사람 - 기타,안전운전불이행,포장 - 건조,맑음,교차로 - 교차로횡단보도내,승용,남,54세,상해없음,보행자,남,66세,중상
2021090400100492,2021년 9월 4일 22시,토요일,경기도 부천시 원종동,중상사고,0,1,0,0,차대사람 - 차도통행중,안전운전불이행,포장 - 건조,맑음,단일로 - 기타,이륜,남,33세,상해없음,보행자,남,57세,중상
2021090500100120,2021년 9월 5일 12시,일요일,경기도 동두천시 생연동,중상사고,0,1,0,0,차대사람 - 보도통행중,신호위반,포장 - 건조,맑음,교차로 - 교차로횡단보도내,승용,남,41세,상해없음,보행자,여,72세,중상
2021090500100158,2021년 9월 5일 14시,일요일,경기도 부천시 상동,경상사고,0,0,1,0,차대사람 - 횡단중,안전운전불이행,포장 - 건조,맑음,단일로 - 기타,승용,남,24세,상해없음,보행자,남,58세,경상
2021090500100218,2021년 9월 5일 15시,일요일,경기도 고양시 일산동구 백석동,경상사고,0,0,1,0,차대사람 - 횡단중,보행자보호의무위반,포장 - 건조,맑음,단일로 - 기타,승용,남,48세,상해없음,보행자,남,26세,경상
2021090500100310,2021년 9월 5일 19시,일요일,경기도 수원시 팔달구 인계동,중상사고,0,1,0,0,차대사람 - 횡단중,안전운전불이행,포장 - 건조,맑음,교차로 - 교차로부근,승용,남,66세,상해없음,보행자,남,51세,중상
2021090500100336,2021년 9월 5일 19시,일요일,경기도 남양주시 화도읍,경상사고,0,0,1,0,차대사람 - 기타,안전운전불이행,포장 - 건조,맑음,교차로 - 교차로횡단보도내,승용,남,60세,상해없음,보행자,여,50세,경상
2021090500100338,2021년 9월 5일 19시,일요일,경기도 파주시 조리읍,경상사고,0,0,1,0,차대사람 - 기타,안전운전불이행,포장 - 건조,맑음,단일로 - 기타,이륜,남,68세,상해없음,보행자,남,40세,경상
2021090500100358,2021년 9월 5일 20시,일요일,경기도 화성시 석우동,경상사고,0,0,1,0,차대사람 - 횡단중,안전운전불이행,포장 - 건조,맑음,교차로 - 교차로횡단보도내,승합,남,56세,상해없음,보행자,남,25세,경상
2021090500100384,2021년 9월 5일 21시,일요일,경기도 성남시 수정구 창곡동,경상사고,0,0,1,0,차대사람 - 기타,안전운전불이행,포장 - 건조,맑음,단일로 - 기타,자전거,남,72세,상해없음,보행자,여,49세,경상
2021090600100012,2021년 9월 6일 01시,월요일,경기도 파주시 파주읍,경상사고,0,0,1,0,차대사람 - 길가장자리구역통행중,안전운전불이행,포장 - 건조,맑음,기타 - 기타,승용,남,46세,상해없음,보행자,남,36세,경상
2021090600100023,2021년 9월 6일 03시,월요일,경기도 의정부시 신곡동,경상사고,0,0,1,0,차대사람 - 기타,기타,포장 - 건조,기타,교차로 - 교차로부근,승용,남,65세,상해없음,보행자,여,63세,경상
2021090600100026,2021년 9월 6일 04시,월요일,경기도 구리시 인창동,사망사고,1,0,0,0,차대사람 - 횡단중,안전운전불이행,포장 - 건조,맑음,교차로 - 교차로횡단보도내,승용,남,49세,기타불명,보행자,남,61세,사망
2021090600100051,2021년 9월 6일 07시,월요일,경기도 안산시 상록구 월피동,경상사고,0,0,1,0,차대사람 - 기타,안전운전불이행,포장 - 건조,맑음,교차로 - 교차로부근,이륜,남,39세,상해없음,보행자,남,66세,경상
2021090600100081,2021년 9월 6일 08시,월요일,경기도 수원시 팔달구 화서동,중상사고,0,1,0,0,차대사람 - 차도통행중,신호위반,포장 - 건조,맑음,교차로 - 교차로안,원동기,여,68세,상해없음,보행자,여,47세,중상
2021090600100086,2021년 9월 6일 08시,월요일,경기도 광주시 오포읍,경상사고,0,0,1,0,차대사람 - 보도통행중,안전운전불이행,포장 - 건조,맑음,단일로 - 기타,승용,여,30세,상해없음,보행자,남,22세,경상
2021090600100091,2021년 9월 6일 08시,월요일,경기도 부천시 원미동,경상사고,0,0,1,0,차대사람 - 기타,보행자보호의무위반,포장 - 건조,맑음,교차로 - 교차로안,화물,남,58세,상해없음,보행자,여,31세,경상
2021090600100092,2021년 9월 6일 08시,월요일,경기도 과천시 문원동,경상사고,0,0,1,0,차대사람 - 횡단중,안전운전불이행,포장 - 건조,맑음,교차로 - 교차로안,승용,여,71세,상해없음,보행자,여,66세,경상
2021090600100093,2021년 9월 6일 08시,월요일,경기도 안산시 상록구 이동,경상사고,0,0,1,0,차대사람 - 차도통행중,안전운전불이행,포장 - 건조,맑음,단일로 - 기타,승용,여,33세,상해없음,보행자,여,32세,경상
2021090600100120,2021년 9월 6일 08시,월요일,경기도 고양시 덕양구 내곡동,경상사고,0,0,1,0,차대사람 - 차도통행중,안전운전불이행,포장 - 건조,맑음,교차로 - 교차로안,승용,남,53세,상해없음,보행자,남,54세,경상
2021090600100131,2021년 9월 6일 09시,월요일,경기도 안성시 삼죽면,경상사고,0,0,1,0,차대사람 - 기타,안전운전불이행,포장 - 건조,맑음,단일로 - 기타,승용,남,74세,상해없음,보행자,여,65세,경상
2021090600100132,2021년 9월 6일 09시,월요일,경기도 안양시 동안구 관양동,경상사고,0,0,1,0,차대사람 - 차도통행중,안전운전불이행,포장 - 건조,맑음,단일로 - 기타,승합,여,60세,상해없음,보행자,여,24세,경상
2021090600100209,2021년 9월 6일 11시,월요일,경기도 부천시 고강동,경상사고,0,0,1,0,차대사람 - 횡단중,보행자보호의무위반,포장 - 건조,맑음,교차로 - 교차로횡단보도내,승용,남,51세,상해없음,보행자,남,50세,경상
2021090600100244,2021년 9월 6일 12시,월요일,경기도 성남시 중원구 성남동,경상사고,0,0,1,0,차대사람 - 길가장자리구역통행중,안전운전불이행,포장 - 건조,맑음,단일로 - 기타,이륜,남,22세,상해없음,보행자,여,26세,경상
2021090600100277,2021년 9월 6일 13시,월요일,경기도 안성시 금광면,사망사고,1,0,0,0,차대사람 - 기타,안전운전불이행,포장 - 건조,맑음,단일로 - 기타,화물,남,35세,상해없음,보행자,남,30세,사망
2021090600100293,2021년 9월 6일 13시,월요일,경기도 동두천시 생연동,경상사고,0,0,1,0,차대사람 - 횡단중,보행자보호의무위반,포장 - 건조,맑음,교차로 - 교차로횡단보도내,승용,남,80세,상해없음,보행자,여,62세,경상
2021090600100294,2021년 9월 6일 13시,월요일,경기도 포천시 신읍동,경상사고,0,0,1,0,차대사람 - 횡단중,보행자보호의무위반,포장 - 건조,맑음,교차로 - 교차로횡단보도내,승합,남,70세,상해없음,보행자,여,63세,경상
2021090600100306,2021년 9월 6일 14시,월요일,경기도 평택시 서정동,경상사고,0,0,1,0,차대사람 - 횡단중,안전운전불이행,포장 - 건조,맑음,교차로 - 교차로횡단보도내,승용,남,43세,상해없음,보행자,남,51세,경상
2021090600100308,2021년 9월 6일 14시,월요일,경기도 광명시 광명동,경상사고,0,0,1,0,차대사람 - 차도통행중,안전운전불이행,포장 - 건조,맑음,단일로 - 기타,승용,남,49세,상해없음,보행자,여,9세,경상
2021090600100312,2021년 9월 6일 14시,월요일,경기도 용인시 수지구 성복동,경상사고,0,0,1,0,차대사람 - 기타,기타,포장 - 건조,맑음,기타 - 기타,승용,남,48세,상해없음,보행자,여,21세,경상
2021090600100333,2021년 9월 6일 15시,월요일,경기도 수원시 팔달구 인계동,경상사고,0,0,1,0,차대사람 - 기타,안전운전불이행,포장 - 젖음/습기,비,교차로 - 교차로안,승용,남,24세,상해없음,보행자,남,49세,경상
2021090600100359,2021년 9월 6일 15시,월요일,경기도 고양시 일산동구 정발산동,경상사고,0,0,1,0,차대사람 - 기타,안전운전불이행,포장 - 건조,맑음,교차로 - 교차로안,승용,남,50세,상해없음,보행자,여,77세,상해없음
2021090600100416,2021년 9월 6일 17시,월요일,경기도 부천시 중동,경상사고,0,0,1,0,차대사람 - 보도통행중,안전운전불이행,포장 - 젖음/습기,비,기타 - 기타,승용,남,30세,상해없음,보행자,여,23세,경상
2021090600100441,2021년 9월 6일 17시,월요일,경기도 파주시 야당동,경상사고,0,0,1,0,차대사람 - 기타,안전운전불이행,포장 - 젖음/습기,비,단일로 - 기타,승용,남,45세,상해없음,보행자,여,14세,경상
2021090600100505,2021년 9월 6일 19시,월요일,경기도 평택시 신장동,경상사고,0,0,1,0,차대사람 - 기타,안전운전불이행,포장 - 젖음/습기,흐림,교차로 - 교차로부근,승용,남,39세,상해없음,보행자,남,24세,경상
2021090600100508,2021년 9월 6일 19시,월요일,경기도 용인시 기흥구 보라동,중상사고,0,1,0,0,차대사람 - 횡단중,보행자보호의무위반,포장 - 젖음/습기,비,교차로 - 교차로횡단보도내,승용,남,29세,상해없음,보행자,남,23세,중상
2021090600100512,2021년 9월 6일 19시,월요일,경기도 양평군 양평읍,중상사고,0,1,0,0,차대사람 - 횡단중,보행자보호의무위반,포장 - 젖음/습기,비,단일로 - 기타,승용,남,36세,상해없음,보행자,여,57세,중상
2021090600100515,2021년 9월 6일 19시,월요일,경기도 수원시 권선구 권선동,중상사고,0,1,0,0,차대사람 - 횡단중,안전운전불이행,포장 - 젖음/습기,비,교차로 - 교차로횡단보도내,화물,남,51세,상해없음,보행자,여,69세,중상
2021090600100520,2021년 9월 6일 19시,월요일,경기도 안산시 상록구 본오동,경상사고,0,0,1,0,차대사람 - 횡단중,안전운전불이행,포장 - 젖음/습기,비,단일로 - 기타,원동기,남,18세,상해없음,보행자,남,48세,경상
2021090600100521,2021년 9월 6일 19시,월요일,경기도 화성시 팔탄면,중상사고,0,1,0,0,차대사람 - 기타,안전운전불이행,포장 - 젖음/습기,비,기타 - 기타,승용,남,37세,상해없음,보행자,여,54세,중상
2021090600100568,2021년 9월 6일 20시,월요일,경기도 수원시 장안구 연무동,경상사고,0,0,1,0,차대사람 - 횡단중,안전운전불이행,포장 - 건조,맑음,교차로 - 교차로부근,승용,남,63세,상해없음,보행자,여,16세,경상
2021090600100592,2021년 9월 6일 20시,월요일,경기도 남양주시 다산동,경상사고,0,0,1,0,차대사람 - 횡단중,신호위반,포장 - 젖음/습기,비,교차로 - 교차로횡단보도내,이륜,남,16세,상해없음,보행자,여,42세,경상
2021090600100605,2021년 9월 6일 21시,월요일,경기도 광주시 오포읍,중상사고,0,1,0,0,차대사람 - 기타,보행자보호의무위반,포장 - 젖음/습기,비,교차로 - 교차로안,승용,여,42세,상해없음,보행자,남,73세,중상
2021090600100607,2021년 9월 6일 21시,월요일,경기도 김포시 장기동,중상사고,0,1,0,0,차대사람 - 횡단중,안전운전불이행,포장 - 젖음/습기,비,기타 - 기타,이륜,남,39세,상해없음,보행자,여,35세,중상
2021090600100644,2021년 9월 6일 22시,월요일,경기도 수원시 팔달구 인계동,중상사고,0,1,0,0,차대사람 - 횡단중,신호위반,포장 - 젖음/습기,비,교차로 - 교차로횡단보도내,이륜,남,25세,상해없음,보행자,여,61세,중상
2021090600100645,2021년 9월 6일 22시,월요일,경기도 시흥시 정왕동,경상사고,0,0,1,0,차대사람 - 길가장자리구역통행중,안전운전불이행,포장 - 젖음/습기,비,교차로 - 교차로안,승용,남,30세,상해없음,보행자,남,69세,경상
2021090600100646,2021년 9월 6일 22시,월요일,경기도 안산시 상록구 성포동,경상사고,0,0,1,0,차대사람 - 횡단중,신호위반,포장 - 젖음/습기,비,교차로 - 교차로안,승용,남,50세,상해없음,보행자,여,46세,경상
2021090600100647,2021년 9월 6일 22시,월요일,경기도 용인시 기흥구 보정동,중상사고,0,1,0,0,차대사람 - 횡단중,안전운전불이행,포장 - 젖음/습기,비,단일로 - 기타,승용,남,19세,상해없음,보행자,여,55세,중상
2021090600100662,2021년 9월 6일 22시,월요일,경기도 고양시 덕양구 원흥동,중상사고,0,1,0,0,차대사람 - 차도통행중,안전운전불이행,포장 - 젖음/습기,비,단일로 - 기타,화물,남,37세,상해없음,보행자,여,56세,중상
2021090600100663,2021년 9월 6일 22시,월요일,경기도 파주시 탄현면,경상사고,0,0,1,0,차대사람 - 횡단중,안전운전불이행,포장 - 젖음/습기,비,단일로 - 지하차도(도로)내,승용,여,36세,상해없음,보행자,남,51세,경상
2021090600100678,2021년 9월 6일 23시,월요일,경기도 남양주시 화도읍,경상사고,0,0,1,0,차대사람 - 보도통행중,보행자보호의무위반,포장 - 젖음/습기,비,교차로 - 교차로횡단보도내,이륜,남,37세,상해없음,보행자,여,51세,경상
2021090700100005,2021년 9월 7일 00시,화요일,경기도 의정부시 신곡동,경상사고,0,0,1,0,차대사람 - 기타,안전운전불이행,포장 - 젖음/습기,비,교차로 - 교차로안,승용,남,24세,상해없음,보행자,남,42세,경상
2021090700100012,2021년 9월 7일 01시,화요일,경기도 부천시 상동,중상사고,0,1,0,0,차대사람 - 기타,안전운전불이행,포장 - 젖음/습기,비,교차로 - 교차로안,승용,남,40세,상해없음,보행자,여,59세,중상
2021090700100029,2021년 9월 7일 05시,화요일,경기도 수원시 팔달구 화서동,경상사고,0,0,1,0,차대사람 - 기타,보행자보호의무위반,포장 - 젖음/습기,비,교차로 - 교차로횡단보도내,승용,남,48세,상해없음,보행자,남,69세,경상
2021090700100042,2021년 9월 7일 06시,화요일,경기도 용인시 기흥구 영덕동,경상사고,0,0,1,0,차대사람 - 횡단중,보행자보호의무위반,포장 - 건조,흐림,교차로 - 교차로횡단보도내,승용,남,63세,상해없음,보행자,남,36세,경상
2021090700100050,2021년 9월 7일 06시,화요일,경기도 남양주시 다산동,중상사고,0,1,0,0,차대사람 - 횡단중,보행자보호의무위반,포장 - 젖음/습기,비,교차로 - 교차로횡단보도내,승용,여,32세,상해없음,보행자,남,37세,중상
2021090700100079,2021년 9월 7일 08시,화요일,경기도 성남시 중원구 성남동,중상사고,0,1,0,0,차대사람 - 횡단중,보행자보호의무위반,포장 - 건조,맑음,단일로 - 기타,승용,남,30세,상해없음,보행자,여,79세,중상
2021090700100109,2021년 9월 7일 08시,화요일,경기도 파주시 금촌동,경상사고,0,0,1,0,차대사람 - 기타,안전운전불이행,포장 - 젖음/습기,비,교차로 - 교차로부근,승용,남,31세,상해없음,보행자,남,54세,경상
2021090700100123,2021년 9월 7일 09시,화요일,경기도 부천시 역곡동,경상사고,0,0,1,0,차대사람 - 기타,안전운전불이행,포장 - 젖음/습기,비,기타 - 기타,승용,남,31세,상해없음,보행자,여,25세,경상
2021090700100158,2021년 9월 7일 10시,화요일,경기도 성남시 수정구 태평동,중상사고,0,1,0,0,차대사람 - 횡단중,안전운전불이행,포장 - 젖음/습기,비,단일로 - 기타,화물,남,40세,상해없음,보행자,남,86세,중상
2021090700100160,2021년 9월 7일 10시,화요일,경기도 용인시 처인구 포곡읍,중상사고,0,1,0,0,차대사람 - 횡단중,보행자보호의무위반,포장 - 젖음/습기,비,교차로 - 교차로부근,승용,여,41세,상해없음,보행자,여,76세,중상