사고번호,사고일시,요일,시군구,사고내용,사망자수,중상자수,경상자수,부상신고자수,사고유형,법규위반,노면상태,기상상태,도로형태,가해운전자 차종,가해운전자 성별,가해운전자 연령,가해운전자 상해정도,피해운전자 차종,피해운전자 성별,피해운전자 연령,피해운전자 상해정도
2021090700100270,2021년 9월 7일 13시,화요일,경기도 고양시 일산동구 백석동,경상사고,0,0,1,0,차대사람 - 횡단중,안전운전불이행,포장 - 젖음/습기,비,단일로 - 기타,승용,여,58세,상해없음,보행자,여,78세,경상
2021090700100280,2021년 9월 7일 14시,화요일,경기도 광주시 초월읍,중상사고,0,1,0,0,차대사람 - 기타,안전운전불이행,포장 - 건조,맑음,주차장 - 주차장,승합,남,61세,상해없음,보행자,여,56세,중상
2021090700100311,2021년 9월 7일 15시,화요일,경기도 수원시 장안구 연무동,경상사고,0,0,1,0,차대사람 - 기타,안전운전불이행,포장 - 건조,맑음,기타 - 기타,화물,남,31세,상해없음,보행자,남,33세,경상
2021090700100408,2021년 9월 7일 18시,화요일,경기도 성남시 분당구 서현동,경상사고,0,0,1,0,차대사람 - 기타,안전운전불이행,포장 - 젖음/습기,비,기타 - 기타,승용,여,45세,상해없음,보행자,남,58세,경상
2021090700100411,2021년 9월 7일 18시,화요일,경기도 시흥시 정왕동,경상사고,0,0,1,0,차대사람 - 기타,안전운전불이행,포장 - 젖음/습기,비,단일로 - 기타,승용,여,40세,상해없음,보행자,남,41세,경상
2021090700100448,2021년 9월 7일 19시,화요일,경기도 평택시 비전동,경상사고,0,0,1,0,차대사람 - 횡단중,안전운전불이행,포장 - 젖음/습기,비,교차로 - 교차로부근,승용,남,43세,기타불명,보행자,남,65세,경상
2021090700100451,2021년 9월 7일 19시,화요일,경기도 양평군 양서면,경상사고,0,0,1,0,차대사람 - 횡단중,안전운전불이행,포장 - 젖음/습기,비,단일로 - 기타,이륜,남,19세,상해없음,보행자,남,69세,경상
2021090700100453,2021년 9월 7일 19시,화요일,경기도 안산시 단원구 신길동,경상사고,0,0,1,0,차대사람 - 횡단중,보행자보호의무위반,포장 - 젖음/습기,비,교차로 - 교차로횡단보도내,승용,남,59세,상해없음,보행자,여,34세,경상
2021090700100457,2021년 9월 7일 19시,화요일,경기도 화성시 남양읍,중상사고,0,1,0,0,차대사람 - 횡단중,안전운전불이행,포장 - 젖음/습기,비,단일로 - 기타,화물,남,52세,상해없음,보행자,남,66세,중상
2021090700100481,2021년 9월 7일 19시,화요일,경기도 양주시 광사동,중상사고,0,1,0,0,차대사람 - 횡단중,안전운전불이행,포장 - 젖음/습기,비,교차로 - 교차로횡단보도내,승합,남,65세,상해없음,보행자,남,50세,중상
2021090700100499,2021년 9월 7일 20시,화요일,경기도 성남시 분당구 삼평동,경상사고,0,0,1,0,차대사람 - 횡단중,보행자보호의무위반,포장 - 젖음/습기,비,교차로 - 교차로안,화물,남,45세,상해없음,보행자,여,33세,경상
2021090700100515,2021년 9월 7일 20시,화요일,경기도 파주시 금촌동,중상사고,0,1,0,0,차대사람 - 차도통행중,보행자보호의무위반,포장 - 젖음/습기,비,교차로 - 교차로안,승용,남,26세,상해없음,보행자,남,68세,중상
2021090700100527,2021년 9월 7일 21시,화요일,경기도 수원시 장안구 조원동,중상사고,0,1,0,0,차대사람 - 횡단중,안전운전불이행,포장 - 젖음/습기,비,단일로 - 기타,승용,여,51세,상해없음,보행자,남,50세,중상
2021090700100530,2021년 9월 7일 21시,화요일,경기도 광주시 오포읍,경상사고,0,0,1,0,차대사람 - 길가장자리구역통행중,안전운전불이행,포장 - 젖음/습기,비,기타 - 기타,이륜,남,24세,상해없음,보행자,남,24세,경상
2021090700100533,2021년 9월 7일 21시,화요일,경기도 성남시 분당구 야탑동,중상사고,0,1,0,0,차대사람 - 기타,안전운전불이행,포장 - 젖음/습기,비,기타 - 기타,이륜,남,28세,기타불명,보행자,남,60세,중상
2021090700100552,2021년 9월 7일 21시,화요일,경기도 파주시 동패동,경상사고,0,0,1,0,차대사람 - 횡단중,안전운전불이행,포장 - 젖음/습기,비,단일로 - 기타,이륜,남,18세,상해없음,보행자,남,35세,경상
2021090700100563,2021년 9월 7일 22시,화요일,경기도 수원시 장안구 정자동,경상사고,0,0,1,0,차대사람 - 횡단중,안전운전불이행,포장 - 젖음/습기,비,교차로 - 교차로안,승용,남,38세,상해없음,보행자,남,46세,경상
2021090700100568,2021년 9월 7일 22시,화요일,경기도 부천시 소사동,경상사고,0,0,2,0,차대사람 - 기타,교차로운행방법위반,포장 - 건조,흐림,교차로 - 교차로부근,이륜,남,48세,경상,보행자,여,22세,경상
2021090700100571,2021년 9월 7일 22시,화요일,경기도 시흥시 은행동,부상신고사고,0,0,0,1,차대사람 - 차도통행중,안전운전불이행,포장 - 건조,맑음,단일로 - 기타,승합,남,40세,상해없음,보행자,남,60세,부상신고
2021090700100572,2021년 9월 7일 22시,화요일,경기도 안산시 상록구 사동,경상사고,0,0,1,0,차대사람 - 기타,안전운전불이행,포장 - 젖음/습기,비,교차로 - 교차로횡단보도내,승용,남,44세,상해없음,보행자,여,67세,경상
2021090700100588,2021년 9월 7일 23시,화요일,경기도 수원시 장안구 천천동,부상신고사고,0,0,0,1,차대사람 - 횡단중,안전운전불이행,포장 - 젖음/습기,흐림,교차로 - 교차로안,이륜,남,47세,상해없음,보행자,남,57세,부상신고
2021090800100038,2021년 9월 8일 06시,수요일,경기도 수원시 팔달구 매향동,경상사고,0,0,1,0,차대사람 - 차도통행중,안전운전불이행,포장 - 젖음/습기,흐림,교차로 - 교차로안,승용,여,56세,상해없음,보행자,여,79세,경상
2021090800100051,2021년 9월 8일 07시,수요일,경기도 안산시 단원구 원시동,경상사고,0,0,1,0,차대사람 - 기타,안전거리미확보,포장 - 건조,맑음,교차로 - 교차로안,승용,남,56세,상해없음,보행자,남,59세,경상
2021090800100056,2021년 9월 8일 07시,수요일,경기도 화성시 석우동,부상신고사고,0,0,0,1,차대사람 - 횡단중,안전운전불이행,포장 - 건조,맑음,단일로 - 기타,기타불명,기타불명,미분류,기타불명,보행자,남,24세,부상신고
2021090800100089,2021년 9월 8일 08시,수요일,경기도 안양시 동안구 호계동,경상사고,0,0,1,0,차대사람 - 차도통행중,불법유턴,포장 - 건조,맑음,단일로 - 기타,화물,남,63세,상해없음,보행자,남,27세,경상
2021090800100134,2021년 9월 8일 09시,수요일,경기도 화성시 장안면,중상사고,0,1,0,0,차대사람 - 기타,안전운전불이행,포장 - 건조,맑음,단일로 - 기타,화물,남,43세,상해없음,보행자,남,74세,중상
2021090800100155,2021년 9월 8일 09시,수요일,경기도 구리시 수택동,중상사고,0,1,0,0,차대사람 - 횡단중,안전운전불이행,포장 - 건조,맑음,교차로 - 교차로안,화물,여,49세,상해없음,보행자,여,68세,중상
2021090800100174,2021년 9월 8일 10시,수요일,경기도 하남시 창우동,중상사고,0,1,0,0,차대사람 - 기타,안전운전불이행,포장 - 건조,맑음,기타 - 기타,자전거,남,43세,상해없음,보행자,여,78세,중상
2021090800100206,2021년 9월 8일 11시,수요일,경기도 성남시 수정구 태평동,경상사고,0,0,1,0,차대사람 - 기타,안전운전불이행,포장 - 건조,맑음,단일로 - 기타,승용,남,58세,기타불명,보행자,남,81세,경상
2021090800100239,2021년 9월 8일 12시,수요일,경기도 평택시 서정동,중상사고,0,1,0,0,차대사람 - 기타,신호위반,포장 - 건조,맑음,교차로 - 교차로부근,자전거,남,82세,상해없음,보행자,여,72세,중상
2021090800100270,2021년 9월 8일 13시,수요일,경기도 광명시 일직동,경상사고,0,0,1,0,차대사람 - 기타,안전운전불이행,포장 - 건조,맑음,교차로 - 교차로부근,화물,남,30세,상해없음,보행자,여,41세,경상
2021090800100274,2021년 9월 8일 13시,수요일,경기도 수원시 영통구 매탄동,경상사고,0,0,1,0,차대사람 - 기타,안전운전불이행,포장 - 건조,맑음,교차로 - 교차로부근,승용,여,29세,상해없음,보행자,남,57세,경상
2021090800100276,2021년 9월 8일 13시,수요일,경기도 수원시 팔달구 매산로1가,경상사고,0,0,1,0,차대사람 - 기타,안전운전불이행,포장 - 건조,맑음,단일로 - 기타,승용,여,52세,상해없음,보행자,남,39세,경상
2021090800100345,2021년 9월 8일 15시,수요일,경기도 성남시 수정구 태평동,중상사고,0,1,0,0,차대사람 - 기타,안전운전불이행,포장 - 건조,맑음,단일로 - 기타,승용,여,54세,상해없음,보행자,여,69세,중상
2021090800100346,2021년 9월 8일 15시,수요일,경기도 평택시 서정동,중상사고,0,1,0,0,차대사람 - 기타,안전운전불이행,포장 - 건조,맑음,교차로 - 교차로안,승용,여,48세,상해없음,보행자,남,64세,중상
2021090800100352,2021년 9월 8일 15시,수요일,경기도 오산시 궐동,중상사고,0,1,0,0,차대사람 - 횡단중,신호위반,포장 - 건조,맑음,교차로 - 교차로횡단보도내,이륜,남,43세,상해없음,보행자,여,9세,중상
2021090800100355,2021년 9월 8일 15시,수요일,경기도 안산시 단원구 초지동,중상사고,0,1,0,0,차대사람 - 기타,안전운전불이행,포장 - 건조,맑음,기타 - 기타,자전거,여,46세,중상,보행자,기타불명,미분류,기타불명
2021090800100383,2021년 9월 8일 15시,수요일,경기도 고양시 덕양구 성사동,경상사고,0,0,1,0,차대사람 - 횡단중,신호위반,포장 - 건조,맑음,교차로 - 교차로횡단보도내,승용,남,78세,상해없음,보행자,여,79세,경상
2021090800100501,2021년 9월 8일 18시,수요일,경기도 광주시 경안동,부상신고사고,0,0,0,1,차대사람 - 기타,안전운전불이행,포장 - 건조,맑음,단일로 - 기타,이륜,남,54세,상해없음,보행자,여,73세,부상신고
2021090800100508,2021년 9월 8일 18시,수요일,경기도 수원시 권선구 권선동,경상사고,0,0,1,0,차대사람 - 차도통행중,안전운전불이행,포장 - 건조,맑음,교차로 - 교차로안,승용,여,61세,상해없음,보행자,남,6세,경상
2021090800100545,2021년 9월 8일 19시,수요일,경기도 부천시 고강동,경상사고,0,0,1,0,차대사람 - 길가장자리구역통행중,안전운전불이행,포장 - 건조,맑음,단일로 - 기타,승용,남,19세,상해없음,보행자,여,50세,경상
2021090800100571,2021년 9월 8일 19시,수요일,경기도 파주시 월롱면,사망사고,1,0,0,0,차대사람 - 기타,안전운전불이행,포장 - 건조,맑음,교차로 - 교차로부근,건설기계,남,60세,상해없음,보행자,남,66세,사망
2021090800100621,2021년 9월 8일 21시,수요일,경기도 파주시 문산읍,중상사고,0,1,0,0,차대사람 - 횡단중,신호위반,포장 - 건조,맑음,교차로 - 교차로안,승합,남,57세,상해없음,보행자,남,73세,중상
2021090800100649,2021년 9월 8일 22시,수요일,경기도 의정부시 의정부동,경상사고,0,0,1,0,차대사람 - 차도통행중,안전운전불이행,포장 - 건조,맑음,단일로 - 기타,개인형이동수단(PM),여,28세,상해없음,보행자,남,61세,경상
2021090900100020,2021년 9월 9일 04시,목요일,경기도 안양시 만안구 박달동,사망사고,1,0,0,0,차대사람 - 횡단중,안전운전불이행,포장 - 건조,맑음,교차로 - 교차로안,화물,남,43세,상해없음,보행자,여,85세,사망
2021090900100153,2021년 9월 9일 10시,목요일,경기도 화성시 서신면,중상사고,0,1,0,0,차대사람 - 기타,안전운전불이행,포장 - 건조,맑음,단일로 - 기타,승용,남,60세,상해없음,보행자,여,47세,중상
2021090900100183,2021년 9월 9일 11시,목요일,경기도 안산시 단원구 고잔동,경상사고,0,0,1,0,차대사람 - 기타,안전운전불이행,포장 - 건조,맑음,기타 - 기타,승용,남,60세,상해없음,보행자,남,28세,경상
2021090900100220,2021년 9월 9일 12시,목요일,경기도 안성시 구포동,경상사고,0,0,1,0,차대사람 - 기타,보행자보호의무위반,포장 - 건조,맑음,교차로 - 교차로안,이륜,남,28세,상해없음,보행자,남,6세,경상
2021090900100259,2021년 9월 9일 13시,목요일,경기도 화성시 우정읍,경상사고,0,0,1,0,차대사람 - 기타,안전운전불이행,포장 - 건조,맑음,단일로 - 기타,화물,남,71세,상해없음,보행자,남,61세,경상
2021090900100282,2021년 9월 9일 13시,목요일,경기도 의정부시 의정부동,중상사고,0,1,0,0,차대사람 - 횡단중,안전운전불이행,포장 - 건조,맑음,교차로 - 교차로안,승용,여,47세,상해없음,보행자,여,51세,중상
2021090900100396,2021년 9월 9일 16시,목요일,경기도 고양시 일산서구 탄현동,중상사고,0,1,0,0,차대사람 - 보도통행중,안전운전불이행,포장 - 건조,맑음,단일로 - 기타,개인형이동수단(PM),남,23세,상해없음,보행자,여,63세,중상
2021090900100405,2021년 9월 9일 17시,목요일,경기도 부천시 소사본동,경상사고,0,0,1,0,차대사람 - 횡단중,보행자보호의무위반,포장 - 건조,맑음,교차로 - 교차로부근,승용,남,56세,기타불명,보행자,여,32세,경상
2021090900100409,2021년 9월 9일 17시,목요일,경기도 부천시 내동,경상사고,0,0,1,0,차대사람 - 횡단중,안전운전불이행,포장 - 건조,맑음,교차로 - 교차로안,승용,여,32세,상해없음,보행자,여,45세,경상
2021090900100444,2021년 9월 9일 18시,목요일,경기도 부천시 춘의동,경상사고,0,0,1,0,차대사람 - 기타,신호위반,포장 - 건조,맑음,단일로 - 기타,자전거,남,41세,상해없음,보행자,여,32세,경상
2021090900100448,2021년 9월 9일 18시,목요일,경기도 시흥시 거모동,경상사고,0,0,1,0,차대사람 - 길가장자리구역통행중,안전운전불이행,포장 - 건조,맑음,교차로 - 교차로안,개인형이동수단(PM),남,26세,상해없음,보행자,남,62세,경상
2021090900100450,2021년 9월 9일 18시,목요일,경기도 화성시 남양읍,경상사고,0,0,1,0,차대사람 - 기타,안전운전불이행,포장 - 건조,맑음,단일로 - 기타,화물,여,53세,상해없음,보행자,여,9세,경상
2021090900100482,2021년 9월 9일 19시,목요일,경기도 광주시 초월읍,경상사고,0,0,1,0,차대사람 - 기타,안전운전불이행,포장 - 건조,맑음,단일로 - 기타,승용,남,36세,상해없음,보행자,남,60세,경상
2021090900100539,2021년 9월 9일 20시,목요일,경기도 남양주시 화도읍,경상사고,0,0,1,0,차대사람 - 횡단중,안전운전불이행,포장 - 건조,맑음,교차로 - 교차로부근,화물,남,52세,상해없음,보행자,여,51세,경상
2021090900100542,2021년 9월 9일 21시,목요일,경기도 안산시 단원구 고잔동,중상사고,0,1,0,0,차대사람 - 기타,교차로운행방법위반,포장 - 건조,맑음,교차로 - 교차로안,승용,여,46세,상해없음,보행자,남,50세,중상
2021090900100562,2021년 9월 9일 22시,목요일,경기도 수원시 팔달구 화서동,경상사고,0,0,1,0,차대사람 - 보도통행중,보행자보호의무위반,포장 - 건조,맑음,교차로 - 교차로횡단보도내,승합,남,67세,상해없음,보행자,여,22세,경상
2021091000100019,2021년 9월 10일 02시,금요일,경기도 성남시 중원구 상대원동,사망사고,1,0,0,0,차대사람 - 기타,안전운전불이행,포장 - 건조,맑음,단일로 - 기타,승용,남,44세,상해없음,보행자,남,30세,사망
2021091000100218,2021년 9월 10일 12시,금요일,경기도 안양시 동안구 평촌동,경상사고,0,0,2,0,차대사람 - 기타,안전운전불이행,포장 - 건조,맑음,단일로 - 기타,승용,여,72세,상해없음,보행자,여,50세,경상
2021091000100220,2021년 9월 10일 12시,금요일,경기도 안산시 단원구 원곡동,중상사고,0,1,0,0,차대사람 - 횡단중,안전운전불이행,포장 - 건조,맑음,단일로 - 기타,승용,여,48세,상해없음,보행자,여,66세,중상
2021091000100221,2021년 9월 10일 12시,금요일,경기도 수원시 영통구 원천동,경상사고,0,0,1,0,차대사람 - 보도통행중,기타,포장 - 건조,맑음,기타 - 기타,개인형이동수단(PM),여,20세,상해없음,보행자,남,7세,경상
2021091000100268,2021년 9월 10일 13시,금요일,경기도 양주시 삼숭동,중상사고,0,1,0,0,차대사람 - 기타,안전운전불이행,포장 - 건조,맑음,단일로 - 기타,승합,남,48세,상해없음,보행자,여,70세,중상
2021091000100275,2021년 9월 10일 14시,금요일,경기도 평택시 포승읍,경상사고,0,0,1,0,차대사람 - 횡단중,안전운전불이행,포장 - 건조,맑음,교차로 - 교차로안,승용,남,34세,상해없음,보행자,남,52세,경상
2021091000100276,2021년 9월 10일 14시,금요일,경기도 광주시 탄벌동,경상사고,0,0,1,0,차대사람 - 기타,안전운전불이행,포장 - 건조,맑음,기타 - 기타,자전거,남,50세,상해없음,보행자,남,72세,경상
2021091000100316,2021년 9월 10일 15시,금요일,경기도 광주시 초월읍,경상사고,0,0,1,0,차대사람 - 기타,안전운전불이행,포장 - 건조,맑음,기타 - 기타,화물,남,61세,상해없음,보행자,남,28세,경상
2021091000100318,2021년 9월 10일 15시,금요일,경기도 김포시 월곶면,중상사고,0,1,0,0,차대사람 - 기타,안전운전불이행,비포장 - 건조,맑음,단일로 - 기타,승용,남,74세,상해없음,보행자,남,57세,중상
2021091000100334,2021년 9월 10일 15시,금요일,경기도 김포시 감정동,경상사고,0,0,1,0,차대사람 - 기타,안전운전불이행,포장 - 건조,맑음,단일로 - 기타,승합,남,50세,상해없음,보행자,여,41세,경상
2021091000100339,2021년 9월 10일 15시,금요일,경기도 의정부시 가능동,중상사고,0,1,0,0,차대사람 - 기타,신호위반,포장 - 건조,맑음,교차로 - 교차로횡단보도내,승용,여,74세,상해없음,보행자,남,13세,중상
2021091000100359,2021년 9월 10일 16시,금요일,경기도 부천시 원종동,중상사고,0,1,0,0,차대사람 - 횡단중,안전운전불이행,포장 - 건조,맑음,단일로 - 기타,승합,남,59세,상해없음,보행자,여,83세,중상
2021091000100390,2021년 9월 10일 16시,금요일,경기도 구리시 교문동,중상사고,0,1,0,0,차대사람 - 횡단중,안전운전불이행,포장 - 건조,맑음,교차로 - 교차로부근,승용,남,70세,상해없음,보행자,여,63세,중상
2021091000100401,2021년 9월 10일 17시,금요일,경기도 용인시 처인구 마평동,경상사고,0,0,1,0,차대사람 - 횡단중,보행자보호의무위반,포장 - 건조,맑음,기타 - 기타,승용,여,65세,상해없음,보행자,여,51세,경상
2021091000100406,2021년 9월 10일 17시,금요일,경기도 광명시 일직동,중상사고,0,1,0,0,차대사람 - 횡단중,신호위반,포장 - 건조,맑음,교차로 - 교차로횡단보도내,이륜,남,59세,상해없음,보행자,여,32세,중상
2021091000100502,2021년 9월 10일 18시,금요일,경기도 고양시 덕양구 내유동,부상신고사고,0,0,0,1,차대사람 - 기타,안전운전불이행,포장 - 건조,맑음,주차장 - 주차장,기타불명,기타불명,미분류,기타불명,보행자,남,65세,부상신고
2021091000100503,2021년 9월 10일 18시,금요일,경기도 파주시 월롱면,중상사고,0,1,0,0,차대사람 - 횡단중,교차로운행방법위반,포장 - 건조,흐림,교차로 - 교차로안,승용,여,53세,상해없음,보행자,여,93세,중상
2021091000100512,2021년 9월 10일 19시,금요일,경기도 부천시 괴안동,경상사고,0,0,1,0,차대사람 - 기타,보행자보호의무위반,포장 - 기타,맑음,교차로 - 교차로횡단보도내,이륜,남,31세,상해없음,보행자,남,5세,경상
2021091000100517,2021년 9월 10일 19시,금요일,경기도 시흥시 장곡동,중상사고,0,1,0,0,차대사람 - 횡단중,안전운전불이행,포장 - 건조,맑음,교차로 - 교차로안,화물,남,56세,상해없음,보행자,남,52세,중상
2021091000100554,2021년 9월 10일 20시,금요일,경기도 이천시 관고동,부상신고사고,0,0,0,1,차대사람 - 기타,안전운전불이행,포장 - 건조,맑음,단일로 - 기타,기타불명,기타불명,미분류,기타불명,보행자,남,64세,부상신고
2021091000100556,2021년 9월 10일 20시,금요일,경기도 용인시 처인구 원삼면,중상사고,0,1,0,0,차대사람 - 횡단중,안전운전불이행,포장 - 건조,맑음,교차로 - 교차로안,승용,여,48세,상해없음,보행자,남,47세,중상
2021091000100630,2021년 9월 10일 22시,금요일,경기도 시흥시 정왕동,경상사고,0,0,1,0,차대사람 - 차도통행중,안전운전불이행,포장 - 건조,맑음,교차로 - 교차로부근,승용,남,57세,상해없음,보행자,여,24세,경상
2021091000100664,2021년 9월 10일 23시,금요일,경기도 성남시 중원구 성남동,경상사고,0,0,1,0,차대사람 - 기타,안전운전불이행,포장 - 건조,맑음,기타 - 기타,승용,남,28세,상해없음,보행자,남,60세,경상
2021091100100004,2021년 9월 11일 00시,토요일,경기도 성남시 수정구 신흥동,중상사고,0,1,0,0,차대사람 - 기타,안전운전불이행,포장 - 건조,맑음,교차로 - 교차로부근,승용,남,33세,상해없음,보행자,남,53세,중상
2021091100100008,2021년 9월 11일 00시,토요일,경기도 고양시 덕양구 관산동,중상사고,0,1,0,0,차대사람 - 기타,안전운전불이행,포장 - 건조,맑음,단일로 - 기타,승용,남,38세,상해없음,보행자,남,55세,중상
2021091100100041,2021년 9월 11일 06시,토요일,경기도 부천시 심곡본동,중상사고,0,1,0,0,차대사람 - 횡단중,보행자보호의무위반,포장 - 건조,흐림,단일로 - 기타,승용,남,82세,상해없음,보행자,여,49세,중상
2021091100100058,2021년 9월 11일 07시,토요일,경기도 과천시 갈현동,경상사고,0,0,1,0,차대사람 - 기타,안전운전불이행,포장 - 건조,맑음,단일로 - 기타,승용,남,52세,상해없음,보행자,남,28세,경상
2021091100100075,2021년 9월 11일 08시,토요일,경기도 화성시 팔탄면,경상사고,0,0,1,0,차대사람 - 기타,안전운전불이행,포장 - 건조,맑음,주차장 - 주차장,승용,남,54세,기타불명,보행자,남,40세,경상
2021091100100086,2021년 9월 11일 08시,토요일,경기도 파주시 동패동,경상사고,0,0,1,0,차대사람 - 횡단중,안전운전불이행,포장 - 건조,맑음,단일로 - 기타,승용,여,49세,상해없음,보행자,여,65세,경상
2021091100100096,2021년 9월 11일 09시,토요일,경기도 광주시 역동,중상사고,0,1,0,0,차대사람 - 기타,중앙선침범,포장 - 건조,맑음,기타 - 기타,화물,남,37세,상해없음,보행자,여,26세,중상
2021091100100173,2021년 9월 11일 11시,토요일,경기도 화성시 진안동,중상사고,0,1,0,0,차대사람 - 보도통행중,기타,포장 - 건조,맑음,단일로 - 기타,승용,여,62세,상해없음,보행자,여,59세,중상
2021091100100209,2021년 9월 11일 11시,토요일,경기도 고양시 일산서구 덕이동,중상사고,0,1,0,0,차대사람 - 기타,안전운전불이행,포장 - 건조,맑음,단일로 - 기타,승용,여,40세,상해없음,보행자,남,56세,중상
2021091100100221,2021년 9월 11일 12시,토요일,경기도 부천시 삼정동,경상사고,0,0,1,1,차대사람 - 기타,안전운전불이행,포장 - 건조,맑음,단일로 - 기타,승용,남,59세,상해없음,보행자,남,59세,경상
2021091100100279,2021년 9월 11일 13시,토요일,경기도 안성시 공도읍,경상사고,0,0,1,0,차대사람 - 기타,기타,포장 - 건조,맑음,단일로 - 기타,승용,남,59세,상해없음,보행자,여,18세,경상
2021091100100317,2021년 9월 11일 13시,토요일,경기도 의정부시 신곡동,경상사고,0,0,1,0,차대사람 - 횡단중,안전운전불이행,포장 - 건조,맑음,교차로 - 교차로안,승용,여,40세,상해없음,보행자,여,46세,경상
2021091100100331,2021년 9월 11일 14시,토요일,경기도 화성시 능동,경상사고,0,0,1,0,차대사람 - 횡단중,기타,포장 - 건조,맑음,단일로 - 기타,승용,여,39세,상해없음,보행자,남,46세,경상
2021091100100382,2021년 9월 11일 15시,토요일,경기도 김포시 월곶면,중상사고,0,1,0,0,차대사람 - 기타,안전운전불이행,포장 - 기타,맑음,기타 - 기타,화물,여,57세,상해없음,보행자,남,47세,중상
2021091100100386,2021년 9월 11일 15시,토요일,경기도 화성시 봉담읍,부상신고사고,0,0,0,1,차대사람 - 기타,안전운전불이행,포장 - 건조,맑음,기타 - 기타,승합,남,48세,상해없음,보행자,남,56세,부상신고
2021091100100425,2021년 9월 11일 16시,토요일,경기도 수원시 장안구 연무동,경상사고,0,0,1,0,차대사람 - 기타,안전운전불이행,포장 - 건조,맑음,교차로 - 교차로안,승합,남,27세,상해없음,보행자,남,73세,경상
2021091100100466,2021년 9월 11일 17시,토요일,경기도 군포시 당동,중상사고,0,1,0,0,차대사람 - 기타,안전운전불이행,포장 - 건조,맑음,교차로 - 교차로부근,화물,남,47세,상해없음,보행자,여,73세,중상
2021091100100468,2021년 9월 11일 17시,토요일,경기도 안산시 상록구 이동,중상사고,0,1,0,0,차대사람 - 기타,신호위반,포장 - 건조,맑음,기타 - 기타,자전거,남,11세,상해없음,보행자,남,65세,중상
2021091100100469,2021년 9월 11일 17시,토요일,경기도 안산시 상록구 일동,경상사고,0,0,1,0,차대사람 - 길가장자리구역통행중,안전운전불이행,포장 - 건조,맑음,교차로 - 교차로안,승용,여,72세,상해없음,보행자,남,39세,경상
2021091100100512,2021년 9월 11일 18시,토요일,경기도 안산시 단원구 대부남동,경상사고,0,0,1,0,차대사람 - 기타,안전운전불이행,포장 - 건조,맑음,단일로 - 기타,승용,남,67세,상해없음,보행자,남,35세,경상
2021091100100514,2021년 9월 11일 18시,토요일,경기도 화성시 향남읍,중상사고,0,1,0,0,차대사람 - 기타,안전운전불이행,포장 - 건조,맑음,기타 - 기타,이륜,남,21세,상해없음,보행자,남,7세,중상
2021091100100584,2021년 9월 11일 19시,토요일,경기도 의정부시 용현동,경상사고,0,0,1,0,차대사람 - 보도통행중,기타,포장 - 건조,맑음,단일로 - 기타,승용,남,53세,상해없음,보행자,남,55세,경상
2021091100100598,2021년 9월 11일 20시,토요일,경기도 안양시 동안구 호계동,중상사고,0,1,0,0,차대사람 - 차도통행중,안전운전불이행,포장 - 건조,맑음,단일로 - 기타,승용,남,61세,상해없음,보행자,여,64세,중상
2021091100100620,2021년 9월 11일 20시,토요일,경기도 양주시 옥정동,중상사고,0,1,0,0,차대사람 - 보도통행중,안전운전불이행,포장 - 건조,흐림,교차로 - 교차로부근,이륜,남,50세,상해없음,보행자,여,11세,중상
2021091100100621,2021년 9월 11일 20시,토요일,경기도 남양주시 진접읍,중상사고,0,1,0,0,차대사람 - 기타,안전운전불이행,포장 - 건조,맑음,단일로 - 기타,이륜,남,17세,상해없음,보행자,남,63세,중상
2021091100100669,2021년 9월 11일 22시,토요일,경기도 오산시 오산동,부상신고사고,0,0,0,1,차대사람 - 길가장자리구역통행중,안전운전불이행,포장 - 건조,맑음,기타 - 기타,기타불명,기타불명,미분류,기타불명,보행자,남,30세,부상신고
2021091100100692,2021년 9월 11일 23시,토요일,경기도 용인시 기흥구 구갈동,부상신고사고,0,0,0,1,차대사람 - 보도통행중,안전운전불이행,포장 - 건조,맑음,단일로 - 기타,기타불명,기타불명,미분류,기타불명,보행자,남,25세,부상신고
2021091200100041,2021년 9월 12일 08시,일요일,경기도 성남시 수정구 심곡동,중상사고,0,1,0,0,차대사람 - 기타,안전운전불이행,포장 - 건조,맑음,단일로 - 기타,자전거,남,46세,상해없음,보행자,여,76세,중상
2021091200100056,2021년 9월 12일 09시,일요일,경기도 광명시 광명동,중상사고,0,1,0,0,차대사람 - 횡단중,안전운전불이행,포장 - 건조,맑음,교차로 - 교차로부근,승합,여,51세,상해없음,보행자,남,47세,중상
2021091200100086,2021년 9월 12일 10시,일요일,경기도 양주시 은현면,부상신고사고,0,0,0,1,차대사람 - 기타,안전운전불이행,포장 - 건조,맑음,단일로 - 기타,승용,여,63세,상해없음,보행자,남,29세,부상신고
2021091200100107,2021년 9월 12일 12시,일요일,경기도 성남시 분당구 구미동,중상사고,0,1,0,0,차대사람 - 보도통행중,기타,포장 - 건조,맑음,기타 - 기타,개인형이동수단(PM),남,35세,상해없음,보행자,여,79세,중상
2021091200100131,2021년 9월 12일 12시,일요일,경기도 파주시 문산읍,부상신고사고,0,0,0,1,차대사람 - 차도통행중,안전운전불이행,포장 - 건조,기타,단일로 - 기타,승용,남,36세,상해없음,보행자,여,13세,부상신고
2021091200100183,2021년 9월 12일 14시,일요일,경기도 수원시 팔달구 남수동,경상사고,0,0,1,0,차대사람 - 기타,안전운전불이행,포장 - 건조,맑음,단일로 - 기타,승용,남,72세,상해없음,보행자,여,17세,경상