사고번호,사고일시,요일,시군구,사고내용,사망자수,중상자수,경상자수,부상신고자수,사고유형,법규위반,노면상태,기상상태,도로형태,가해운전자 차종,가해운전자 성별,가해운전자 연령,가해운전자 상해정도,피해운전자 차종,피해운전자 성별,피해운전자 연령,피해운전자 상해정도
2021091200100222,2021년 9월 12일 15시,일요일,경기도 이천시 중리동,중상사고,0,1,0,0,차대사람 - 차도통행중,안전운전불이행,포장 - 건조,맑음,단일로 - 기타,승용,여,47세,상해없음,보행자,남,60세,중상
2021091200100223,2021년 9월 12일 15시,일요일,경기도 광주시 남한산성면,경상사고,0,0,1,0,차대사람 - 기타,안전운전불이행,포장 - 건조,맑음,기타 - 기타,승용,남,63세,상해없음,보행자,남,51세,경상
2021091200100253,2021년 9월 12일 16시,일요일,경기도 안산시 상록구 본오동,중상사고,0,1,0,0,차대사람 - 기타,안전운전불이행,포장 - 건조,맑음,단일로 - 기타,승용,여,35세,상해없음,보행자,여,90세,중상
2021091200100294,2021년 9월 12일 17시,일요일,경기도 안산시 상록구 본오동,경상사고,0,0,1,0,차대사람 - 횡단중,신호위반,포장 - 건조,맑음,단일로 - 기타,화물,남,59세,상해없음,보행자,남,29세,경상
2021091200100333,2021년 9월 12일 18시,일요일,경기도 안산시 상록구 본오동,경상사고,0,0,1,0,차대사람 - 횡단중,신호위반,포장 - 건조,맑음,교차로 - 교차로횡단보도내,개인형이동수단(PM),남,12세,상해없음,보행자,여,27세,경상
2021091200100353,2021년 9월 12일 18시,일요일,경기도 의정부시 의정부동,경상사고,0,0,1,0,차대사람 - 횡단중,보행자보호의무위반,포장 - 건조,맑음,교차로 - 교차로횡단보도내,이륜,남,44세,상해없음,보행자,남,30세,경상
2021091200100357,2021년 9월 12일 18시,일요일,경기도 포천시 신읍동,경상사고,0,0,1,0,차대사람 - 횡단중,안전운전불이행,포장 - 건조,맑음,단일로 - 기타,이륜,남,17세,상해없음,보행자,남,71세,경상
2021091200100368,2021년 9월 12일 19시,일요일,경기도 수원시 팔달구 인계동,경상사고,0,0,2,0,차대사람 - 차도통행중,안전운전불이행,포장 - 건조,맑음,단일로 - 기타,승용,남,62세,상해없음,보행자,여,19세,경상
2021091200100370,2021년 9월 12일 19시,일요일,경기도 용인시 수지구 동천동,경상사고,0,0,2,0,차대사람 - 기타,안전운전불이행,포장 - 건조,맑음,기타 - 기타,개인형이동수단(PM),남,20세,경상,보행자,남,6세,경상
2021091200100372,2021년 9월 12일 19시,일요일,경기도 화성시 마도면,경상사고,0,0,1,0,차대사람 - 기타,안전운전불이행,포장 - 건조,맑음,교차로 - 교차로부근,화물,남,45세,상해없음,보행자,여,55세,상해없음
2021091300100007,2021년 9월 13일 01시,월요일,경기도 안산시 상록구 이동,중상사고,0,1,0,0,차대사람 - 횡단중,신호위반,포장 - 건조,맑음,교차로 - 교차로횡단보도내,승용,남,54세,상해없음,보행자,여,41세,중상
2021091300100080,2021년 9월 13일 08시,월요일,경기도 수원시 권선구 권선동,중상사고,0,1,0,0,차대사람 - 기타,보행자보호의무위반,포장 - 건조,맑음,교차로 - 교차로횡단보도내,승용,남,47세,상해없음,보행자,남,42세,중상
2021091300100119,2021년 9월 13일 09시,월요일,경기도 광주시 쌍령동,중상사고,0,1,0,0,차대사람 - 기타,안전운전불이행,포장 - 건조,맑음,주차장 - 주차장,승용,남,73세,상해없음,보행자,여,72세,중상
2021091300100149,2021년 9월 13일 10시,월요일,경기도 용인시 기흥구 중동,경상사고,0,0,1,0,차대사람 - 횡단중,보행자보호의무위반,포장 - 건조,맑음,기타 - 기타,승용,남,53세,상해없음,보행자,여,26세,경상
2021091300100154,2021년 9월 13일 10시,월요일,경기도 안산시 상록구 월피동,부상신고사고,0,0,0,2,차대사람 - 기타,안전운전불이행,포장 - 건조,맑음,단일로 - 기타,개인형이동수단(PM),남,77세,부상신고,보행자,여,53세,부상신고
2021091300100225,2021년 9월 13일 11시,월요일,경기도 고양시 일산서구 주엽동,경상사고,0,0,1,0,차대사람 - 기타,안전운전불이행,포장 - 건조,맑음,단일로 - 기타,자전거,남,23세,상해없음,보행자,남,81세,경상
2021091300100239,2021년 9월 13일 12시,월요일,경기도 군포시 당동,중상사고,0,1,0,0,차대사람 - 기타,안전운전불이행,포장 - 건조,맑음,교차로 - 교차로안,승용,남,59세,상해없음,보행자,남,57세,중상
2021091300100263,2021년 9월 13일 12시,월요일,경기도 고양시 덕양구 행신동,중상사고,0,1,0,0,차대사람 - 차도통행중,안전운전불이행,포장 - 건조,맑음,주차장 - 주차장,승용,여,54세,상해없음,보행자,남,45세,중상
2021091300100389,2021년 9월 13일 15시,월요일,경기도 파주시 월롱면,경상사고,0,0,1,0,차대사람 - 차도통행중,안전운전불이행,포장 - 건조,맑음,단일로 - 기타,승용,남,41세,상해없음,보행자,남,39세,경상
2021091300100398,2021년 9월 13일 16시,월요일,경기도 안양시 동안구 관양동,중상사고,0,1,0,0,차대사람 - 기타,안전운전불이행,포장 - 건조,맑음,교차로 - 교차로안,승용,여,63세,상해없음,보행자,여,86세,중상
2021091300100443,2021년 9월 13일 17시,월요일,경기도 성남시 수정구 단대동,중상사고,0,1,0,0,차대사람 - 기타,안전운전불이행,포장 - 건조,맑음,단일로 - 기타,이륜,남,25세,기타불명,보행자,여,64세,중상
2021091300100448,2021년 9월 13일 17시,월요일,경기도 수원시 영통구 매탄동,경상사고,0,0,1,0,차대사람 - 기타,안전운전불이행,포장 - 건조,맑음,교차로 - 교차로부근,승합,남,41세,상해없음,보행자,여,51세,경상
2021091300100453,2021년 9월 13일 17시,월요일,경기도 용인시 수지구 풍덕천동,경상사고,0,0,1,0,차대사람 - 기타,안전운전불이행,포장 - 건조,맑음,교차로 - 교차로횡단보도내,승합,남,60세,상해없음,보행자,여,51세,경상
2021091300100477,2021년 9월 13일 17시,월요일,경기도 남양주시 호평동,경상사고,0,0,1,0,차대사람 - 보도통행중,기타,포장 - 건조,맑음,단일로 - 기타,이륜,남,24세,상해없음,보행자,남,59세,경상
2021091300100489,2021년 9월 13일 18시,월요일,경기도 수원시 장안구 정자동,경상사고,0,0,1,0,차대사람 - 기타,안전운전불이행,포장 - 건조,맑음,교차로 - 교차로안,승용,남,78세,기타불명,보행자,여,44세,경상
2021091300100490,2021년 9월 13일 18시,월요일,경기도 평택시 팽성읍,중상사고,0,1,0,0,차대사람 - 기타,안전운전불이행,포장 - 건조,맑음,단일로 - 기타,승합,남,39세,상해없음,보행자,여,79세,중상
2021091300100499,2021년 9월 13일 18시,월요일,경기도 오산시 은계동,중상사고,0,1,0,0,차대사람 - 기타,안전운전불이행,포장 - 건조,맑음,교차로 - 교차로안,화물,남,58세,상해없음,보행자,여,82세,중상
2021091300100502,2021년 9월 13일 18시,월요일,경기도 수원시 영통구 망포동,경상사고,0,0,1,0,차대사람 - 기타,안전운전불이행,포장 - 건조,맑음,기타 - 기타,자전거,남,10세,기타불명,보행자,여,33세,경상
2021091300100535,2021년 9월 13일 19시,월요일,경기도 광주시 초월읍,부상신고사고,0,0,0,1,차대사람 - 횡단중,안전운전불이행,포장 - 건조,맑음,단일로 - 기타,원동기,남,17세,상해없음,보행자,남,30세,부상신고
2021091300100541,2021년 9월 13일 19시,월요일,경기도 화성시 반송동,중상사고,0,1,0,0,차대사람 - 횡단중,보행자보호의무위반,포장 - 건조,맑음,단일로 - 기타,이륜,남,40세,상해없음,보행자,여,10세,중상
2021091300100572,2021년 9월 13일 19시,월요일,경기도 파주시 금촌동,경상사고,0,0,1,0,차대사람 - 기타,안전운전불이행,포장 - 건조,맑음,단일로 - 기타,승합,남,50세,기타불명,보행자,여,27세,경상
2021091300100610,2021년 9월 13일 21시,월요일,경기도 성남시 중원구 상대원동,부상신고사고,0,0,0,1,차대사람 - 길가장자리구역통행중,안전운전불이행,포장 - 건조,맑음,교차로 - 교차로부근,승용,남,26세,상해없음,보행자,남,47세,부상신고
2021091300100611,2021년 9월 13일 21시,월요일,경기도 시흥시 정왕동,경상사고,0,0,1,0,차대사람 - 기타,안전운전불이행,포장 - 건조,맑음,단일로 - 기타,승용,여,49세,상해없음,보행자,남,44세,경상
2021091300100658,2021년 9월 13일 22시,월요일,경기도 고양시 일산서구 탄현동,경상사고,0,0,1,0,차대사람 - 기타,신호위반,포장 - 건조,맑음,단일로 - 기타,이륜,남,17세,상해없음,보행자,남,40세,경상
2021091400100046,2021년 9월 14일 06시,화요일,경기도 고양시 일산동구 마두동,경상사고,0,0,1,0,차대사람 - 기타,안전운전불이행,포장 - 건조,맑음,단일로 - 기타,자전거,남,61세,경상,보행자,여,65세,상해없음
2021091400100096,2021년 9월 14일 08시,화요일,경기도 용인시 기흥구 농서동,경상사고,0,0,1,0,차대사람 - 횡단중,보행자보호의무위반,포장 - 건조,맑음,교차로 - 교차로부근,승용,남,33세,상해없음,보행자,남,51세,경상
2021091400100102,2021년 9월 14일 08시,화요일,경기도 화성시 비봉면,경상사고,0,0,1,0,차대사람 - 기타,안전운전불이행,포장 - 건조,맑음,단일로 - 기타,승용,남,59세,상해없음,보행자,여,14세,경상
2021091400100103,2021년 9월 14일 08시,화요일,경기도 부천시 오정동,부상신고사고,0,0,0,1,차대사람 - 기타,안전운전불이행,포장 - 젖음/습기,비,단일로 - 기타,자전거,남,52세,상해없음,보행자,여,71세,부상신고
2021091400100130,2021년 9월 14일 08시,화요일,경기도 구리시 수택동,경상사고,0,0,1,0,차대사람 - 기타,보행자보호의무위반,포장 - 건조,맑음,교차로 - 교차로횡단보도내,화물,남,51세,상해없음,보행자,여,22세,경상
2021091400100189,2021년 9월 14일 10시,화요일,경기도 의왕시 삼동,부상신고사고,0,0,0,1,차대사람 - 길가장자리구역통행중,안전운전불이행,포장 - 건조,맑음,교차로 - 교차로부근,건설기계,남,48세,상해없음,보행자,여,73세,부상신고
2021091400100190,2021년 9월 14일 10시,화요일,경기도 안양시 만안구 안양동,중상사고,0,1,0,0,차대사람 - 횡단중,보행자보호의무위반,포장 - 건조,맑음,교차로 - 교차로횡단보도내,화물,남,67세,상해없음,보행자,여,59세,중상
2021091400100308,2021년 9월 14일 13시,화요일,경기도 여주시 오학동,경상사고,0,0,1,0,차대사람 - 기타,안전운전불이행,포장 - 건조,맑음,교차로 - 교차로안,승용,남,58세,상해없음,보행자,남,63세,경상
2021091400100309,2021년 9월 14일 13시,화요일,경기도 부천시 소사본동,중상사고,0,1,0,0,차대사람 - 기타,안전운전불이행,포장 - 건조,맑음,단일로 - 기타,승합,남,48세,상해없음,보행자,여,71세,중상
2021091400100337,2021년 9월 14일 13시,화요일,경기도 고양시 덕양구 토당동,경상사고,0,0,1,0,차대사람 - 차도통행중,안전운전불이행,포장 - 건조,맑음,단일로 - 기타,승용,여,52세,상해없음,보행자,여,65세,경상
2021091400100399,2021년 9월 14일 15시,화요일,경기도 성남시 분당구 정자동,경상사고,0,0,1,0,차대사람 - 횡단중,보행자보호의무위반,포장 - 건조,맑음,교차로 - 교차로안,승용,남,62세,상해없음,보행자,남,33세,경상
2021091400100400,2021년 9월 14일 15시,화요일,경기도 안산시 상록구 본오동,경상사고,0,0,1,0,차대사람 - 기타,안전운전불이행,포장 - 건조,맑음,기타 - 기타,승합,남,64세,상해없음,보행자,여,51세,경상
2021091400100428,2021년 9월 14일 15시,화요일,경기도 고양시 일산동구 장항동,경상사고,0,0,1,0,차대사람 - 기타,안전운전불이행,포장 - 건조,맑음,단일로 - 기타,승용,남,73세,상해없음,보행자,여,51세,경상
2021091400100432,2021년 9월 14일 15시,화요일,경기도 고양시 일산서구 덕이동,중상사고,0,1,0,0,차대사람 - 보도통행중,안전운전불이행,포장 - 건조,맑음,기타 - 기타,승용,남,53세,상해없음,보행자,남,47세,중상
2021091400100448,2021년 9월 14일 16시,화요일,경기도 이천시 송정동,경상사고,0,0,1,0,차대사람 - 횡단중,보행자보호의무위반,포장 - 건조,맑음,단일로 - 기타,승용,남,66세,상해없음,보행자,남,11세,경상
2021091400100501,2021년 9월 14일 17시,화요일,경기도 안양시 동안구 호계동,중상사고,0,1,0,0,차대사람 - 기타,기타,포장 - 건조,기타,단일로 - 기타,승합,남,67세,상해없음,보행자,여,19세,중상
2021091400100502,2021년 9월 14일 17시,화요일,경기도 광주시 쌍령동,경상사고,0,0,1,0,차대사람 - 길가장자리구역통행중,안전운전불이행,포장 - 건조,맑음,교차로 - 교차로부근,승용,남,34세,상해없음,보행자,여,63세,경상
2021091400100507,2021년 9월 14일 17시,화요일,경기도 용인시 수지구 성복동,경상사고,0,0,1,0,차대사람 - 기타,기타,포장 - 건조,맑음,단일로 - 기타,승합,남,54세,상해없음,보행자,여,75세,경상
2021091400100536,2021년 9월 14일 17시,화요일,경기도 고양시 일산동구 설문동,경상사고,0,0,1,0,차대사람 - 횡단중,기타,포장 - 건조,맑음,단일로 - 기타,승용,남,76세,상해없음,보행자,남,21세,경상
2021091400100552,2021년 9월 14일 18시,화요일,경기도 수원시 장안구 율전동,경상사고,0,0,1,0,차대사람 - 기타,안전운전불이행,포장 - 건조,맑음,단일로 - 기타,승용,남,48세,상해없음,보행자,여,63세,경상
2021091400100576,2021년 9월 14일 18시,화요일,경기도 의정부시 용현동,중상사고,0,1,1,0,차대사람 - 기타,안전운전불이행,포장 - 건조,맑음,교차로 - 교차로부근,승용,여,49세,상해없음,보행자,여,59세,경상
2021091400100580,2021년 9월 14일 18시,화요일,경기도 남양주시 진접읍,경상사고,0,0,1,0,차대사람 - 횡단중,안전운전불이행,포장 - 건조,맑음,기타 - 기타,승용,여,47세,상해없음,보행자,남,65세,경상
2021091400100591,2021년 9월 14일 19시,화요일,경기도 김포시 고촌읍,중상사고,0,1,0,0,차대사람 - 차도통행중,안전운전불이행,포장 - 기타,맑음,교차로 - 교차로안,승용,여,67세,상해없음,보행자,여,83세,중상
2021091400100599,2021년 9월 14일 19시,화요일,경기도 용인시 수지구 상현동,중상사고,0,1,0,0,차대사람 - 보도통행중,신호위반,포장 - 건조,기타,교차로 - 교차로안,승용,여,56세,상해없음,보행자,남,54세,중상
2021091400100629,2021년 9월 14일 19시,화요일,경기도 고양시 일산동구 식사동,부상신고사고,0,0,0,1,차대사람 - 기타,안전운전불이행,포장 - 건조,맑음,주차장 - 주차장,기타불명,기타불명,미분류,기타불명,보행자,여,27세,부상신고
2021091400100677,2021년 9월 14일 21시,화요일,경기도 수원시 장안구 율전동,중상사고,0,1,0,0,차대사람 - 횡단중,안전운전불이행,포장 - 건조,맑음,단일로 - 기타,이륜,남,40세,상해없음,보행자,여,59세,중상
2021091400100680,2021년 9월 14일 21시,화요일,경기도 김포시 걸포동,경상사고,0,0,1,0,차대사람 - 횡단중,안전운전불이행,포장 - 건조,맑음,교차로 - 교차로안,원동기,남,60세,상해없음,보행자,남,23세,경상
2021091400100682,2021년 9월 14일 21시,화요일,경기도 수원시 팔달구 고등동,경상사고,0,0,1,0,차대사람 - 기타,안전운전불이행,포장 - 건조,맑음,단일로 - 기타,승합,남,75세,상해없음,보행자,남,43세,경상
2021091500100003,2021년 9월 15일 00시,수요일,경기도 수원시 장안구 영화동,중상사고,0,1,0,0,차대사람 - 기타,안전운전불이행,포장 - 건조,맑음,교차로 - 교차로안,승용,남,27세,상해없음,보행자,남,57세,중상
2021091500100007,2021년 9월 15일 00시,수요일,경기도 동두천시 생연동,중상사고,0,1,0,0,차대사람 - 기타,안전운전불이행,포장 - 건조,맑음,단일로 - 기타,화물,남,52세,상해없음,보행자,남,59세,중상
2021091500100017,2021년 9월 15일 02시,수요일,경기도 여주시 천송동,중상사고,0,1,0,0,차대사람 - 기타,안전운전불이행,포장 - 건조,맑음,단일로 - 기타,승용,남,64세,상해없음,보행자,남,64세,중상
2021091500100032,2021년 9월 15일 05시,수요일,경기도 시흥시 안현동,중상사고,0,1,0,0,차대사람 - 기타,안전운전불이행,포장 - 건조,맑음,기타 - 기타,승용,남,39세,상해없음,보행자,남,55세,중상
2021091500100047,2021년 9월 15일 06시,수요일,경기도 연천군 전곡읍,중상사고,0,1,0,0,차대사람 - 기타,안전운전불이행,포장 - 건조,맑음,교차로 - 교차로부근,승용,여,48세,상해없음,보행자,여,68세,중상
2021091500100054,2021년 9월 15일 07시,수요일,경기도 용인시 기흥구 상갈동,중상사고,0,1,0,0,차대사람 - 횡단중,보행자보호의무위반,포장 - 건조,맑음,단일로 - 기타,승용,여,38세,상해없음,보행자,남,70세,중상
2021091500100092,2021년 9월 15일 08시,수요일,경기도 오산시 오산동,중상사고,0,1,0,0,차대사람 - 차도통행중,보행자보호의무위반,포장 - 건조,맑음,단일로 - 기타,승용,남,52세,상해없음,보행자,남,46세,중상
2021091500100152,2021년 9월 15일 09시,수요일,경기도 용인시 기흥구 신갈동,경상사고,0,0,1,0,차대사람 - 기타,안전운전불이행,포장 - 건조,맑음,단일로 - 기타,개인형이동수단(PM),남,27세,상해없음,보행자,여,55세,경상
2021091500100153,2021년 9월 15일 09시,수요일,경기도 부천시 역곡동,경상사고,0,0,1,0,차대사람 - 기타,교차로운행방법위반,포장 - 건조,맑음,교차로 - 교차로안,승용,남,74세,상해없음,보행자,여,29세,경상
2021091500100154,2021년 9월 15일 09시,수요일,경기도 광명시 광명동,경상사고,0,0,1,0,차대사람 - 기타,안전운전불이행,포장 - 건조,맑음,기타 - 기타,승용,남,58세,상해없음,보행자,여,77세,경상
2021091500100225,2021년 9월 15일 10시,수요일,경기도 의정부시 의정부동,경상사고,0,0,1,0,차대사람 - 횡단중,신호위반,포장 - 건조,맑음,교차로 - 교차로횡단보도내,승용,남,46세,상해없음,보행자,남,60세,경상
2021091500100237,2021년 9월 15일 11시,수요일,경기도 용인시 기흥구 보라동,부상신고사고,0,0,0,1,차대사람 - 차도통행중,안전운전불이행,포장 - 건조,맑음,단일로 - 기타,승용,남,45세,상해없음,보행자,여,70세,부상신고
2021091500100261,2021년 9월 15일 11시,수요일,경기도 파주시 적성면,경상사고,0,0,1,0,차대사람 - 기타,안전운전불이행,포장 - 건조,맑음,주차장 - 주차장,승용,남,72세,상해없음,보행자,남,22세,경상
2021091500100272,2021년 9월 15일 12시,수요일,경기도 수원시 장안구 송죽동,경상사고,0,0,1,0,차대사람 - 횡단중,보행자보호의무위반,포장 - 건조,맑음,단일로 - 기타,승용,여,35세,상해없음,보행자,남,73세,경상
2021091500100273,2021년 9월 15일 12시,수요일,경기도 안성시 석정동,경상사고,0,0,1,0,차대사람 - 횡단중,보행자보호의무위반,포장 - 건조,맑음,교차로 - 교차로횡단보도내,이륜,남,26세,상해없음,보행자,여,61세,경상
2021091500100310,2021년 9월 15일 13시,수요일,경기도 화성시 청계동,경상사고,0,0,1,0,차대사람 - 보도통행중,기타,포장 - 건조,맑음,기타 - 기타,이륜,남,21세,상해없음,보행자,남,26세,경상
2021091500100384,2021년 9월 15일 14시,수요일,경기도 남양주시 평내동,중상사고,0,1,0,0,차대사람 - 보도통행중,신호위반,포장 - 건조,맑음,교차로 - 교차로횡단보도내,승용,여,48세,상해없음,보행자,여,9세,중상
2021091500100398,2021년 9월 15일 15시,수요일,경기도 여주시 홍문동,중상사고,0,1,0,0,차대사람 - 횡단중,보행자보호의무위반,포장 - 건조,맑음,교차로 - 교차로횡단보도내,승합,남,47세,상해없음,보행자,여,8세,중상
2021091500100403,2021년 9월 15일 15시,수요일,경기도 시흥시 산현동,중상사고,0,1,0,0,차대사람 - 기타,안전운전불이행,포장 - 건조,맑음,단일로 - 기타,승용,여,39세,상해없음,보행자,여,73세,중상
2021091500100451,2021년 9월 15일 16시,수요일,경기도 수원시 장안구 파장동,중상사고,0,1,0,0,차대사람 - 횡단중,신호위반,포장 - 건조,맑음,단일로 - 기타,승용,남,19세,상해없음,보행자,여,68세,중상
2021091500100488,2021년 9월 15일 16시,수요일,경기도 고양시 일산서구 덕이동,부상신고사고,0,0,0,1,차대사람 - 기타,안전운전불이행,포장 - 건조,맑음,단일로 - 기타,기타불명,기타불명,미분류,기타불명,보행자,남,47세,부상신고
2021091500100489,2021년 9월 15일 16시,수요일,경기도 남양주시 진접읍,경상사고,0,0,1,0,차대사람 - 횡단중,안전운전불이행,포장 - 건조,맑음,단일로 - 기타,개인형이동수단(PM),남,16세,상해없음,보행자,여,73세,경상
2021091500100506,2021년 9월 15일 17시,수요일,경기도 성남시 수정구 신흥동,경상사고,0,0,1,0,차대사람 - 기타,안전운전불이행,포장 - 건조,맑음,교차로 - 교차로부근,승용,남,61세,상해없음,보행자,여,65세,경상
2021091500100512,2021년 9월 15일 17시,수요일,경기도 양평군 강상면,중상사고,0,1,0,0,차대사람 - 횡단중,보행자보호의무위반,포장 - 건조,맑음,단일로 - 기타,승용,남,56세,상해없음,보행자,남,72세,중상
2021091500100513,2021년 9월 15일 17시,수요일,경기도 오산시 원동,경상사고,0,0,1,0,차대사람 - 기타,안전운전불이행,포장 - 건조,맑음,기타 - 기타,승용,남,62세,상해없음,보행자,여,25세,경상
2021091500100542,2021년 9월 15일 17시,수요일,경기도 파주시 금릉동,경상사고,0,0,1,0,차대사람 - 차도통행중,보행자보호의무위반,포장 - 건조,맑음,단일로 - 기타,승용,남,29세,상해없음,보행자,남,66세,경상
2021091500100546,2021년 9월 15일 17시,수요일,경기도 고양시 일산서구 대화동,경상사고,0,0,1,0,차대사람 - 횡단중,안전운전불이행,포장 - 건조,맑음,교차로 - 교차로부근,승용,남,66세,상해없음,보행자,여,24세,경상
2021091500100564,2021년 9월 15일 18시,수요일,경기도 성남시 수정구 신흥동,중상사고,0,1,0,0,차대사람 - 기타,안전운전불이행,포장 - 건조,흐림,단일로 - 기타,승용,남,60세,상해없음,보행자,여,54세,중상
2021091500100569,2021년 9월 15일 18시,수요일,경기도 부천시 원미동,중상사고,0,1,0,0,차대사람 - 횡단중,보행자보호의무위반,포장 - 건조,맑음,단일로 - 기타,승용,여,43세,상해없음,보행자,여,62세,중상
2021091500100572,2021년 9월 15일 18시,수요일,경기도 시흥시 정왕동,중상사고,0,1,0,0,차대사람 - 횡단중,신호위반,포장 - 건조,맑음,단일로 - 기타,승용,여,30세,상해없음,보행자,여,10세,중상
2021091500100580,2021년 9월 15일 18시,수요일,경기도 화성시 반월동,중상사고,0,1,0,0,차대사람 - 횡단중,신호위반,포장 - 건조,맑음,단일로 - 기타,승용,남,36세,상해없음,보행자,여,62세,중상
2021091500100652,2021년 9월 15일 19시,수요일,경기도 파주시 동패동,부상신고사고,0,0,0,1,차대사람 - 기타,기타,포장 - 건조,맑음,단일로 - 기타,자전거,기타불명,미분류,기타불명,보행자,여,29세,부상신고
2021091500100653,2021년 9월 15일 19시,수요일,경기도 양주시 광적면,경상사고,0,0,1,0,차대사람 - 기타,안전운전불이행,포장 - 건조,맑음,교차로 - 교차로안,화물,남,63세,상해없음,보행자,남,49세,경상
2021091500100669,2021년 9월 15일 20시,수요일,경기도 용인시 처인구 양지면,중상사고,0,1,0,0,차대사람 - 차도통행중,안전운전불이행,포장 - 건조,맑음,교차로 - 교차로안,승용,남,52세,상해없음,보행자,여,66세,중상
2021091500100670,2021년 9월 15일 20시,수요일,경기도 부천시 상동,중상사고,0,1,0,0,차대사람 - 기타,안전운전불이행,포장 - 건조,맑음,단일로 - 기타,이륜,남,19세,상해없음,보행자,여,50세,중상
2021091500100671,2021년 9월 15일 20시,수요일,경기도 용인시 수지구 성복동,중상사고,0,1,0,0,차대사람 - 보도통행중,보행자보호의무위반,포장 - 건조,맑음,단일로 - 기타,승용,남,48세,상해없음,보행자,여,20세,중상
2021091500100673,2021년 9월 15일 20시,수요일,경기도 화성시 병점동,경상사고,0,0,1,0,차대사람 - 횡단중,보행자보호의무위반,포장 - 건조,맑음,교차로 - 교차로안,승용,남,26세,상해없음,보행자,남,49세,경상
2021091500100686,2021년 9월 15일 20시,수요일,경기도 구리시 수택동,경상사고,0,0,1,0,차대사람 - 기타,안전운전불이행,포장 - 건조,맑음,단일로 - 기타,승합,남,63세,상해없음,보행자,여,63세,경상
2021091500100701,2021년 9월 15일 21시,수요일,경기도 시흥시 은행동,부상신고사고,0,0,0,1,차대사람 - 기타,안전운전불이행,포장 - 건조,맑음,기타 - 기타,승용,남,69세,상해없음,보행자,남,48세,부상신고
2021091500100730,2021년 9월 15일 22시,수요일,경기도 안산시 단원구 와동,중상사고,0,1,0,0,차대사람 - 횡단중,안전운전불이행,포장 - 건조,맑음,단일로 - 기타,이륜,남,49세,상해없음,보행자,여,24세,중상
2021091500100749,2021년 9월 15일 23시,수요일,경기도 수원시 권선구 서둔동,경상사고,0,0,1,0,차대사람 - 기타,안전운전불이행,포장 - 건조,흐림,교차로 - 교차로횡단보도내,승용,남,39세,상해없음,보행자,남,29세,경상
2021091600100027,2021년 9월 16일 06시,목요일,경기도 안양시 동안구 관양동,경상사고,0,0,1,0,차대사람 - 차도통행중,기타,포장 - 건조,맑음,교차로 - 교차로안,기타불명,기타불명,미분류,기타불명,보행자,남,26세,경상
2021091600100047,2021년 9월 16일 07시,목요일,경기도 시흥시 물왕동,경상사고,0,0,1,0,차대사람 - 기타,보행자보호의무위반,포장 - 건조,맑음,단일로 - 기타,승용,여,45세,상해없음,보행자,여,27세,경상
2021091600100093,2021년 9월 16일 08시,목요일,경기도 하남시 선동,경상사고,0,0,1,0,차대사람 - 기타,안전운전불이행,포장 - 건조,맑음,단일로 - 기타,자전거,남,60세,상해없음,보행자,여,72세,경상
2021091600100122,2021년 9월 16일 08시,목요일,경기도 양주시 삼숭동,경상사고,0,0,1,0,차대사람 - 차도통행중,안전운전불이행,포장 - 건조,맑음,교차로 - 교차로안,승용,여,37세,상해없음,보행자,여,24세,경상
2021091600100131,2021년 9월 16일 09시,목요일,경기도 수원시 팔달구 우만동,중상사고,0,1,0,0,차대사람 - 횡단중,신호위반,포장 - 건조,맑음,교차로 - 교차로횡단보도내,화물,남,67세,상해없음,보행자,남,44세,중상
2021091600100134,2021년 9월 16일 09시,목요일,경기도 안산시 단원구 원시동,경상사고,0,0,1,0,차대사람 - 횡단중,안전운전불이행,포장 - 건조,맑음,단일로 - 기타,화물,남,34세,기타불명,보행자,남,50세,경상
2021091600100187,2021년 9월 16일 10시,목요일,경기도 파주시 야동동,중상사고,0,1,0,0,차대사람 - 차도통행중,안전운전불이행,포장 - 건조,맑음,교차로 - 교차로부근,승용,남,56세,상해없음,보행자,남,62세,중상
2021091600100234,2021년 9월 16일 12시,목요일,경기도 광주시 오포읍,경상사고,0,0,1,0,차대사람 - 기타,안전운전불이행,포장 - 건조,맑음,교차로 - 교차로안,승용,남,49세,상해없음,보행자,남,44세,경상
2021091600100277,2021년 9월 16일 13시,목요일,경기도 광주시 쌍령동,경상사고,0,0,1,0,차대사람 - 횡단중,안전운전불이행,포장 - 건조,맑음,단일로 - 기타,승용,여,65세,상해없음,보행자,남,81세,경상
2021091600100304,2021년 9월 16일 13시,목요일,경기도 파주시 문산읍,중상사고,0,1,0,0,차대사람 - 횡단중,보행자보호의무위반,포장 - 건조,맑음,교차로 - 교차로안,승용,여,23세,상해없음,보행자,여,40세,중상
2021091600100321,2021년 9월 16일 14시,목요일,경기도 평택시 이충동,경상사고,0,0,1,0,차대사람 - 기타,안전운전불이행,포장 - 건조,맑음,교차로 - 교차로안,승용,여,68세,상해없음,보행자,여,83세,경상
2021091600100330,2021년 9월 16일 14시,목요일,경기도 성남시 중원구 성남동,경상사고,0,0,1,0,차대사람 - 길가장자리구역통행중,안전운전불이행,포장 - 건조,맑음,단일로 - 기타,승용,남,40세,상해없음,보행자,남,25세,경상
2021091600100372,2021년 9월 16일 15시,목요일,경기도 광주시 쌍령동,경상사고,0,0,1,0,차대사람 - 기타,안전운전불이행,포장 - 건조,맑음,기타 - 기타,화물,남,36세,상해없음,보행자,남,29세,경상