사고번호,사고일시,요일,시군구,사고내용,사망자수,중상자수,경상자수,부상신고자수,사고유형,법규위반,노면상태,기상상태,도로형태,가해운전자 차종,가해운전자 성별,가해운전자 연령,가해운전자 상해정도,피해운전자 차종,피해운전자 성별,피해운전자 연령,피해운전자 상해정도
2021091600100373,2021년 9월 16일 15시,목요일,경기도 부천시 중동,경상사고,0,0,1,0,차대사람 - 기타,보행자보호의무위반,포장 - 건조,맑음,교차로 - 교차로횡단보도내,승용,남,57세,상해없음,보행자,여,20세,경상
2021091600100381,2021년 9월 16일 15시,목요일,경기도 화성시 반정동,경상사고,0,0,1,0,차대사람 - 기타,안전운전불이행,포장 - 건조,맑음,단일로 - 기타,승용,여,54세,상해없음,보행자,남,27세,경상
2021091600100416,2021년 9월 16일 16시,목요일,경기도 부천시 심곡동,경상사고,0,0,1,0,차대사람 - 기타,안전운전불이행,포장 - 건조,맑음,단일로 - 기타,승합,남,61세,상해없음,보행자,남,24세,경상
2021091600100465,2021년 9월 16일 17시,목요일,경기도 수원시 영통구 매탄동,경상사고,0,0,1,0,차대사람 - 횡단중,신호위반,포장 - 건조,맑음,교차로 - 교차로횡단보도내,화물,남,23세,상해없음,보행자,여,28세,경상
2021091600100560,2021년 9월 16일 19시,목요일,경기도 부천시 심곡본동,중상사고,0,1,0,0,차대사람 - 기타,중앙선침범,포장 - 건조,맑음,단일로 - 기타,승용,남,71세,상해없음,보행자,남,70세,중상
2021091600100561,2021년 9월 16일 19시,목요일,경기도 안산시 단원구 고잔동,경상사고,0,0,1,0,차대사람 - 기타,기타,포장 - 건조,맑음,단일로 - 기타,승용,남,41세,상해없음,보행자,남,46세,경상
2021091600100605,2021년 9월 16일 20시,목요일,경기도 평택시 신장동,경상사고,0,0,1,0,차대사람 - 기타,안전운전불이행,포장 - 건조,맑음,교차로 - 교차로안,승용,여,29세,상해없음,보행자,남,62세,경상
2021091600100609,2021년 9월 16일 20시,목요일,경기도 시흥시 논곡동,경상사고,0,0,1,0,차대사람 - 횡단중,보행자보호의무위반,포장 - 건조,맑음,교차로 - 교차로횡단보도내,승용,여,57세,상해없음,보행자,여,10세,경상
2021091600100613,2021년 9월 16일 20시,목요일,경기도 부천시 원종동,경상사고,0,0,1,0,차대사람 - 기타,안전운전불이행,포장 - 건조,맑음,단일로 - 기타,승합,남,73세,상해없음,보행자,여,63세,경상
2021091600100614,2021년 9월 16일 20시,목요일,경기도 화성시 진안동,경상사고,0,0,1,0,차대사람 - 횡단중,보행자보호의무위반,포장 - 건조,맑음,교차로 - 교차로안,기타불명,기타불명,미분류,기타불명,보행자,남,39세,경상
2021091600100657,2021년 9월 16일 21시,목요일,경기도 파주시 문산읍,중상사고,0,1,0,0,차대사람 - 기타,안전운전불이행,포장 - 건조,맑음,단일로 - 기타,승용,남,55세,상해없음,보행자,남,55세,중상
2021091600100668,2021년 9월 16일 22시,목요일,경기도 수원시 장안구 정자동,경상사고,0,0,1,0,차대사람 - 보도통행중,기타,포장 - 건조,맑음,기타 - 기타,승용,남,38세,상해없음,보행자,남,25세,경상
2021091600100688,2021년 9월 16일 22시,목요일,경기도 고양시 덕양구 주교동,경상사고,0,0,1,0,차대사람 - 기타,안전운전불이행,포장 - 건조,맑음,주차장 - 주차장,화물,남,45세,상해없음,보행자,남,56세,경상
2021091600100690,2021년 9월 16일 23시,목요일,경기도 이천시 부발읍,중상사고,0,1,0,0,차대사람 - 차도통행중,안전운전불이행,포장 - 건조,맑음,단일로 - 기타,화물,남,47세,상해없음,보행자,여,28세,중상
2021091700100004,2021년 9월 17일 00시,금요일,경기도 성남시 분당구 금곡동,경상사고,0,0,1,0,차대사람 - 기타,안전운전불이행,포장 - 건조,맑음,단일로 - 기타,승합,남,40세,상해없음,보행자,남,65세,경상
2021091700100043,2021년 9월 17일 05시,금요일,경기도 양주시 광사동,중상사고,0,1,0,0,차대사람 - 횡단중,안전운전불이행,포장 - 건조,맑음,교차로 - 교차로안,승용,여,66세,상해없음,보행자,여,78세,중상
2021091700100118,2021년 9월 17일 08시,금요일,경기도 고양시 덕양구 화정동,경상사고,0,0,1,0,차대사람 - 횡단중,안전운전불이행,포장 - 건조,맑음,교차로 - 교차로부근,승용,여,58세,상해없음,보행자,남,16세,경상
2021091700100132,2021년 9월 17일 09시,금요일,경기도 수원시 장안구 정자동,경상사고,0,0,1,0,차대사람 - 기타,안전운전불이행,포장 - 건조,맑음,단일로 - 기타,승합,남,54세,상해없음,보행자,남,34세,경상
2021091700100136,2021년 9월 17일 09시,금요일,경기도 광명시 소하동,경상사고,0,0,1,0,차대사람 - 횡단중,안전운전불이행,포장 - 건조,맑음,단일로 - 기타,화물,남,31세,상해없음,보행자,여,67세,경상
2021091700100138,2021년 9월 17일 09시,금요일,경기도 성남시 중원구 상대원동,경상사고,0,0,1,0,차대사람 - 차도통행중,안전운전불이행,포장 - 건조,맑음,단일로 - 기타,승용,여,36세,상해없음,보행자,남,60세,경상
2021091700100177,2021년 9월 17일 10시,금요일,경기도 안산시 상록구 월피동,경상사고,0,0,1,0,차대사람 - 기타,안전운전불이행,포장 - 건조,맑음,기타 - 기타,화물,남,51세,상해없음,보행자,여,70세,경상
2021091700100254,2021년 9월 17일 11시,금요일,경기도 남양주시 진접읍,중상사고,0,1,0,0,차대사람 - 횡단중,안전운전불이행,포장 - 건조,맑음,교차로 - 교차로안,화물,남,64세,상해없음,보행자,여,76세,중상
2021091700100265,2021년 9월 17일 12시,금요일,경기도 평택시 비전동,중상사고,0,1,0,0,차대사람 - 보도통행중,중앙선침범,포장 - 건조,맑음,단일로 - 기타,이륜,남,21세,상해없음,보행자,여,23세,중상
2021091700100266,2021년 9월 17일 12시,금요일,경기도 안양시 동안구 관양동,부상신고사고,0,0,0,1,차대사람 - 기타,안전운전불이행,포장 - 건조,맑음,단일로 - 기타,자전거,남,91세,부상신고,보행자,남,27세,상해없음
2021091700100330,2021년 9월 17일 13시,금요일,경기도 안양시 만안구 안양동,중상사고,0,1,0,0,차대사람 - 기타,보행자보호의무위반,포장 - 건조,맑음,교차로 - 교차로안,승용,여,26세,상해없음,보행자,남,8세,중상
2021091700100366,2021년 9월 17일 14시,금요일,경기도 광주시 송정동,중상사고,0,1,0,0,차대사람 - 기타,안전운전불이행,포장 - 건조,맑음,단일로 - 기타,화물,남,53세,상해없음,보행자,여,48세,중상
2021091700100367,2021년 9월 17일 14시,금요일,경기도 부천시 괴안동,중상사고,0,1,0,0,차대사람 - 기타,보행자보호의무위반,포장 - 건조,맑음,단일로 - 기타,승용,여,30세,상해없음,보행자,여,6세,중상
2021091700100417,2021년 9월 17일 15시,금요일,경기도 광주시 오포읍,중상사고,0,1,0,0,차대사람 - 기타,안전운전불이행,포장 - 건조,맑음,단일로 - 기타,승용,여,54세,상해없음,보행자,여,55세,중상
2021091700100475,2021년 9월 17일 16시,금요일,경기도 이천시 중리동,경상사고,0,0,1,0,차대사람 - 횡단중,안전운전불이행,포장 - 건조,맑음,교차로 - 교차로부근,승용,여,35세,상해없음,보행자,여,26세,경상
2021091700100485,2021년 9월 17일 16시,금요일,경기도 화성시 오산동,중상사고,0,1,0,0,차대사람 - 횡단중,신호위반,포장 - 건조,맑음,단일로 - 기타,승용,여,41세,상해없음,보행자,남,32세,중상
2021091700100511,2021년 9월 17일 16시,금요일,경기도 양주시 고암동,부상신고사고,0,0,0,1,차대사람 - 기타,안전운전불이행,포장 - 건조,맑음,교차로 - 교차로부근,승합,여,51세,상해없음,보행자,여,80세,부상신고
2021091700100512,2021년 9월 17일 16시,금요일,경기도 동두천시 생연동,경상사고,0,0,1,0,차대사람 - 기타,신호위반,포장 - 건조,맑음,단일로 - 기타,승용,여,71세,상해없음,보행자,남,2세,경상
2021091700100546,2021년 9월 17일 17시,금요일,경기도 수원시 권선구 탑동,경상사고,0,0,1,0,차대사람 - 횡단중,안전운전불이행,포장 - 건조,맑음,교차로 - 교차로안,승용,남,68세,상해없음,보행자,여,86세,경상
2021091700100596,2021년 9월 17일 18시,금요일,경기도 수원시 장안구 조원동,경상사고,0,0,1,0,차대사람 - 횡단중,안전운전불이행,포장 - 건조,맑음,교차로 - 교차로횡단보도내,승용,남,43세,상해없음,보행자,남,60세,경상
2021091700100597,2021년 9월 17일 18시,금요일,경기도 광주시 경안동,경상사고,0,0,1,0,차대사람 - 기타,안전운전불이행,포장 - 건조,맑음,교차로 - 교차로부근,승용,여,51세,기타불명,보행자,남,17세,경상
2021091700100604,2021년 9월 17일 18시,금요일,경기도 시흥시 정왕동,부상신고사고,0,0,0,1,차대사람 - 기타,안전운전불이행,포장 - 건조,맑음,기타 - 기타,승용,여,62세,상해없음,보행자,남,50세,부상신고
2021091700100609,2021년 9월 17일 18시,금요일,경기도 화성시 산척동,경상사고,0,0,1,0,차대사람 - 기타,안전운전불이행,포장 - 건조,맑음,단일로 - 기타,자전거,남,13세,상해없음,보행자,여,3세,경상
2021091700100657,2021년 9월 17일 19시,금요일,경기도 오산시 세교동,경상사고,0,0,1,0,차대사람 - 횡단중,보행자보호의무위반,포장 - 건조,맑음,교차로 - 교차로안,승용,남,50세,상해없음,보행자,남,57세,경상
2021091700100663,2021년 9월 17일 19시,금요일,경기도 수원시 팔달구 매산로1가,경상사고,0,0,1,0,차대사람 - 기타,안전운전불이행,포장 - 건조,맑음,단일로 - 기타,승용,남,78세,상해없음,보행자,여,60세,경상
2021091700100694,2021년 9월 17일 19시,금요일,경기도 의정부시 의정부동,중상사고,0,1,0,0,차대사람 - 기타,기타,포장 - 건조,맑음,교차로 - 교차로안,화물,남,58세,상해없음,보행자,남,6세,중상
2021091700100695,2021년 9월 17일 19시,금요일,경기도 고양시 덕양구 신원동,경상사고,0,0,1,0,차대사람 - 횡단중,신호위반,포장 - 건조,맑음,교차로 - 교차로횡단보도내,이륜,남,16세,상해없음,보행자,남,4세,경상
2021091700100707,2021년 9월 17일 20시,금요일,경기도 안양시 동안구 비산동,경상사고,0,0,1,0,차대사람 - 기타,안전운전불이행,포장 - 건조,맑음,기타 - 기타,자전거,남,51세,상해없음,보행자,여,51세,경상
2021091700100709,2021년 9월 17일 20시,금요일,경기도 용인시 기흥구 영덕동,경상사고,0,0,1,0,차대사람 - 횡단중,안전운전불이행,포장 - 건조,맑음,교차로 - 교차로안,승용,남,46세,상해없음,보행자,남,38세,경상
2021091700100712,2021년 9월 17일 20시,금요일,경기도 부천시 원미동,중상사고,0,1,0,0,차대사람 - 기타,보행자보호의무위반,포장 - 건조,맑음,교차로 - 교차로횡단보도내,화물,남,56세,상해없음,보행자,남,50세,중상
2021091700100713,2021년 9월 17일 20시,금요일,경기도 시흥시 신천동,경상사고,0,0,1,0,차대사람 - 횡단중,보행자보호의무위반,포장 - 건조,맑음,교차로 - 교차로횡단보도내,승용,여,28세,상해없음,보행자,여,27세,경상
2021091700100786,2021년 9월 17일 22시,금요일,경기도 화성시 반송동,경상사고,0,0,1,0,차대사람 - 기타,신호위반,포장 - 건조,맑음,교차로 - 교차로횡단보도내,이륜,남,21세,상해없음,보행자,여,25세,경상
2021091800100039,2021년 9월 18일 06시,토요일,경기도 수원시 권선구 권선동,경상사고,0,0,1,0,차대사람 - 기타,안전운전불이행,포장 - 건조,맑음,단일로 - 기타,이륜,남,24세,기타불명,보행자,여,56세,경상
2021091800100092,2021년 9월 18일 09시,토요일,경기도 안산시 단원구 선부동,경상사고,0,0,1,0,차대사람 - 기타,신호위반,포장 - 건조,맑음,단일로 - 기타,승용,여,51세,기타불명,보행자,여,74세,경상
2021091800100136,2021년 9월 18일 10시,토요일,경기도 안성시 동본동,중상사고,0,1,0,0,차대사람 - 횡단중,안전운전불이행,포장 - 건조,맑음,단일로 - 기타,승용,남,52세,상해없음,보행자,남,74세,중상
2021091800100137,2021년 9월 18일 10시,토요일,경기도 이천시 증포동,경상사고,0,0,1,0,차대사람 - 기타,안전운전불이행,포장 - 건조,맑음,교차로 - 교차로부근,승용,남,62세,상해없음,보행자,남,73세,경상
2021091800100192,2021년 9월 18일 11시,토요일,경기도 수원시 장안구 정자동,경상사고,0,0,1,0,차대사람 - 기타,안전운전불이행,포장 - 건조,맑음,기타 - 기타,승용,남,70세,상해없음,보행자,여,71세,경상
2021091800100241,2021년 9월 18일 12시,토요일,경기도 수원시 장안구 천천동,경상사고,0,0,2,0,차대사람 - 기타,안전운전불이행,포장 - 건조,맑음,교차로 - 교차로안,이륜,남,24세,경상,보행자,여,21세,경상
2021091800100243,2021년 9월 18일 12시,토요일,경기도 평택시 팽성읍,부상신고사고,0,0,0,2,차대사람 - 기타,안전운전불이행,포장 - 건조,맑음,단일로 - 기타,자전거,남,61세,부상신고,보행자,여,53세,부상신고
2021091800100325,2021년 9월 18일 13시,토요일,경기도 고양시 덕양구 삼송동,부상신고사고,0,0,0,1,차대사람 - 기타,기타,포장 - 건조,맑음,단일로 - 기타,승합,남,65세,상해없음,보행자,여,66세,부상신고
2021091800100364,2021년 9월 18일 14시,토요일,경기도 고양시 일산서구 덕이동,중상사고,0,1,0,0,차대사람 - 기타,안전운전불이행,포장 - 건조,맑음,단일로 - 기타,승용,남,48세,상해없음,보행자,남,52세,중상
2021091800100373,2021년 9월 18일 15시,토요일,경기도 양평군 양동면,경상사고,0,0,1,0,차대사람 - 기타,안전운전불이행,포장 - 건조,맑음,단일로 - 기타,이륜,남,77세,상해없음,보행자,남,72세,경상
2021091800100415,2021년 9월 18일 16시,토요일,경기도 광주시 쌍령동,경상사고,0,0,1,0,차대사람 - 기타,안전운전불이행,포장 - 건조,맑음,교차로 - 교차로안,승용,남,59세,상해없음,보행자,여,73세,경상
2021091800100419,2021년 9월 18일 16시,토요일,경기도 시흥시 정왕동,경상사고,0,0,1,0,차대사람 - 횡단중,신호위반,포장 - 건조,맑음,단일로 - 기타,이륜,남,16세,상해없음,보행자,남,45세,경상
2021091800100423,2021년 9월 18일 16시,토요일,경기도 부천시 내동,중상사고,0,1,0,0,차대사람 - 기타,안전운전불이행,포장 - 건조,맑음,단일로 - 기타,승용,여,59세,상해없음,보행자,여,85세,중상
2021091800100447,2021년 9월 18일 16시,토요일,경기도 남양주시 조안면,경상사고,0,0,1,0,차대사람 - 기타,안전운전불이행,포장 - 건조,맑음,단일로 - 기타,자전거,남,73세,경상,보행자,여,16세,상해없음
2021091800100449,2021년 9월 18일 16시,토요일,경기도 남양주시 금곡동,중상사고,0,1,0,0,차대사람 - 기타,안전운전불이행,포장 - 건조,맑음,기타 - 기타,승용,남,57세,상해없음,보행자,여,43세,중상
2021091800100451,2021년 9월 18일 16시,토요일,경기도 남양주시 다산동,경상사고,0,0,1,0,차대사람 - 횡단중,보행자보호의무위반,포장 - 건조,맑음,단일로 - 기타,승용,여,44세,상해없음,보행자,여,35세,경상
2021091800100506,2021년 9월 18일 17시,토요일,경기도 남양주시 화도읍,경상사고,0,0,1,0,차대사람 - 기타,안전운전불이행,포장 - 건조,맑음,단일로 - 기타,승용,남,49세,상해없음,보행자,여,39세,경상
2021091800100520,2021년 9월 18일 18시,토요일,경기도 시흥시 정왕동,경상사고,0,0,1,0,차대사람 - 횡단중,기타,포장 - 건조,맑음,단일로 - 기타,개인형이동수단(PM),여,56세,상해없음,보행자,남,5세,경상
2021091800100555,2021년 9월 18일 19시,토요일,경기도 광주시 오포읍,경상사고,0,0,1,0,차대사람 - 기타,안전운전불이행,포장 - 건조,맑음,기타 - 기타,승용,남,40세,기타불명,보행자,남,40세,경상
2021091800100556,2021년 9월 18일 19시,토요일,경기도 광주시 목현동,경상사고,0,0,1,0,차대사람 - 기타,안전운전불이행,포장 - 건조,맑음,주차장 - 주차장,승용,남,62세,상해없음,보행자,남,37세,경상
2021091800100558,2021년 9월 18일 19시,토요일,경기도 부천시 괴안동,중상사고,0,1,0,0,차대사람 - 기타,기타,포장 - 기타,맑음,단일로 - 기타,개인형이동수단(PM),남,16세,상해없음,보행자,여,53세,중상
2021091800100589,2021년 9월 18일 20시,토요일,경기도 평택시 소사동,경상사고,0,0,1,0,차대사람 - 횡단중,안전운전불이행,포장 - 건조,맑음,교차로 - 교차로횡단보도내,승용,여,58세,상해없음,보행자,여,36세,경상
2021091800100630,2021년 9월 18일 21시,토요일,경기도 안산시 단원구 원곡동,중상사고,0,1,0,0,차대사람 - 기타,안전운전불이행,포장 - 건조,맑음,교차로 - 교차로안,승용,남,62세,상해없음,보행자,남,35세,중상
2021091800100631,2021년 9월 18일 21시,토요일,경기도 성남시 중원구 성남동,경상사고,0,0,1,0,차대사람 - 기타,안전운전불이행,포장 - 건조,맑음,단일로 - 기타,이륜,남,24세,상해없음,보행자,남,26세,경상
2021091800100632,2021년 9월 18일 21시,토요일,경기도 성남시 분당구 수내동,중상사고,0,1,0,0,차대사람 - 기타,안전운전불이행,포장 - 기타,흐림,기타 - 기타,자전거,남,21세,중상,보행자,여,11세,상해없음
2021091800100688,2021년 9월 18일 23시,토요일,경기도 성남시 중원구 금광동,경상사고,0,0,1,0,차대사람 - 기타,안전운전불이행,포장 - 건조,맑음,교차로 - 교차로부근,승용,여,55세,상해없음,보행자,남,49세,경상
2021091900100023,2021년 9월 19일 03시,일요일,경기도 용인시 처인구 모현읍,경상사고,0,0,1,0,차대사람 - 기타,안전운전불이행,포장 - 건조,맑음,교차로 - 교차로부근,기타불명,기타불명,미분류,기타불명,보행자,남,45세,경상
2021091900100026,2021년 9월 19일 04시,일요일,경기도 성남시 수정구 단대동,경상사고,0,0,1,0,차대사람 - 기타,안전운전불이행,포장 - 건조,맑음,교차로 - 교차로안,승용,남,40세,상해없음,보행자,남,25세,경상
2021091900100052,2021년 9월 19일 08시,일요일,경기도 화성시 봉담읍,경상사고,0,0,1,0,차대사람 - 횡단중,안전운전불이행,포장 - 건조,맑음,단일로 - 기타,화물,남,53세,상해없음,보행자,여,57세,경상
2021091900100115,2021년 9월 19일 11시,일요일,경기도 수원시 권선구 구운동,경상사고,0,0,1,0,차대사람 - 횡단중,안전운전불이행,포장 - 건조,맑음,교차로 - 교차로횡단보도내,승용,남,75세,상해없음,보행자,여,74세,경상
2021091900100138,2021년 9월 19일 11시,일요일,경기도 의정부시 의정부동,부상신고사고,0,0,0,1,차대사람 - 차도통행중,안전운전불이행,포장 - 건조,맑음,단일로 - 기타,승합,남,87세,상해없음,보행자,남,59세,부상신고
2021091900100166,2021년 9월 19일 13시,일요일,경기도 안산시 단원구 고잔동,경상사고,0,0,1,0,차대사람 - 기타,안전운전불이행,포장 - 건조,맑음,단일로 - 기타,승용,여,39세,상해없음,보행자,남,65세,경상
2021091900100167,2021년 9월 19일 13시,일요일,경기도 성남시 분당구 야탑동,중상사고,0,1,0,0,차대사람 - 기타,보행자보호의무위반,포장 - 건조,맑음,교차로 - 교차로횡단보도내,승용,남,67세,상해없음,보행자,여,48세,중상
2021091900100202,2021년 9월 19일 14시,일요일,경기도 광주시 송정동,부상신고사고,0,0,0,1,차대사람 - 기타,안전운전불이행,포장 - 건조,맑음,기타 - 기타,화물,남,67세,상해없음,보행자,남,65세,부상신고
2021091900100300,2021년 9월 19일 17시,일요일,경기도 성남시 수정구 양지동,중상사고,0,1,0,0,차대사람 - 보도통행중,보행자보호의무위반,포장 - 건조,맑음,교차로 - 교차로횡단보도내,자전거,남,16세,상해없음,보행자,여,63세,중상
2021091900100374,2021년 9월 19일 19시,일요일,경기도 용인시 처인구 포곡읍,중상사고,0,1,0,0,차대사람 - 보도통행중,보행자보호의무위반,포장 - 건조,맑음,교차로 - 교차로부근,승용,남,60세,상해없음,보행자,남,78세,중상
2021091900100391,2021년 9월 19일 19시,일요일,경기도 구리시 교문동,경상사고,0,0,1,0,차대사람 - 기타,안전운전불이행,포장 - 건조,맑음,단일로 - 기타,승용,남,62세,기타불명,보행자,남,46세,경상
2021091900100444,2021년 9월 19일 22시,일요일,경기도 부천시 심곡본동,경상사고,0,0,1,0,차대사람 - 차도통행중,안전운전불이행,포장 - 건조,맑음,교차로 - 교차로부근,승용,남,46세,상해없음,보행자,남,67세,경상
2021091900100445,2021년 9월 19일 22시,일요일,경기도 광명시 광명동,중상사고,0,1,0,0,차대사람 - 기타,안전운전불이행,포장 - 건조,맑음,단일로 - 기타,승용,남,23세,상해없음,보행자,여,64세,중상
2021091900100447,2021년 9월 19일 22시,일요일,경기도 화성시 남양읍,중상사고,0,1,0,0,차대사람 - 기타,안전운전불이행,포장 - 건조,맑음,교차로 - 교차로부근,승용,남,70세,상해없음,보행자,여,60세,중상
2021092000100033,2021년 9월 20일 05시,월요일,경기도 안산시 상록구 사동,중상사고,0,1,0,0,차대사람 - 차도통행중,안전운전불이행,포장 - 건조,맑음,교차로 - 교차로안,승용,남,56세,상해없음,보행자,여,77세,중상
2021092000100036,2021년 9월 20일 06시,월요일,경기도 김포시 운양동,중상사고,0,1,0,0,차대사람 - 횡단중,신호위반,포장 - 기타,맑음,교차로 - 교차로횡단보도내,승용,여,42세,상해없음,보행자,여,47세,중상
2021092000100050,2021년 9월 20일 08시,월요일,경기도 수원시 장안구 정자동,중상사고,0,1,0,0,차대사람 - 길가장자리구역통행중,안전운전불이행,포장 - 건조,맑음,단일로 - 기타,승용,여,41세,상해없음,보행자,여,70세,중상
2021092000100081,2021년 9월 20일 10시,월요일,경기도 광명시 철산동,사망사고,1,0,0,0,차대사람 - 보도통행중,기타,포장 - 건조,맑음,단일로 - 기타,승용,여,63세,상해없음,보행자,여,61세,사망
2021092000100101,2021년 9월 20일 10시,월요일,경기도 파주시 문산읍,경상사고,0,0,1,0,차대사람 - 차도통행중,안전운전불이행,포장 - 건조,맑음,단일로 - 기타,승용,남,61세,상해없음,보행자,남,63세,경상
2021092000100113,2021년 9월 20일 11시,월요일,경기도 광명시 소하동,경상사고,0,0,1,0,차대사람 - 기타,안전운전불이행,포장 - 건조,맑음,단일로 - 기타,승용,남,47세,상해없음,보행자,여,30세,경상
2021092000100115,2021년 9월 20일 11시,월요일,경기도 안산시 상록구 본오동,중상사고,0,1,0,0,차대사람 - 횡단중,보행자보호의무위반,포장 - 건조,맑음,교차로 - 교차로횡단보도내,이륜,여,21세,상해없음,보행자,여,60세,중상
2021092000100142,2021년 9월 20일 12시,월요일,경기도 양평군 양서면,경상사고,0,0,1,0,차대사람 - 길가장자리구역통행중,안전운전불이행,포장 - 건조,맑음,단일로 - 기타,승용,남,50세,상해없음,보행자,여,66세,경상
2021092000100143,2021년 9월 20일 12시,월요일,경기도 수원시 팔달구 인계동,경상사고,0,0,1,0,차대사람 - 기타,보행자보호의무위반,포장 - 건조,맑음,기타 - 기타,자전거,남,63세,상해없음,보행자,남,70세,경상
2021092000100146,2021년 9월 20일 12시,월요일,경기도 시흥시 정왕동,중상사고,0,1,0,0,차대사람 - 기타,안전운전불이행,포장 - 건조,맑음,교차로 - 교차로부근,승용,남,23세,상해없음,보행자,여,67세,중상
2021092000100267,2021년 9월 20일 15시,월요일,경기도 양주시 고암동,중상사고,0,1,0,0,차대사람 - 횡단중,보행자보호의무위반,포장 - 건조,맑음,단일로 - 기타,승용,여,72세,상해없음,보행자,남,24세,중상
2021092000100277,2021년 9월 20일 16시,월요일,경기도 안산시 단원구 대부북동,중상사고,0,1,0,0,차대사람 - 기타,안전운전불이행,포장 - 건조,맑음,단일로 - 기타,승용,남,27세,상해없음,보행자,여,35세,중상
2021092000100308,2021년 9월 20일 17시,월요일,경기도 광주시 역동,경상사고,0,0,1,0,차대사람 - 기타,안전운전불이행,포장 - 건조,맑음,기타 - 기타,개인형이동수단(PM),여,6세,상해없음,보행자,여,7세,경상
2021092000100332,2021년 9월 20일 17시,월요일,경기도 파주시 문산읍,중상사고,0,1,0,0,차대사람 - 차도통행중,안전운전불이행,포장 - 건조,맑음,교차로 - 교차로안,승용,여,43세,상해없음,보행자,여,70세,중상
2021092000100333,2021년 9월 20일 17시,월요일,경기도 파주시 하지석동,사망사고,1,0,0,0,차대사람 - 기타,안전운전불이행,포장 - 건조,맑음,단일로 - 기타,화물,남,37세,상해없음,보행자,남,81세,사망
2021092000100334,2021년 9월 20일 17시,월요일,경기도 동두천시 보산동,경상사고,0,0,1,0,차대사람 - 기타,안전운전불이행,포장 - 건조,맑음,단일로 - 기타,승합,남,82세,상해없음,보행자,남,40세,경상
2021092000100340,2021년 9월 20일 18시,월요일,경기도 부천시 춘의동,경상사고,0,0,1,0,차대사람 - 기타,안전운전불이행,포장 - 건조,맑음,단일로 - 기타,승합,남,50세,상해없음,보행자,남,32세,경상
2021092000100356,2021년 9월 20일 18시,월요일,경기도 고양시 덕양구 행신동,경상사고,0,0,1,0,차대사람 - 기타,안전운전불이행,포장 - 건조,맑음,단일로 - 기타,기타불명,기타불명,미분류,기타불명,보행자,남,51세,경상
2021092000100365,2021년 9월 20일 19시,월요일,경기도 평택시 독곡동,중상사고,0,1,0,0,차대사람 - 길가장자리구역통행중,기타,포장 - 건조,맑음,단일로 - 기타,승용,남,29세,상해없음,보행자,남,64세,중상
2021092000100368,2021년 9월 20일 19시,월요일,경기도 수원시 팔달구 매산로2가,경상사고,0,0,1,0,차대사람 - 기타,안전운전불이행,포장 - 건조,맑음,단일로 - 기타,승용,남,69세,상해없음,보행자,여,40세,경상
2021092000100391,2021년 9월 20일 20시,월요일,경기도 부천시 원미동,경상사고,0,0,1,0,차대사람 - 기타,보행자보호의무위반,포장 - 건조,맑음,교차로 - 교차로횡단보도내,승용,남,49세,상해없음,보행자,남,23세,경상
2021092000100409,2021년 9월 20일 21시,월요일,경기도 광주시 초월읍,중상사고,0,1,0,0,차대사람 - 기타,안전운전불이행,포장 - 건조,맑음,교차로 - 교차로안,승용,여,26세,상해없음,보행자,여,32세,중상
2021092000100437,2021년 9월 20일 22시,월요일,경기도 양평군 용문면,중상사고,0,1,0,0,차대사람 - 횡단중,보행자보호의무위반,포장 - 건조,맑음,교차로 - 교차로횡단보도내,승용,여,42세,상해없음,보행자,여,39세,중상
2021092000100438,2021년 9월 20일 22시,월요일,경기도 오산시 내삼미동,경상사고,0,0,1,0,차대사람 - 보도통행중,안전운전불이행,포장 - 건조,맑음,단일로 - 기타,자전거,여,59세,기타불명,보행자,남,44세,경상
2021092100100021,2021년 9월 21일 04시,화요일,경기도 군포시 금정동,부상신고사고,0,0,0,1,차대사람 - 횡단중,안전운전불이행,포장 - 젖음/습기,비,교차로 - 교차로부근,이륜,남,31세,부상신고,보행자,남,63세,상해없음
2021092100100128,2021년 9월 21일 13시,화요일,경기도 양주시 장흥면,중상사고,0,1,0,0,차대사람 - 횡단중,안전운전불이행,포장 - 건조,맑음,단일로 - 기타,승용,남,45세,상해없음,보행자,남,3세,중상
2021092100100173,2021년 9월 21일 15시,화요일,경기도 시흥시 정왕동,경상사고,0,0,1,0,차대사람 - 기타,안전운전불이행,포장 - 건조,맑음,단일로 - 기타,승용,남,37세,상해없음,보행자,남,55세,경상
2021092100100203,2021년 9월 21일 16시,화요일,경기도 하남시 학암동,경상사고,0,0,1,0,차대사람 - 보도통행중,안전운전불이행,포장 - 건조,맑음,교차로 - 교차로횡단보도내,기타불명,기타불명,미분류,기타불명,보행자,여,63세,경상
2021092100100252,2021년 9월 21일 17시,화요일,경기도 고양시 덕양구 동산동,중상사고,0,1,0,0,차대사람 - 보도통행중,안전운전불이행,포장 - 건조,맑음,기타 - 기타,자전거,남,53세,상해없음,보행자,여,47세,중상
2021092100100263,2021년 9월 21일 18시,화요일,경기도 안양시 동안구 호계동,경상사고,0,0,1,0,차대사람 - 보도통행중,기타,포장 - 건조,맑음,기타 - 기타,원동기,남,18세,상해없음,보행자,남,25세,경상
2021092100100281,2021년 9월 21일 19시,화요일,경기도 수원시 권선구 세류동,중상사고,0,1,0,0,차대사람 - 횡단중,안전운전불이행,포장 - 건조,맑음,교차로 - 교차로횡단보도내,승용,여,54세,상해없음,보행자,남,39세,중상