사고번호,사고일시,요일,시군구,사고내용,사망자수,중상자수,경상자수,부상신고자수,사고유형,법규위반,노면상태,기상상태,도로형태,가해운전자 차종,가해운전자 성별,가해운전자 연령,가해운전자 상해정도,피해운전자 차종,피해운전자 성별,피해운전자 연령,피해운전자 상해정도
2021092700100235,2021년 9월 27일 13시,월요일,경기도 용인시 기흥구 상하동,경상사고,0,0,1,0,차대사람 - 횡단중,보행자보호의무위반,포장 - 건조,맑음,교차로 - 교차로횡단보도내,개인형이동수단(PM),기타불명,미분류,기타불명,보행자,여,6세,경상
2021092700100237,2021년 9월 27일 13시,월요일,경기도 성남시 분당구 야탑동,중상사고,0,1,0,0,차대사람 - 기타,기타,포장 - 건조,맑음,기타 - 기타,승합,남,37세,상해없음,보행자,여,93세,중상
2021092700100298,2021년 9월 27일 15시,월요일,경기도 이천시 중리동,경상사고,0,0,1,0,차대사람 - 기타,안전운전불이행,포장 - 건조,맑음,단일로 - 기타,승합,남,43세,상해없음,보행자,남,47세,경상
2021092700100337,2021년 9월 27일 16시,월요일,경기도 안산시 단원구 원시동,중상사고,0,1,0,0,차대사람 - 기타,안전운전불이행,포장 - 건조,맑음,기타 - 기타,건설기계,남,51세,상해없음,보행자,남,50세,중상
2021092700100338,2021년 9월 27일 16시,월요일,경기도 시흥시 은행동,경상사고,0,0,1,0,차대사람 - 기타,안전운전불이행,포장 - 건조,맑음,단일로 - 기타,화물,남,66세,상해없음,보행자,여,23세,경상
2021092700100340,2021년 9월 27일 16시,월요일,경기도 화성시 향남읍,경상사고,0,0,2,0,차대사람 - 횡단중,보행자보호의무위반,포장 - 젖음/습기,비,교차로 - 교차로횡단보도내,승용,남,22세,상해없음,보행자,여,8세,경상
2021092700100370,2021년 9월 27일 17시,월요일,경기도 양평군 용문면,경상사고,0,0,1,0,차대사람 - 횡단중,안전운전불이행,포장 - 건조,맑음,교차로 - 교차로안,승용,남,39세,상해없음,보행자,여,67세,경상
2021092700100371,2021년 9월 27일 17시,월요일,경기도 부천시 심곡본동,경상사고,0,0,1,0,차대사람 - 기타,안전운전불이행,포장 - 건조,맑음,교차로 - 교차로안,이륜,남,37세,기타불명,보행자,여,31세,경상
2021092700100373,2021년 9월 27일 17시,월요일,경기도 성남시 중원구 성남동,경상사고,0,0,1,0,차대사람 - 길가장자리구역통행중,안전운전불이행,포장 - 젖음/습기,비,단일로 - 기타,승용,남,74세,기타불명,보행자,남,22세,경상
2021092700100413,2021년 9월 27일 18시,월요일,경기도 군포시 산본동,경상사고,0,0,1,0,차대사람 - 횡단중,보행자보호의무위반,포장 - 건조,맑음,교차로 - 교차로안,이륜,남,24세,기타불명,보행자,남,60세,경상
2021092700100417,2021년 9월 27일 18시,월요일,경기도 화성시 청계동,경상사고,0,0,1,0,차대사람 - 횡단중,안전운전불이행,포장 - 건조,맑음,단일로 - 기타,이륜,남,16세,상해없음,보행자,남,10세,경상
2021092700100443,2021년 9월 27일 18시,월요일,경기도 구리시 갈매동,경상사고,0,0,1,0,차대사람 - 횡단중,신호위반,포장 - 건조,맑음,교차로 - 교차로안,승용,남,63세,상해없음,보행자,남,10세,경상
2021092700100455,2021년 9월 27일 19시,월요일,경기도 수원시 팔달구 팔달로2가,중상사고,0,1,0,0,차대사람 - 횡단중,안전운전불이행,포장 - 건조,흐림,단일로 - 기타,승용,여,51세,상해없음,보행자,여,61세,중상
2021092700100457,2021년 9월 27일 19시,월요일,경기도 부천시 심곡동,경상사고,0,0,1,0,차대사람 - 기타,보행자보호의무위반,포장 - 건조,맑음,단일로 - 기타,승용,여,51세,상해없음,보행자,남,37세,경상
2021092700100489,2021년 9월 27일 20시,월요일,경기도 수원시 팔달구 지동,경상사고,0,0,1,0,차대사람 - 기타,안전운전불이행,포장 - 건조,맑음,단일로 - 기타,이륜,남,60세,상해없음,보행자,여,26세,경상
2021092700100493,2021년 9월 27일 20시,월요일,경기도 부천시 역곡동,중상사고,0,1,0,0,차대사람 - 횡단중,안전운전불이행,포장 - 건조,맑음,단일로 - 기타,화물,남,43세,상해없음,보행자,여,66세,중상
2021092700100510,2021년 9월 27일 21시,월요일,경기도 광명시 일직동,부상신고사고,0,0,0,1,차대사람 - 기타,안전운전불이행,포장 - 건조,맑음,단일로 - 기타,승합,남,68세,상해없음,보행자,남,52세,부상신고
2021092700100513,2021년 9월 27일 21시,월요일,경기도 성남시 중원구 상대원동,중상사고,0,1,0,0,차대사람 - 횡단중,안전운전불이행,포장 - 건조,맑음,단일로 - 기타,승용,여,50세,상해없음,보행자,남,71세,중상
2021092800100017,2021년 9월 28일 03시,화요일,경기도 광명시 철산동,경상사고,0,0,1,0,차대사람 - 기타,안전운전불이행,포장 - 건조,맑음,단일로 - 기타,승용,남,20세,상해없음,보행자,남,30세,경상
2021092800100026,2021년 9월 28일 05시,화요일,경기도 평택시 안중읍,사망사고,1,0,0,0,차대사람 - 횡단중,안전운전불이행,포장 - 건조,맑음,교차로 - 교차로안,승용,여,50세,기타불명,보행자,남,80세,사망
2021092800100105,2021년 9월 28일 09시,화요일,경기도 김포시 사우동,중상사고,0,1,0,0,차대사람 - 기타,안전운전불이행,포장 - 건조,맑음,단일로 - 기타,승용,남,47세,상해없음,보행자,여,61세,중상
2021092800100109,2021년 9월 28일 09시,화요일,경기도 성남시 분당구 궁내동,부상신고사고,0,0,0,1,차대사람 - 기타,기타,포장 - 건조,맑음,기타 - 기타,건설기계,남,40세,기타불명,보행자,남,61세,부상신고
2021092800100141,2021년 9월 28일 10시,화요일,경기도 용인시 수지구 죽전동,경상사고,0,0,1,0,차대사람 - 기타,안전운전불이행,포장 - 건조,맑음,교차로 - 교차로부근,승합,남,58세,상해없음,보행자,여,30세,경상
2021092800100192,2021년 9월 28일 12시,화요일,경기도 평택시 비전동,부상신고사고,0,0,0,1,차대사람 - 횡단중,안전운전불이행,포장 - 건조,맑음,교차로 - 교차로부근,승용,여,47세,상해없음,보행자,남,9세,부상신고
2021092800100197,2021년 9월 28일 12시,화요일,경기도 하남시 창우동,중상사고,0,1,0,0,차대사람 - 기타,기타,포장 - 건조,맑음,기타 - 기타,승합,남,64세,기타불명,보행자,여,62세,중상
2021092800100258,2021년 9월 28일 14시,화요일,경기도 광주시 곤지암읍,중상사고,0,1,0,0,차대사람 - 기타,안전운전불이행,포장 - 건조,맑음,기타 - 기타,승용,남,56세,상해없음,보행자,남,77세,중상
2021092800100259,2021년 9월 28일 14시,화요일,경기도 용인시 기흥구 서천동,경상사고,0,0,1,0,차대사람 - 보도통행중,보행자보호의무위반,포장 - 건조,맑음,교차로 - 교차로안,승용,여,37세,상해없음,보행자,여,7세,경상
2021092800100264,2021년 9월 28일 14시,화요일,경기도 하남시 망월동,경상사고,0,0,1,0,차대사람 - 기타,보행자보호의무위반,포장 - 건조,맑음,기타 - 기타,승용,남,46세,상해없음,보행자,여,28세,경상
2021092800100316,2021년 9월 28일 16시,화요일,경기도 성남시 수정구 수진동,경상사고,0,0,1,0,차대사람 - 차도통행중,안전운전불이행,포장 - 건조,맑음,단일로 - 기타,승합,남,42세,기타불명,보행자,남,54세,경상
2021092800100317,2021년 9월 28일 16시,화요일,경기도 성남시 수정구 신흥동,경상사고,0,0,1,0,차대사람 - 차도통행중,안전운전불이행,포장 - 건조,맑음,단일로 - 기타,승용,여,39세,상해없음,보행자,남,54세,경상
2021092800100347,2021년 9월 28일 17시,화요일,경기도 이천시 부발읍,중상사고,0,1,0,0,차대사람 - 차도통행중,안전운전불이행,포장 - 젖음/습기,흐림,단일로 - 기타,승용,여,60세,상해없음,보행자,남,58세,중상
2021092800100351,2021년 9월 28일 17시,화요일,경기도 안산시 단원구 고잔동,경상사고,0,0,1,0,차대사람 - 기타,신호위반,포장 - 건조,맑음,단일로 - 기타,화물,남,81세,상해없음,보행자,남,16세,경상
2021092800100398,2021년 9월 28일 18시,화요일,경기도 오산시 오산동,중상사고,0,1,0,0,차대사람 - 기타,기타,포장 - 젖음/습기,흐림,단일로 - 기타,승합,남,55세,상해없음,보행자,여,71세,중상
2021092800100405,2021년 9월 28일 18시,화요일,경기도 하남시 덕풍동,부상신고사고,0,0,0,1,차대사람 - 보도통행중,안전운전불이행,포장 - 건조,맑음,기타 - 기타,기타불명,기타불명,미분류,기타불명,보행자,남,11세,부상신고
2021092800100406,2021년 9월 28일 18시,화요일,경기도 부천시 삼정동,중상사고,0,1,0,0,차대사람 - 기타,안전운전불이행,포장 - 젖음/습기,흐림,기타 - 기타,건설기계,남,67세,상해없음,보행자,남,57세,중상
2021092800100448,2021년 9월 28일 18시,화요일,경기도 고양시 일산동구 장항동,부상신고사고,0,0,0,1,차대사람 - 기타,기타,포장 - 젖음/습기,비,단일로 - 기타,승용,남,64세,상해없음,보행자,남,72세,부상신고
2021092800100449,2021년 9월 28일 18시,화요일,경기도 남양주시 조안면,경상사고,0,0,1,0,차대사람 - 기타,안전운전불이행,포장 - 건조,맑음,단일로 - 기타,기타불명,기타불명,미분류,기타불명,보행자,여,5세,경상
2021092800100466,2021년 9월 28일 19시,화요일,경기도 용인시 처인구 역북동,중상사고,0,1,0,0,차대사람 - 기타,안전운전불이행,포장 - 젖음/습기,비,교차로 - 교차로안,승용,남,36세,상해없음,보행자,여,73세,중상
2021092800100469,2021년 9월 28일 19시,화요일,경기도 오산시 오산동,경상사고,0,0,1,0,차대사람 - 횡단중,신호위반,포장 - 젖음/습기,비,교차로 - 교차로안,승용,남,23세,상해없음,보행자,여,18세,경상
2021092800100470,2021년 9월 28일 19시,화요일,경기도 부천시 원미동,경상사고,0,0,1,0,차대사람 - 기타,불법유턴,포장 - 건조,맑음,단일로 - 기타,승용,남,70세,상해없음,보행자,여,23세,경상
2021092800100472,2021년 9월 28일 19시,화요일,경기도 수원시 영통구 매탄동,중상사고,0,1,0,0,차대사람 - 차도통행중,안전운전불이행,포장 - 건조,맑음,교차로 - 교차로안,승용,남,54세,상해없음,보행자,여,63세,중상
2021092800100506,2021년 9월 28일 20시,화요일,경기도 평택시 팽성읍,경상사고,0,0,1,0,차대사람 - 기타,안전운전불이행,포장 - 젖음/습기,흐림,교차로 - 교차로안,승용,남,45세,상해없음,보행자,여,52세,경상
2021092800100509,2021년 9월 28일 20시,화요일,경기도 성남시 중원구 금광동,경상사고,0,0,1,0,차대사람 - 기타,보행자보호의무위반,포장 - 젖음/습기,비,단일로 - 기타,이륜,남,29세,상해없음,보행자,남,58세,경상
2021092800100543,2021년 9월 28일 21시,화요일,경기도 안양시 동안구 호계동,중상사고,0,1,0,0,차대사람 - 횡단중,보행자보호의무위반,포장 - 젖음/습기,비,교차로 - 교차로횡단보도내,승용,남,50세,상해없음,보행자,남,30세,중상
2021092800100545,2021년 9월 28일 21시,화요일,경기도 광명시 광명동,경상사고,0,0,1,0,차대사람 - 기타,안전운전불이행,포장 - 기타,기타,교차로 - 교차로안,승용,남,58세,기타불명,보행자,남,18세,경상
2021092800100548,2021년 9월 28일 21시,화요일,경기도 수원시 팔달구 교동,경상사고,0,0,1,0,차대사람 - 횡단중,신호위반,포장 - 젖음/습기,비,교차로 - 교차로안,승용,남,49세,상해없음,보행자,남,27세,경상
2021092800100579,2021년 9월 28일 22시,화요일,경기도 안성시 공도읍,사망사고,1,0,0,0,차대사람 - 기타,과속,포장 - 젖음/습기,비,단일로 - 기타,승용,남,27세,상해없음,보행자,여,53세,사망
2021092800100582,2021년 9월 28일 22시,화요일,경기도 시흥시 논곡동,중상사고,0,1,0,0,차대사람 - 횡단중,신호위반,포장 - 젖음/습기,비,기타 - 기타,승용,남,71세,상해없음,보행자,여,28세,중상
2021092800100598,2021년 9월 28일 22시,화요일,경기도 고양시 덕양구 관산동,경상사고,0,0,1,0,차대사람 - 차도통행중,안전운전불이행,포장 - 젖음/습기,비,단일로 - 기타,승용,여,35세,기타불명,보행자,여,19세,경상
2021092800100599,2021년 9월 28일 22시,화요일,경기도 파주시 문발동,중상사고,0,1,0,0,차대사람 - 횡단중,안전운전불이행,포장 - 젖음/습기,비,교차로 - 교차로횡단보도내,이륜,남,37세,상해없음,보행자,남,56세,중상
2021092900100025,2021년 9월 29일 03시,수요일,경기도 고양시 일산동구 마두동,사망사고,1,0,0,0,차대사람 - 차도통행중,안전운전불이행,포장 - 젖음/습기,흐림,교차로 - 교차로횡단보도내,화물,남,46세,상해없음,보행자,남,55세,사망
2021092900100047,2021년 9월 29일 06시,수요일,경기도 안산시 단원구 고잔동,중상사고,0,1,0,0,차대사람 - 횡단중,보행자보호의무위반,포장 - 건조,맑음,교차로 - 교차로부근,승용,남,50세,상해없음,보행자,남,64세,중상
2021092900100051,2021년 9월 29일 06시,수요일,경기도 양주시 회정동,경상사고,0,0,1,0,차대사람 - 기타,안전운전불이행,포장 - 건조,맑음,단일로 - 기타,승용,남,45세,상해없음,보행자,여,63세,경상
2021092900100080,2021년 9월 29일 08시,수요일,경기도 하남시 덕풍동,부상신고사고,0,0,0,1,차대사람 - 횡단중,안전운전불이행,포장 - 젖음/습기,비,교차로 - 교차로횡단보도내,승용,여,54세,상해없음,보행자,여,62세,부상신고
2021092900100082,2021년 9월 29일 08시,수요일,경기도 화성시 산척동,경상사고,0,0,1,0,차대사람 - 횡단중,보행자보호의무위반,포장 - 젖음/습기,비,교차로 - 교차로횡단보도내,승용,남,33세,상해없음,보행자,남,13세,경상
2021092900100109,2021년 9월 29일 08시,수요일,경기도 의정부시 호원동,사망사고,1,0,0,0,차대사람 - 횡단중,안전운전불이행,포장 - 젖음/습기,비,단일로 - 기타,화물,남,65세,상해없음,보행자,여,93세,사망
2021092900100118,2021년 9월 29일 09시,수요일,경기도 용인시 기흥구 중동,부상신고사고,0,0,0,1,차대사람 - 기타,안전운전불이행,포장 - 젖음/습기,비,기타 - 기타,승합,남,69세,상해없음,보행자,여,32세,부상신고
2021092900100124,2021년 9월 29일 09시,수요일,경기도 화성시 병점동,중상사고,0,1,0,0,차대사람 - 횡단중,보행자보호의무위반,포장 - 젖음/습기,비,교차로 - 교차로부근,승용,남,78세,상해없음,보행자,남,66세,중상
2021092900100172,2021년 9월 29일 10시,수요일,경기도 고양시 덕양구 관산동,중상사고,0,1,0,0,차대사람 - 횡단중,안전운전불이행,포장 - 젖음/습기,흐림,교차로 - 교차로횡단보도내,화물,남,79세,상해없음,보행자,여,79세,중상
2021092900100177,2021년 9월 29일 11시,수요일,경기도 부천시 심곡본동,중상사고,0,1,0,0,차대사람 - 기타,보행자보호의무위반,포장 - 기타,맑음,교차로 - 교차로부근,이륜,남,49세,기타불명,보행자,남,84세,중상
2021092900100201,2021년 9월 29일 11시,수요일,경기도 고양시 덕양구 관산동,경상사고,0,0,1,0,차대사람 - 기타,안전운전불이행,포장 - 기타,맑음,단일로 - 기타,승용,남,50세,상해없음,보행자,남,57세,경상
2021092900100212,2021년 9월 29일 12시,수요일,경기도 성남시 중원구 상대원동,부상신고사고,0,0,0,1,차대사람 - 기타,안전운전불이행,포장 - 건조,맑음,기타 - 기타,승용,남,64세,상해없음,보행자,여,60세,부상신고
2021092900100245,2021년 9월 29일 13시,수요일,경기도 부천시 심곡동,경상사고,0,0,1,0,차대사람 - 기타,신호위반,포장 - 건조,맑음,단일로 - 기타,승용,남,74세,상해없음,보행자,여,15세,경상
2021092900100281,2021년 9월 29일 14시,수요일,경기도 안산시 상록구 사동,중상사고,0,1,0,0,차대사람 - 횡단중,보행자보호의무위반,포장 - 건조,맑음,교차로 - 교차로횡단보도내,승용,여,51세,상해없음,보행자,여,48세,중상
2021092900100282,2021년 9월 29일 14시,수요일,경기도 안산시 상록구 사동,경상사고,0,0,1,0,차대사람 - 기타,보행자보호의무위반,포장 - 젖음/습기,흐림,교차로 - 교차로안,승용,여,59세,기타불명,보행자,여,60세,경상
2021092900100308,2021년 9월 29일 15시,수요일,경기도 부천시 심곡본동,경상사고,0,0,1,0,차대사람 - 기타,안전운전불이행,포장 - 건조,맑음,교차로 - 교차로안,승합,남,37세,상해없음,보행자,여,28세,경상
2021092900100310,2021년 9월 29일 15시,수요일,경기도 성남시 분당구 야탑동,부상신고사고,0,0,0,1,차대사람 - 기타,안전운전불이행,포장 - 건조,맑음,교차로 - 교차로횡단보도내,승용,남,40세,상해없음,보행자,남,78세,부상신고
2021092900100377,2021년 9월 29일 17시,수요일,경기도 안양시 동안구 비산동,경상사고,0,0,1,0,차대사람 - 기타,안전운전불이행,포장 - 젖음/습기,비,기타 - 기타,자전거,기타불명,미분류,기타불명,보행자,여,29세,경상
2021092900100383,2021년 9월 29일 17시,수요일,경기도 부천시 원미동,중상사고,0,1,0,0,차대사람 - 기타,안전운전불이행,포장 - 건조,맑음,단일로 - 기타,승용,남,49세,상해없음,보행자,여,74세,중상
2021092900100387,2021년 9월 29일 17시,수요일,경기도 시흥시 정왕동,경상사고,0,0,1,0,차대사람 - 기타,안전운전불이행,포장 - 건조,맑음,기타 - 기타,승용,남,20세,상해없음,보행자,남,53세,경상
2021092900100391,2021년 9월 29일 17시,수요일,경기도 화성시 정남면,중상사고,0,1,0,0,차대사람 - 횡단중,신호위반,포장 - 젖음/습기,흐림,교차로 - 교차로횡단보도내,화물,남,56세,상해없음,보행자,남,85세,중상
2021092900100423,2021년 9월 29일 18시,수요일,경기도 수원시 장안구 영화동,경상사고,0,0,1,0,차대사람 - 기타,안전운전불이행,포장 - 젖음/습기,비,단일로 - 기타,화물,남,57세,상해없음,보행자,여,64세,경상
2021092900100426,2021년 9월 29일 18시,수요일,경기도 평택시 서정동,경상사고,0,0,1,0,차대사람 - 기타,안전운전불이행,포장 - 건조,맑음,단일로 - 기타,기타불명,기타불명,미분류,기타불명,보행자,여,36세,경상
2021092900100429,2021년 9월 29일 18시,수요일,경기도 부천시 괴안동,중상사고,0,1,0,0,차대사람 - 횡단중,안전운전불이행,포장 - 건조,맑음,단일로 - 기타,승용,남,40세,상해없음,보행자,여,64세,중상
2021092900100430,2021년 9월 29일 18시,수요일,경기도 광명시 철산동,중상사고,0,1,0,0,차대사람 - 횡단중,보행자보호의무위반,포장 - 건조,맑음,단일로 - 기타,승용,남,64세,상해없음,보행자,여,69세,중상
2021092900100520,2021년 9월 29일 19시,수요일,경기도 의정부시 민락동,경상사고,0,0,1,0,차대사람 - 기타,중앙선침범,포장 - 건조,맑음,교차로 - 교차로안,이륜,남,18세,상해없음,보행자,남,21세,경상
2021092900100523,2021년 9월 29일 19시,수요일,경기도 동두천시 생연동,경상사고,0,0,1,0,차대사람 - 기타,안전운전불이행,포장 - 건조,맑음,교차로 - 교차로안,승용,남,48세,상해없음,보행자,남,73세,경상
2021092900100550,2021년 9월 29일 20시,수요일,경기도 고양시 일산동구 장항동,경상사고,0,0,1,0,차대사람 - 기타,안전운전불이행,포장 - 건조,맑음,교차로 - 교차로부근,승용,남,53세,상해없음,보행자,남,57세,경상
2021092900100594,2021년 9월 29일 22시,수요일,경기도 안양시 동안구 호계동,중상사고,0,1,0,0,차대사람 - 횡단중,보행자보호의무위반,포장 - 건조,흐림,교차로 - 교차로횡단보도내,승용,여,60세,상해없음,보행자,남,18세,중상
2021092900100595,2021년 9월 29일 22시,수요일,경기도 광주시 회덕동,중상사고,0,1,0,0,차대사람 - 기타,안전운전불이행,포장 - 건조,맑음,기타 - 기타,화물,남,53세,상해없음,보행자,남,28세,중상
2021092900100597,2021년 9월 29일 22시,수요일,경기도 시흥시 광석동,중상사고,0,1,0,0,차대사람 - 횡단중,보행자보호의무위반,포장 - 건조,맑음,교차로 - 교차로횡단보도내,승용,남,85세,상해없음,보행자,남,64세,중상
2021092900100631,2021년 9월 29일 23시,수요일,경기도 성남시 중원구 상대원동,경상사고,0,0,1,0,차대사람 - 기타,안전운전불이행,포장 - 건조,맑음,단일로 - 기타,승용,남,49세,상해없음,보행자,여,44세,경상
2021093000100004,2021년 9월 30일 00시,목요일,경기도 안산시 단원구 원곡동,경상사고,0,0,1,0,차대사람 - 기타,신호위반,포장 - 건조,맑음,단일로 - 기타,이륜,남,17세,상해없음,보행자,남,47세,경상
2021093000100032,2021년 9월 30일 04시,목요일,경기도 군포시 산본동,사망사고,1,0,0,0,차대사람 - 기타,보행자보호의무위반,포장 - 건조,맑음,교차로 - 교차로부근,화물,남,67세,상해없음,보행자,남,75세,사망
2021093000100047,2021년 9월 30일 06시,목요일,경기도 안양시 만안구 안양동,중상사고,0,1,0,0,차대사람 - 기타,안전운전불이행,포장 - 건조,맑음,단일로 - 기타,승용,남,29세,상해없음,보행자,여,71세,중상
2021093000100063,2021년 9월 30일 07시,목요일,경기도 수원시 장안구 파장동,경상사고,0,0,1,0,차대사람 - 기타,안전운전불이행,포장 - 건조,맑음,단일로 - 기타,승용,남,77세,상해없음,보행자,남,31세,경상
2021093000100086,2021년 9월 30일 07시,목요일,경기도 고양시 일산서구 일산동,경상사고,0,0,1,0,차대사람 - 보도통행중,안전운전불이행,포장 - 건조,맑음,기타 - 기타,개인형이동수단(PM),여,25세,상해없음,보행자,여,56세,경상
2021093000100096,2021년 9월 30일 08시,목요일,경기도 안양시 동안구 관양동,중상사고,0,1,0,0,차대사람 - 횡단중,보행자보호의무위반,포장 - 건조,맑음,교차로 - 교차로횡단보도내,승합,남,55세,상해없음,보행자,남,71세,중상
2021093000100143,2021년 9월 30일 09시,목요일,경기도 수원시 권선구 구운동,중상사고,0,1,0,0,차대사람 - 기타,안전운전불이행,포장 - 건조,맑음,단일로 - 기타,이륜,남,35세,상해없음,보행자,여,68세,중상
2021093000100236,2021년 9월 30일 12시,목요일,경기도 이천시 증포동,중상사고,0,1,0,0,차대사람 - 횡단중,안전운전불이행,포장 - 건조,맑음,교차로 - 교차로부근,개인형이동수단(PM),남,14세,상해없음,보행자,여,48세,중상
2021093000100269,2021년 9월 30일 13시,목요일,경기도 평택시 서정동,경상사고,0,0,1,0,차대사람 - 횡단중,보행자보호의무위반,포장 - 건조,맑음,교차로 - 교차로안,승용,남,57세,기타불명,보행자,남,28세,경상
2021093000100271,2021년 9월 30일 13시,목요일,경기도 평택시 이충동,경상사고,0,0,1,0,차대사람 - 기타,안전운전불이행,포장 - 건조,맑음,교차로 - 교차로안,개인형이동수단(PM),여,19세,상해없음,보행자,남,66세,경상
2021093000100291,2021년 9월 30일 13시,목요일,경기도 남양주시 화도읍,경상사고,0,0,1,0,차대사람 - 기타,불법유턴,포장 - 건조,맑음,단일로 - 기타,승용,남,41세,상해없음,보행자,여,45세,경상
2021093000100308,2021년 9월 30일 14시,목요일,경기도 성남시 분당구 야탑동,중상사고,0,1,0,0,차대사람 - 기타,안전운전불이행,포장 - 건조,맑음,기타 - 기타,승용,여,58세,상해없음,보행자,여,82세,중상
2021093000100310,2021년 9월 30일 14시,목요일,경기도 안양시 만안구 안양동,경상사고,0,0,2,0,차대사람 - 차도통행중,안전운전불이행,포장 - 건조,맑음,단일로 - 기타,이륜,남,23세,경상,보행자,남,56세,경상
2021093000100375,2021년 9월 30일 15시,목요일,경기도 의정부시 의정부동,경상사고,0,0,1,0,차대사람 - 기타,안전운전불이행,포장 - 건조,맑음,단일로 - 기타,개인형이동수단(PM),남,47세,상해없음,보행자,여,79세,경상
2021093000100390,2021년 9월 30일 16시,목요일,경기도 수원시 장안구 연무동,중상사고,0,1,0,0,차대사람 - 기타,기타,포장 - 건조,맑음,교차로 - 교차로부근,승용,남,63세,상해없음,보행자,여,90세,중상
2021093000100393,2021년 9월 30일 16시,목요일,경기도 용인시 기흥구 중동,경상사고,0,0,1,0,차대사람 - 기타,보행자보호의무위반,포장 - 건조,맑음,단일로 - 기타,승용,여,56세,상해없음,보행자,남,5세,경상
2021093000100425,2021년 9월 30일 16시,목요일,경기도 고양시 덕양구 화전동,중상사고,0,2,0,1,차대사람 - 기타,안전운전불이행,포장 - 건조,맑음,단일로 - 기타,화물,여,27세,상해없음,보행자,여,58세,중상
2021093000100427,2021년 9월 30일 16시,목요일,경기도 파주시 아동동,중상사고,0,1,0,0,차대사람 - 기타,안전운전불이행,포장 - 건조,맑음,단일로 - 기타,승합,남,59세,상해없음,보행자,남,85세,중상
2021093000100504,2021년 9월 30일 18시,목요일,경기도 용인시 기흥구 서천동,경상사고,0,0,1,0,차대사람 - 횡단중,보행자보호의무위반,포장 - 건조,맑음,교차로 - 교차로안,이륜,남,41세,상해없음,보행자,여,23세,경상
2021093000100507,2021년 9월 30일 18시,목요일,경기도 화성시 봉담읍,경상사고,0,0,1,0,차대사람 - 횡단중,안전운전불이행,포장 - 건조,맑음,교차로 - 교차로안,기타불명,기타불명,미분류,기타불명,보행자,여,19세,경상
2021093000100534,2021년 9월 30일 18시,목요일,경기도 의정부시 호원동,중상사고,0,1,0,0,차대사람 - 횡단중,안전운전불이행,포장 - 건조,맑음,교차로 - 교차로부근,이륜,남,37세,상해없음,보행자,여,85세,중상
2021093000100537,2021년 9월 30일 18시,목요일,경기도 파주시 야동동,중상사고,0,1,0,0,차대사람 - 보도통행중,보행자보호의무위반,포장 - 건조,맑음,단일로 - 지하차도(도로)내,승용,남,40세,상해없음,보행자,여,55세,중상
2021093000100556,2021년 9월 30일 19시,목요일,경기도 광주시 곤지암읍,중상사고,0,1,0,0,차대사람 - 횡단중,신호위반,포장 - 건조,맑음,교차로 - 교차로횡단보도내,승합,남,72세,상해없음,보행자,남,67세,중상
2021093000100562,2021년 9월 30일 19시,목요일,경기도 안산시 상록구 건건동,중상사고,0,1,1,0,차대사람 - 기타,안전운전불이행,포장 - 건조,맑음,단일로 - 기타,승용,남,53세,상해없음,보행자,여,73세,중상
2021093000100580,2021년 9월 30일 19시,목요일,경기도 양주시 남면,경상사고,0,0,2,0,차대사람 - 기타,안전운전불이행,포장 - 건조,맑음,단일로 - 기타,자전거,남,53세,상해없음,보행자,여,66세,경상
2021093000100581,2021년 9월 30일 19시,목요일,경기도 남양주시 진건읍,중상사고,0,1,0,0,차대사람 - 횡단중,중앙선침범,포장 - 건조,맑음,단일로 - 기타,승용,여,52세,상해없음,보행자,여,60세,중상
2021093000100638,2021년 9월 30일 22시,목요일,경기도 화성시 향남읍,경상사고,0,0,1,0,차대사람 - 기타,안전운전불이행,포장 - 건조,맑음,단일로 - 기타,승합,남,41세,상해없음,보행자,남,47세,경상
2021093000100652,2021년 9월 30일 22시,목요일,경기도 의정부시 민락동,경상사고,0,0,1,1,차대사람 - 횡단중,안전운전불이행,포장 - 건조,맑음,교차로 - 교차로부근,이륜,남,18세,부상신고,보행자,남,22세,경상
2021093000100654,2021년 9월 30일 22시,목요일,경기도 고양시 일산동구 정발산동,중상사고,0,1,0,0,차대사람 - 기타,보행자보호의무위반,포장 - 건조,맑음,교차로 - 교차로부근,개인형이동수단(PM),남,22세,기타불명,보행자,여,19세,중상
2021100100100014,2021년 10월 1일 01시,금요일,경기도 광주시 곤지암읍,경상사고,0,0,1,0,차대사람 - 기타,안전운전불이행,포장 - 건조,맑음,단일로 - 기타,화물,남,38세,상해없음,보행자,남,33세,경상
2021100100100026,2021년 10월 1일 05시,금요일,경기도 김포시 풍무동,중상사고,0,1,0,0,차대사람 - 횡단중,보행자보호의무위반,포장 - 건조,맑음,교차로 - 교차로횡단보도내,승용,남,67세,상해없음,보행자,여,25세,중상
2021100100100075,2021년 10월 1일 08시,금요일,경기도 성남시 중원구 상대원동,경상사고,0,0,1,0,차대사람 - 횡단중,중앙선침범,포장 - 건조,흐림,단일로 - 기타,승용,남,31세,상해없음,보행자,여,61세,경상
2021100100100077,2021년 10월 1일 08시,금요일,경기도 하남시 덕풍동,부상신고사고,0,0,0,1,차대사람 - 기타,안전운전불이행,포장 - 젖음/습기,맑음,단일로 - 터널,기타불명,기타불명,미분류,기타불명,보행자,여,25세,부상신고