사고번호,사고일시,요일,시군구,사고내용,사망자수,중상자수,경상자수,부상신고자수,사고유형,법규위반,노면상태,기상상태,도로형태,가해운전자 차종,가해운전자 성별,가해운전자 연령,가해운전자 상해정도,피해운전자 차종,피해운전자 성별,피해운전자 연령,피해운전자 상해정도
2021100500100565,2021년 10월 5일 19시,화요일,경기도 의정부시 의정부동,경상사고,0,0,1,0,차대사람 - 차도통행중,신호위반,포장 - 젖음/습기,비,교차로 - 교차로안,승용,여,36세,상해없음,보행자,여,43세,경상
2021100500100575,2021년 10월 5일 20시,화요일,경기도 수원시 장안구 천천동,경상사고,0,0,1,0,차대사람 - 기타,보행자보호의무위반,포장 - 건조,맑음,교차로 - 교차로안,이륜,남,18세,기타불명,보행자,여,20세,경상
2021100500100577,2021년 10월 5일 20시,화요일,경기도 광주시 목현동,중상사고,0,1,0,0,차대사람 - 기타,안전운전불이행,포장 - 건조,맑음,기타 - 기타,화물,남,25세,상해없음,보행자,여,58세,중상
2021100500100580,2021년 10월 5일 20시,화요일,경기도 성남시 중원구 상대원동,중상사고,0,1,0,0,차대사람 - 기타,안전운전불이행,포장 - 건조,맑음,교차로 - 교차로부근,승용,여,51세,상해없음,보행자,남,61세,중상
2021100500100605,2021년 10월 5일 21시,화요일,경기도 수원시 장안구 조원동,중상사고,0,1,0,0,차대사람 - 차도통행중,안전운전불이행,포장 - 건조,맑음,단일로 - 기타,이륜,남,21세,상해없음,보행자,여,68세,중상
2021100500100616,2021년 10월 5일 21시,화요일,경기도 남양주시 별내동,경상사고,0,0,1,0,차대사람 - 기타,안전운전불이행,포장 - 건조,맑음,단일로 - 기타,자전거,여,13세,상해없음,보행자,남,54세,경상
2021100500100623,2021년 10월 5일 22시,화요일,경기도 부천시 소사본동,경상사고,0,0,1,0,차대사람 - 횡단중,안전운전불이행,포장 - 건조,맑음,교차로 - 교차로안,이륜,남,26세,상해없음,보행자,남,42세,경상
2021100500100626,2021년 10월 5일 22시,화요일,경기도 화성시 방교동,경상사고,0,0,1,0,차대사람 - 기타,안전운전불이행,포장 - 건조,맑음,교차로 - 교차로부근,승용,남,64세,상해없음,보행자,남,36세,경상
2021100500100660,2021년 10월 5일 23시,화요일,경기도 고양시 덕양구 화정동,경상사고,0,0,1,0,차대사람 - 횡단중,신호위반,포장 - 건조,맑음,단일로 - 기타,승용,남,61세,상해없음,보행자,남,22세,경상
2021100600100083,2021년 10월 6일 08시,수요일,경기도 수원시 팔달구 팔달로2가,경상사고,0,0,1,0,차대사람 - 횡단중,안전운전불이행,포장 - 건조,맑음,교차로 - 교차로부근,승용,남,79세,상해없음,보행자,남,25세,경상
2021100600100087,2021년 10월 6일 08시,수요일,경기도 용인시 기흥구 영덕동,경상사고,0,0,1,0,차대사람 - 횡단중,보행자보호의무위반,포장 - 건조,맑음,교차로 - 교차로안,승용,남,30세,상해없음,보행자,남,28세,경상
2021100600100115,2021년 10월 6일 08시,수요일,경기도 의정부시 금오동,경상사고,0,0,1,0,차대사람 - 횡단중,보행자보호의무위반,포장 - 젖음/습기,비,교차로 - 교차로부근,승용,여,48세,상해없음,보행자,남,64세,경상
2021100600100142,2021년 10월 6일 09시,수요일,경기도 의정부시 호원동,중상사고,0,1,0,0,차대사람 - 횡단중,보행자보호의무위반,포장 - 건조,맑음,교차로 - 교차로안,승용,남,62세,상해없음,보행자,남,65세,중상
2021100600100184,2021년 10월 6일 11시,수요일,경기도 이천시 창전동,경상사고,0,0,1,0,차대사람 - 기타,안전운전불이행,포장 - 젖음/습기,비,교차로 - 교차로부근,개인형이동수단(PM),남,17세,상해없음,보행자,여,27세,경상
2021100600100218,2021년 10월 6일 12시,수요일,경기도 여주시 북내면,경상사고,0,0,1,0,차대사람 - 횡단중,안전운전불이행,포장 - 건조,맑음,기타 - 기타,화물,남,61세,상해없음,보행자,여,2세,경상
2021100600100249,2021년 10월 6일 13시,수요일,경기도 평택시 서정동,경상사고,0,0,2,0,차대사람 - 횡단중,보행자보호의무위반,포장 - 건조,맑음,교차로 - 교차로횡단보도내,승용,여,34세,상해없음,보행자,남,80세,경상
2021100600100283,2021년 10월 6일 14시,수요일,경기도 부천시 심곡본동,중상사고,0,1,0,0,차대사람 - 기타,불법유턴,포장 - 건조,맑음,단일로 - 기타,화물,남,33세,상해없음,보행자,남,78세,중상
2021100600100350,2021년 10월 6일 15시,수요일,경기도 남양주시 진접읍,사망사고,1,0,0,0,차대사람 - 횡단중,안전운전불이행,포장 - 건조,맑음,단일로 - 기타,화물,남,51세,상해없음,보행자,남,82세,사망
2021100600100358,2021년 10월 6일 16시,수요일,경기도 안양시 동안구 관양동,중상사고,0,1,0,0,차대사람 - 기타,안전운전불이행,포장 - 건조,맑음,교차로 - 교차로안,이륜,남,61세,상해없음,보행자,남,7세,중상
2021100600100360,2021년 10월 6일 16시,수요일,경기도 오산시 금암동,부상신고사고,0,0,0,1,차대사람 - 보도통행중,안전운전불이행,포장 - 건조,맑음,단일로 - 기타,자전거,기타불명,미분류,기타불명,보행자,여,13세,부상신고
2021100600100401,2021년 10월 6일 17시,수요일,경기도 부천시 괴안동,중상사고,0,1,0,0,차대사람 - 횡단중,안전운전불이행,포장 - 건조,맑음,교차로 - 교차로횡단보도내,승합,남,61세,상해없음,보행자,남,87세,중상
2021100600100406,2021년 10월 6일 17시,수요일,경기도 화성시 남양읍,중상사고,0,1,0,0,차대사람 - 기타,신호위반,포장 - 건조,맑음,교차로 - 교차로안,건설기계,남,61세,상해없음,보행자,여,20세,중상
2021100600100486,2021년 10월 6일 19시,수요일,경기도 김포시 통진읍,중상사고,0,1,0,0,차대사람 - 기타,안전운전불이행,포장 - 건조,맑음,단일로 - 기타,승합,남,42세,상해없음,보행자,남,56세,중상
2021100600100487,2021년 10월 6일 19시,수요일,경기도 오산시 원동,경상사고,0,0,1,0,차대사람 - 기타,안전운전불이행,포장 - 건조,맑음,단일로 - 기타,승용,여,57세,상해없음,보행자,남,60세,경상
2021100600100493,2021년 10월 6일 19시,수요일,경기도 부천시 고강동,경상사고,0,0,1,0,차대사람 - 기타,안전운전불이행,포장 - 건조,맑음,교차로 - 교차로부근,승용,여,50세,상해없음,보행자,남,53세,경상
2021100600100525,2021년 10월 6일 19시,수요일,경기도 고양시 덕양구 행신동,경상사고,0,0,1,0,차대사람 - 기타,신호위반,포장 - 건조,맑음,교차로 - 교차로안,화물,남,64세,상해없음,보행자,남,27세,경상
2021100600100545,2021년 10월 6일 20시,수요일,경기도 시흥시 방산동,사망사고,1,0,0,0,차대사람 - 차도통행중,안전운전불이행,포장 - 건조,맑음,단일로 - 기타,승용,남,39세,상해없음,보행자,남,95세,사망
2021100600100549,2021년 10월 6일 20시,수요일,경기도 남양주시 화도읍,경상사고,0,0,1,0,차대사람 - 횡단중,보행자보호의무위반,포장 - 젖음/습기,흐림,단일로 - 기타,승용,여,49세,상해없음,보행자,여,28세,경상
2021100700100016,2021년 10월 7일 04시,목요일,경기도 안양시 만안구 안양동,사망사고,1,0,0,0,차대사람 - 기타,안전운전불이행,포장 - 젖음/습기,비,단일로 - 기타,승합,남,59세,상해없음,보행자,여,75세,사망
2021100700100032,2021년 10월 7일 06시,목요일,경기도 용인시 처인구 양지면,중상사고,0,1,0,0,차대사람 - 횡단중,안전운전불이행,포장 - 건조,맑음,단일로 - 기타,승용,남,76세,상해없음,보행자,여,65세,중상
2021100700100050,2021년 10월 7일 07시,목요일,경기도 부천시 송내동,경상사고,0,0,1,0,차대사람 - 횡단중,보행자보호의무위반,포장 - 건조,맑음,단일로 - 기타,승용,남,59세,상해없음,보행자,남,25세,경상
2021100700100052,2021년 10월 7일 07시,목요일,경기도 시흥시 정왕동,중상사고,0,1,0,0,차대사람 - 기타,안전운전불이행,포장 - 건조,맑음,단일로 - 기타,자전거,여,53세,중상,보행자,남,44세,상해없음
2021100700100087,2021년 10월 7일 08시,목요일,경기도 성남시 수정구 단대동,중상사고,0,1,0,0,차대사람 - 기타,안전운전불이행,포장 - 젖음/습기,흐림,교차로 - 교차로안,승용,여,30세,상해없음,보행자,여,69세,중상
2021100700100144,2021년 10월 7일 10시,목요일,경기도 수원시 장안구 천천동,중상사고,0,1,0,0,차대사람 - 기타,안전운전불이행,포장 - 젖음/습기,흐림,교차로 - 교차로안,승용,남,57세,상해없음,보행자,여,72세,중상
2021100700100148,2021년 10월 7일 10시,목요일,경기도 김포시 대곶면,중상사고,0,1,0,0,차대사람 - 기타,불법유턴,포장 - 건조,맑음,단일로 - 기타,화물,남,71세,상해없음,보행자,남,61세,중상
2021100700100186,2021년 10월 7일 11시,목요일,경기도 광명시 소하동,경상사고,0,0,1,0,차대사람 - 횡단중,보행자보호의무위반,포장 - 건조,맑음,교차로 - 교차로횡단보도내,화물,남,50세,상해없음,보행자,여,63세,경상
2021100700100212,2021년 10월 7일 11시,목요일,경기도 구리시 인창동,경상사고,0,0,1,0,차대사람 - 횡단중,보행자보호의무위반,포장 - 건조,맑음,교차로 - 교차로안,승용,남,64세,상해없음,보행자,여,77세,경상
2021100700100219,2021년 10월 7일 12시,목요일,경기도 수원시 장안구 영화동,경상사고,0,0,1,0,차대사람 - 횡단중,안전운전불이행,포장 - 건조,맑음,교차로 - 교차로안,승용,여,61세,상해없음,보행자,남,29세,경상
2021100700100240,2021년 10월 7일 12시,목요일,경기도 동두천시 생연동,경상사고,0,0,1,0,차대사람 - 보도통행중,기타,포장 - 건조,맑음,단일로 - 기타,승용,여,59세,상해없음,보행자,여,77세,경상
2021100700100290,2021년 10월 7일 14시,목요일,경기도 수원시 장안구 영화동,중상사고,0,1,0,0,차대사람 - 차도통행중,안전운전불이행,포장 - 건조,맑음,단일로 - 기타,이륜,남,54세,상해없음,보행자,남,51세,중상
2021100700100294,2021년 10월 7일 14시,목요일,경기도 안산시 단원구 와동,부상신고사고,0,0,0,1,차대사람 - 횡단중,보행자보호의무위반,포장 - 기타,맑음,기타 - 기타,승용,여,51세,상해없음,보행자,남,22세,부상신고
2021100700100310,2021년 10월 7일 14시,목요일,경기도 양주시 백석읍,경상사고,0,0,1,0,차대사람 - 기타,안전운전불이행,포장 - 건조,맑음,단일로 - 기타,승용,남,62세,상해없음,보행자,여,65세,경상
2021100700100322,2021년 10월 7일 15시,목요일,경기도 부천시 오정동,중상사고,0,1,0,0,차대사람 - 기타,안전운전불이행,포장 - 건조,맑음,기타 - 기타,승용,남,21세,상해없음,보행자,남,30세,중상
2021100700100378,2021년 10월 7일 16시,목요일,경기도 구리시 수택동,중상사고,0,2,1,0,차대사람 - 횡단중,보행자보호의무위반,포장 - 건조,맑음,교차로 - 교차로횡단보도내,승용,여,38세,상해없음,보행자,여,70세,중상
2021100700100387,2021년 10월 7일 17시,목요일,경기도 성남시 중원구 도촌동,경상사고,0,0,1,0,차대사람 - 기타,안전운전불이행,포장 - 건조,맑음,교차로 - 교차로안,승합,남,60세,상해없음,보행자,남,65세,경상
2021100700100426,2021년 10월 7일 18시,목요일,경기도 평택시 서정동,경상사고,0,0,1,0,차대사람 - 횡단중,보행자보호의무위반,포장 - 젖음/습기,흐림,단일로 - 기타,이륜,남,47세,상해없음,보행자,남,10세,경상
2021100700100427,2021년 10월 7일 18시,목요일,경기도 평택시 장안동,경상사고,0,0,1,0,차대사람 - 보도통행중,신호위반,포장 - 건조,맑음,단일로 - 기타,승용,남,60세,기타불명,보행자,남,6세,경상
2021100700100432,2021년 10월 7일 18시,목요일,경기도 수원시 영통구 이의동,경상사고,0,0,1,0,차대사람 - 횡단중,보행자보호의무위반,포장 - 건조,맑음,단일로 - 기타,이륜,남,19세,상해없음,보행자,남,61세,경상
2021100700100470,2021년 10월 7일 18시,목요일,경기도 남양주시 와부읍,사망사고,1,0,0,0,차대사람 - 기타,안전운전불이행,포장 - 건조,맑음,단일로 - 기타,승용,남,69세,상해없음,보행자,여,80세,사망
2021100700100522,2021년 10월 7일 19시,목요일,경기도 파주시 월롱면,중상사고,0,1,0,0,차대사람 - 기타,안전운전불이행,포장 - 건조,맑음,단일로 - 기타,승용,여,55세,상해없음,보행자,남,62세,중상
2021100700100573,2021년 10월 7일 22시,목요일,경기도 수원시 팔달구 인계동,경상사고,0,0,1,0,차대사람 - 횡단중,보행자보호의무위반,포장 - 건조,맑음,교차로 - 교차로횡단보도내,승용,남,45세,상해없음,보행자,남,51세,경상
2021100800100077,2021년 10월 8일 08시,금요일,경기도 용인시 처인구 양지면,경상사고,0,0,1,0,차대사람 - 기타,안전운전불이행,포장 - 젖음/습기,비,교차로 - 교차로안,승용,여,57세,상해없음,보행자,여,66세,경상
2021100800100087,2021년 10월 8일 08시,금요일,경기도 부천시 고강동,경상사고,0,0,1,0,차대사람 - 기타,안전운전불이행,포장 - 건조,맑음,교차로 - 교차로안,화물,남,62세,상해없음,보행자,여,44세,경상
2021100800100118,2021년 10월 8일 09시,금요일,경기도 수원시 장안구 송죽동,경상사고,0,0,1,0,차대사람 - 횡단중,기타,포장 - 젖음/습기,비,교차로 - 교차로부근,화물,남,28세,기타불명,보행자,남,28세,경상
2021100800100171,2021년 10월 8일 10시,금요일,경기도 고양시 덕양구 고양동,경상사고,0,0,1,0,차대사람 - 차도통행중,안전운전불이행,포장 - 건조,맑음,교차로 - 교차로안,화물,남,48세,상해없음,보행자,남,79세,경상
2021100800100181,2021년 10월 8일 11시,금요일,경기도 광주시 경안동,경상사고,0,0,1,0,차대사람 - 기타,안전운전불이행,포장 - 건조,맑음,단일로 - 기타,승용,여,48세,상해없음,보행자,남,72세,경상
2021100800100205,2021년 10월 8일 11시,금요일,경기도 고양시 일산동구 중산동,중상사고,0,1,0,0,차대사람 - 기타,안전운전불이행,포장 - 건조,맑음,기타 - 기타,승용,남,72세,상해없음,보행자,여,83세,중상
2021100800100281,2021년 10월 8일 13시,금요일,경기도 고양시 덕양구 고양동,경상사고,0,0,1,0,차대사람 - 차도통행중,안전운전불이행,포장 - 건조,맑음,단일로 - 기타,승용,남,71세,상해없음,보행자,남,65세,경상
2021100800100300,2021년 10월 8일 14시,금요일,경기도 안산시 단원구 원곡동,중상사고,0,1,0,0,차대사람 - 기타,안전운전불이행,포장 - 젖음/습기,비,교차로 - 교차로안,화물,남,40세,상해없음,보행자,여,49세,중상
2021100800100323,2021년 10월 8일 14시,금요일,경기도 남양주시 별내동,경상사고,0,0,1,0,차대사람 - 횡단중,보행자보호의무위반,포장 - 젖음/습기,비,교차로 - 교차로횡단보도내,화물,남,27세,상해없음,보행자,여,78세,경상
2021100800100373,2021년 10월 8일 16시,금요일,경기도 용인시 처인구 김량장동,부상신고사고,0,0,0,1,차대사람 - 차도통행중,안전운전불이행,포장 - 건조,흐림,단일로 - 기타,승용,여,61세,상해없음,보행자,여,41세,부상신고
2021100800100375,2021년 10월 8일 16시,금요일,경기도 오산시 오산동,부상신고사고,0,0,0,1,차대사람 - 기타,안전운전불이행,포장 - 건조,맑음,교차로 - 교차로안,승용,남,48세,상해없음,보행자,여,70세,부상신고
2021100800100408,2021년 10월 8일 17시,금요일,경기도 평택시 지산동,중상사고,0,1,0,0,차대사람 - 보도통행중,안전운전불이행,포장 - 건조,맑음,교차로 - 교차로안,승용,여,60세,상해없음,보행자,여,55세,중상
2021100800100414,2021년 10월 8일 17시,금요일,경기도 시흥시 월곶동,경상사고,0,0,1,0,차대사람 - 보도통행중,보행자보호의무위반,포장 - 건조,맑음,기타 - 기타,승용,남,68세,상해없음,보행자,남,48세,경상
2021100800100466,2021년 10월 8일 18시,금요일,경기도 수원시 장안구 정자동,경상사고,0,0,1,0,차대사람 - 기타,안전운전불이행,포장 - 젖음/습기,비,교차로 - 교차로부근,이륜,남,19세,상해없음,보행자,여,67세,경상
2021100800100473,2021년 10월 8일 18시,금요일,경기도 오산시 오산동,경상사고,0,0,1,0,차대사람 - 기타,안전운전불이행,포장 - 건조,맑음,기타 - 기타,기타불명,기타불명,미분류,기타불명,보행자,여,32세,경상
2021100800100478,2021년 10월 8일 18시,금요일,경기도 성남시 중원구 하대원동,경상사고,0,0,1,0,차대사람 - 기타,기타,포장 - 건조,맑음,단일로 - 기타,승합,남,39세,상해없음,보행자,여,64세,경상
2021100800100485,2021년 10월 8일 18시,금요일,경기도 용인시 수지구 성복동,경상사고,0,0,1,0,차대사람 - 횡단중,보행자보호의무위반,포장 - 젖음/습기,흐림,교차로 - 교차로횡단보도내,승용,남,62세,상해없음,보행자,여,67세,경상
2021100800100530,2021년 10월 8일 18시,금요일,경기도 가평군 가평읍,경상사고,0,0,1,0,차대사람 - 차도통행중,안전운전불이행,포장 - 건조,흐림,단일로 - 기타,승용,여,48세,상해없음,보행자,여,75세,경상
2021100800100531,2021년 10월 8일 18시,금요일,경기도 남양주시 별내동,경상사고,0,0,1,0,차대사람 - 횡단중,신호위반,포장 - 젖음/습기,흐림,교차로 - 교차로횡단보도내,이륜,남,36세,상해없음,보행자,여,14세,경상
2021100800100594,2021년 10월 8일 19시,금요일,경기도 포천시 군내면,중상사고,0,2,0,0,차대사람 - 보도통행중,보행자보호의무위반,포장 - 건조,맑음,교차로 - 교차로횡단보도내,승용,남,59세,상해없음,보행자,남,78세,중상
2021100800100597,2021년 10월 8일 19시,금요일,경기도 고양시 일산서구 덕이동,중상사고,0,1,0,0,차대사람 - 기타,안전운전불이행,포장 - 건조,기타,단일로 - 기타,승합,남,63세,상해없음,보행자,남,61세,중상
2021100800100606,2021년 10월 8일 20시,금요일,경기도 부천시 송내동,경상사고,0,0,1,0,차대사람 - 차도통행중,안전운전불이행,포장 - 건조,흐림,단일로 - 기타,승용,남,36세,상해없음,보행자,여,28세,경상
2021100800100643,2021년 10월 8일 21시,금요일,경기도 성남시 수정구 금토동,중상사고,0,1,0,0,차대사람 - 기타,안전운전불이행,포장 - 건조,맑음,단일로 - 기타,승용,남,60세,상해없음,보행자,남,28세,중상
2021100800100654,2021년 10월 8일 21시,금요일,경기도 의정부시 의정부동,부상신고사고,0,0,0,1,차대사람 - 기타,안전운전불이행,포장 - 건조,맑음,교차로 - 교차로안,화물,남,52세,상해없음,보행자,남,63세,부상신고
2021100800100695,2021년 10월 8일 22시,금요일,경기도 동두천시 지행동,경상사고,0,0,2,0,차대사람 - 기타,안전운전불이행,포장 - 건조,맑음,단일로 - 기타,승용,남,24세,상해없음,보행자,남,21세,경상
2021100800100701,2021년 10월 8일 23시,금요일,경기도 군포시 산본동,부상신고사고,0,0,0,1,차대사람 - 기타,안전운전불이행,포장 - 젖음/습기,흐림,교차로 - 교차로횡단보도내,승용,남,56세,상해없음,보행자,여,23세,부상신고
2021100900100021,2021년 10월 9일 04시,토요일,경기도 화성시 반월동,경상사고,0,0,1,0,차대사람 - 기타,안전운전불이행,포장 - 건조,맑음,기타 - 기타,승용,남,40세,상해없음,보행자,남,61세,경상
2021100900100052,2021년 10월 9일 07시,토요일,경기도 가평군 청평면,경상사고,0,0,1,0,차대사람 - 횡단중,보행자보호의무위반,포장 - 젖음/습기,비,교차로 - 교차로안,화물,남,57세,상해없음,보행자,여,52세,경상
2021100900100056,2021년 10월 9일 08시,토요일,경기도 부천시 괴안동,경상사고,0,0,1,0,차대사람 - 차도통행중,안전운전불이행,포장 - 건조,맑음,단일로 - 기타,승용,남,30세,상해없음,보행자,여,36세,경상
2021100900100071,2021년 10월 9일 09시,토요일,경기도 용인시 수지구 풍덕천동,경상사고,0,0,1,0,차대사람 - 기타,안전운전불이행,포장 - 건조,맑음,단일로 - 기타,승용,여,57세,상해없음,보행자,남,29세,경상
2021100900100089,2021년 10월 9일 10시,토요일,경기도 성남시 분당구 분당동,중상사고,0,1,0,0,차대사람 - 기타,안전운전불이행,포장 - 건조,맑음,기타 - 기타,자전거,남,23세,상해없음,보행자,남,81세,중상
2021100900100107,2021년 10월 9일 11시,토요일,경기도 양평군 양평읍,중상사고,0,1,0,0,차대사람 - 횡단중,안전운전불이행,포장 - 건조,맑음,교차로 - 교차로안,화물,남,65세,상해없음,보행자,여,63세,중상
2021100900100109,2021년 10월 9일 11시,토요일,경기도 수원시 권선구 서둔동,경상사고,0,0,1,0,차대사람 - 기타,안전운전불이행,포장 - 건조,맑음,교차로 - 교차로안,승합,남,67세,상해없음,보행자,남,50세,경상
2021100900100135,2021년 10월 9일 11시,토요일,경기도 파주시 탄현면,부상신고사고,0,0,0,1,차대사람 - 기타,안전운전불이행,포장 - 건조,맑음,단일로 - 기타,승용,남,47세,상해없음,보행자,남,5세,부상신고
2021100900100213,2021년 10월 9일 14시,토요일,경기도 광주시 퇴촌면,경상사고,0,0,1,0,차대사람 - 기타,기타,포장 - 젖음/습기,맑음,교차로 - 교차로부근,승용,여,50세,상해없음,보행자,남,6세,경상
2021100900100220,2021년 10월 9일 14시,토요일,경기도 안산시 단원구 신길동,중상사고,0,1,0,0,차대사람 - 횡단중,신호위반,포장 - 건조,맑음,교차로 - 교차로횡단보도내,승용,남,54세,상해없음,보행자,여,48세,중상
2021100900100247,2021년 10월 9일 14시,토요일,경기도 고양시 덕양구 효자동,경상사고,0,0,1,0,차대사람 - 차도통행중,안전운전불이행,포장 - 건조,흐림,단일로 - 지하차도(도로)내,기타불명,기타불명,미분류,기타불명,보행자,남,64세,경상
2021100900100312,2021년 10월 9일 16시,토요일,경기도 파주시 금촌동,경상사고,0,0,1,1,차대사람 - 횡단중,보행자보호의무위반,포장 - 건조,맑음,단일로 - 기타,자전거,여,57세,부상신고,보행자,여,75세,경상
2021100900100320,2021년 10월 9일 17시,토요일,경기도 수원시 팔달구 우만동,중상사고,0,1,0,0,차대사람 - 기타,안전운전불이행,포장 - 건조,맑음,단일로 - 기타,승용,남,49세,상해없음,보행자,여,53세,중상
2021100900100326,2021년 10월 9일 17시,토요일,경기도 하남시 망월동,중상사고,0,1,0,0,차대사람 - 횡단중,보행자보호의무위반,포장 - 건조,맑음,단일로 - 기타,승용,여,27세,상해없음,보행자,여,20세,중상
2021100900100349,2021년 10월 9일 17시,토요일,경기도 고양시 덕양구 행신동,경상사고,0,0,1,0,차대사람 - 길가장자리구역통행중,안전운전불이행,포장 - 건조,흐림,단일로 - 지하차도(도로)내,승용,남,60세,상해없음,보행자,남,72세,경상
2021100900100368,2021년 10월 9일 18시,토요일,경기도 광주시 오포읍,경상사고,0,0,1,0,차대사람 - 기타,보행자보호의무위반,포장 - 건조,맑음,단일로 - 기타,승용,남,40세,상해없음,보행자,여,10세,경상
2021100900100372,2021년 10월 9일 18시,토요일,경기도 부천시 역곡동,경상사고,0,0,1,0,차대사람 - 기타,안전운전불이행,포장 - 건조,맑음,단일로 - 기타,자전거,남,71세,상해없음,보행자,남,64세,경상
2021100900100375,2021년 10월 9일 18시,토요일,경기도 시흥시 정왕동,부상신고사고,0,0,0,1,차대사람 - 차도통행중,안전운전불이행,포장 - 건조,맑음,단일로 - 기타,승용,남,50세,상해없음,보행자,여,5세,부상신고
2021100900100426,2021년 10월 9일 19시,토요일,경기도 김포시 북변동,경상사고,0,0,1,0,차대사람 - 기타,보행자보호의무위반,포장 - 건조,맑음,교차로 - 교차로부근,이륜,남,60세,상해없음,보행자,남,56세,경상
2021100900100433,2021년 10월 9일 19시,토요일,경기도 하남시 망월동,중상사고,0,1,1,0,차대사람 - 횡단중,신호위반,포장 - 건조,맑음,교차로 - 교차로안,이륜,남,43세,경상,보행자,남,72세,중상
2021100900100475,2021년 10월 9일 20시,토요일,경기도 광주시 곤지암읍,경상사고,0,0,3,0,차대사람 - 기타,안전운전불이행,포장 - 건조,맑음,단일로 - 기타,승용,남,37세,상해없음,보행자,남,45세,경상
2021100900100480,2021년 10월 9일 20시,토요일,경기도 시흥시 정왕동,경상사고,0,0,1,0,차대사람 - 기타,안전운전불이행,포장 - 건조,맑음,단일로 - 기타,승용,남,18세,상해없음,보행자,남,59세,경상
2021100900100519,2021년 10월 9일 21시,토요일,경기도 의정부시 의정부동,경상사고,0,0,1,0,차대사람 - 기타,안전운전불이행,포장 - 건조,맑음,단일로 - 기타,승용,남,29세,상해없음,보행자,여,19세,경상
2021100900100530,2021년 10월 9일 22시,토요일,경기도 부천시 상동,중상사고,0,1,0,0,차대사람 - 횡단중,보행자보호의무위반,포장 - 건조,맑음,단일로 - 기타,승합,남,47세,상해없음,보행자,남,60세,중상
2021100900100536,2021년 10월 9일 22시,토요일,경기도 안산시 상록구 월피동,경상사고,0,0,1,0,차대사람 - 횡단중,보행자보호의무위반,포장 - 건조,맑음,교차로 - 교차로안,승용,남,62세,상해없음,보행자,여,58세,경상
2021101000100015,2021년 10월 10일 00시,일요일,경기도 포천시 신읍동,경상사고,0,0,1,0,차대사람 - 기타,안전운전불이행,포장 - 건조,맑음,교차로 - 교차로부근,승용,남,62세,상해없음,보행자,남,26세,경상
2021101000100054,2021년 10월 10일 08시,일요일,경기도 용인시 처인구 남사읍,중상사고,0,1,0,0,차대사람 - 기타,안전운전불이행,포장 - 건조,맑음,기타 - 기타,승용,남,63세,상해없음,보행자,여,79세,중상
2021101000100066,2021년 10월 10일 09시,일요일,경기도 광주시 쌍령동,사망사고,1,0,0,0,차대사람 - 횡단중,보행자보호의무위반,포장 - 건조,흐림,단일로 - 기타,건설기계,남,58세,상해없음,보행자,남,82세,사망
2021101000100158,2021년 10월 10일 12시,일요일,경기도 동두천시 생연동,경상사고,0,0,1,0,차대사람 - 기타,안전운전불이행,포장 - 건조,맑음,교차로 - 교차로안,승용,남,65세,상해없음,보행자,남,67세,경상
2021101000100236,2021년 10월 10일 15시,일요일,경기도 안산시 상록구 사동,부상신고사고,0,0,0,1,차대사람 - 차도통행중,안전운전불이행,포장 - 젖음/습기,비,단일로 - 기타,승용,남,71세,상해없음,보행자,남,24세,부상신고
2021101000100262,2021년 10월 10일 15시,일요일,경기도 남양주시 별내동,경상사고,0,0,2,0,차대사람 - 횡단중,신호위반,포장 - 젖음/습기,비,교차로 - 교차로횡단보도내,이륜,남,55세,경상,보행자,여,58세,경상
2021101000100310,2021년 10월 10일 17시,일요일,경기도 화성시 새솔동,경상사고,0,0,1,0,차대사람 - 기타,안전운전불이행,포장 - 건조,맑음,기타 - 기타,승용,여,53세,상해없음,보행자,여,52세,경상
2021101000100353,2021년 10월 10일 18시,일요일,경기도 화성시 봉담읍,경상사고,0,0,1,0,차대사람 - 차도통행중,안전운전불이행,포장 - 젖음/습기,비,교차로 - 교차로안,승용,남,47세,상해없음,보행자,남,53세,경상
2021101000100382,2021년 10월 10일 18시,일요일,경기도 양주시 덕정동,중상사고,0,1,0,0,차대사람 - 횡단중,신호위반,포장 - 젖음/습기,비,단일로 - 기타,이륜,남,45세,상해없음,보행자,여,23세,중상
2021101000100389,2021년 10월 10일 19시,일요일,경기도 평택시 평택동,중상사고,0,1,0,0,차대사람 - 차도통행중,보행자보호의무위반,포장 - 젖음/습기,비,단일로 - 기타,승용,여,45세,상해없음,보행자,여,74세,중상
2021101000100432,2021년 10월 10일 20시,일요일,경기도 부천시 중동,경상사고,0,0,1,0,차대사람 - 횡단중,신호위반,포장 - 젖음/습기,비,교차로 - 교차로횡단보도내,이륜,남,18세,상해없음,보행자,여,60세,경상
2021101000100437,2021년 10월 10일 20시,일요일,경기도 화성시 봉담읍,경상사고,0,0,1,0,차대사람 - 차도통행중,안전운전불이행,포장 - 젖음/습기,비,교차로 - 교차로안,승용,남,34세,상해없음,보행자,남,48세,경상
2021101000100463,2021년 10월 10일 20시,일요일,경기도 남양주시 진건읍,중상사고,0,1,0,0,차대사람 - 횡단중,안전운전불이행,포장 - 젖음/습기,흐림,교차로 - 교차로안,이륜,남,19세,상해없음,보행자,여,75세,중상
2021101000100475,2021년 10월 10일 21시,일요일,경기도 화성시 봉담읍,경상사고,0,0,1,0,차대사람 - 차도통행중,안전운전불이행,포장 - 건조,맑음,단일로 - 기타,이륜,남,16세,상해없음,보행자,남,16세,경상