사고번호,사고일시,요일,시군구,사고내용,사망자수,중상자수,경상자수,부상신고자수,사고유형,법규위반,노면상태,기상상태,도로형태,가해운전자 차종,가해운전자 성별,가해운전자 연령,가해운전자 상해정도,피해운전자 차종,피해운전자 성별,피해운전자 연령,피해운전자 상해정도
2021101000100498,2021년 10월 10일 21시,일요일,경기도 고양시 덕양구 고양동,경상사고,0,0,1,0,차대사람 - 횡단중,보행자보호의무위반,포장 - 젖음/습기,비,교차로 - 교차로횡단보도내,승용,남,61세,상해없음,보행자,남,43세,경상
2021101100100048,2021년 10월 11일 06시,월요일,경기도 포천시 군내면,경상사고,0,0,1,0,차대사람 - 횡단중,안전운전불이행,포장 - 건조,흐림,단일로 - 기타,승용,남,59세,상해없음,보행자,남,84세,경상
2021101100100075,2021년 10월 11일 09시,월요일,경기도 하남시 덕풍동,경상사고,0,0,1,0,차대사람 - 기타,안전운전불이행,포장 - 건조,맑음,단일로 - 기타,승용,여,55세,상해없음,보행자,여,60세,경상
2021101100100112,2021년 10월 11일 10시,월요일,경기도 고양시 일산동구 풍동,중상사고,0,1,0,0,차대사람 - 횡단중,안전운전불이행,포장 - 건조,맑음,교차로 - 교차로안,승용,남,52세,상해없음,보행자,여,76세,중상
2021101100100158,2021년 10월 11일 12시,월요일,경기도 여주시 월송동,경상사고,0,0,1,0,차대사람 - 기타,안전운전불이행,포장 - 젖음/습기,흐림,기타 - 기타,승용,남,30세,상해없음,보행자,여,37세,경상
2021101100100161,2021년 10월 11일 12시,월요일,경기도 부천시 심곡동,경상사고,0,0,1,0,차대사람 - 기타,안전운전불이행,포장 - 건조,흐림,교차로 - 교차로안,승용,남,67세,상해없음,보행자,여,33세,경상
2021101100100162,2021년 10월 11일 12시,월요일,경기도 시흥시 정왕동,중상사고,0,1,1,0,차대사람 - 차도통행중,안전운전불이행,포장 - 건조,맑음,단일로 - 기타,이륜,남,40세,경상,보행자,여,71세,중상
2021101100100191,2021년 10월 11일 13시,월요일,경기도 부천시 심곡동,중상사고,0,1,0,0,차대사람 - 기타,안전운전불이행,포장 - 건조,맑음,교차로 - 교차로안,승용,남,66세,상해없음,보행자,여,60세,중상
2021101100100192,2021년 10월 11일 13시,월요일,경기도 성남시 중원구 성남동,중상사고,0,1,0,0,차대사람 - 기타,기타,포장 - 건조,맑음,단일로 - 기타,화물,여,71세,상해없음,보행자,여,76세,중상
2021101100100194,2021년 10월 11일 13시,월요일,경기도 성남시 분당구 야탑동,경상사고,0,0,1,0,차대사람 - 기타,안전운전불이행,포장 - 건조,맑음,단일로 - 기타,기타불명,기타불명,미분류,기타불명,보행자,여,29세,경상
2021101100100262,2021년 10월 11일 15시,월요일,경기도 성남시 중원구 성남동,경상사고,0,0,1,0,차대사람 - 기타,안전운전불이행,포장 - 건조,맑음,단일로 - 기타,승용,남,43세,상해없음,보행자,남,38세,경상
2021101100100362,2021년 10월 11일 18시,월요일,경기도 수원시 장안구 송죽동,경상사고,0,0,1,0,차대사람 - 횡단중,신호위반,포장 - 건조,맑음,단일로 - 기타,승용,남,22세,상해없음,보행자,여,60세,경상
2021101100100419,2021년 10월 11일 19시,월요일,경기도 용인시 기흥구 언남동,경상사고,0,0,1,0,차대사람 - 횡단중,신호위반,포장 - 건조,기타,교차로 - 교차로안,승용,남,29세,상해없음,보행자,여,65세,경상
2021101100100542,2021년 10월 11일 23시,월요일,경기도 이천시 대월면,경상사고,0,0,1,0,차대사람 - 차도통행중,안전운전불이행,포장 - 건조,맑음,단일로 - 기타,이륜,남,23세,상해없음,보행자,남,53세,경상
2021101200100021,2021년 10월 12일 05시,화요일,경기도 수원시 장안구 송죽동,경상사고,0,0,1,0,차대사람 - 횡단중,보행자보호의무위반,포장 - 건조,맑음,교차로 - 교차로안,승용,남,63세,상해없음,보행자,남,41세,경상
2021101200100050,2021년 10월 12일 07시,화요일,경기도 수원시 장안구 정자동,중상사고,0,1,0,0,차대사람 - 기타,안전운전불이행,포장 - 건조,흐림,교차로 - 교차로안,승용,남,52세,상해없음,보행자,여,74세,중상
2021101200100084,2021년 10월 12일 08시,화요일,경기도 광주시 곤지암읍,경상사고,0,0,1,0,차대사람 - 횡단중,안전운전불이행,포장 - 건조,맑음,단일로 - 기타,승용,남,76세,상해없음,보행자,여,8세,경상
2021101200100122,2021년 10월 12일 09시,화요일,경기도 수원시 팔달구 화서동,경상사고,0,0,2,0,차대사람 - 기타,안전운전불이행,포장 - 건조,맑음,교차로 - 교차로안,승용,남,25세,기타불명,보행자,여,7세,경상
2021101200100168,2021년 10월 12일 10시,화요일,경기도 수원시 팔달구 매산로1가,경상사고,0,0,1,0,차대사람 - 기타,안전운전불이행,포장 - 건조,맑음,기타 - 기타,승용,남,27세,상해없음,보행자,남,27세,경상
2021101200100198,2021년 10월 12일 11시,화요일,경기도 수원시 영통구 영통동,중상사고,0,1,0,0,차대사람 - 기타,안전운전불이행,포장 - 건조,맑음,단일로 - 기타,승합,남,60세,상해없음,보행자,여,75세,중상
2021101200100199,2021년 10월 12일 11시,화요일,경기도 화성시 팔탄면,중상사고,0,1,0,0,차대사람 - 기타,안전운전불이행,포장 - 젖음/습기,맑음,기타 - 기타,승용,남,50세,상해없음,보행자,남,48세,중상
2021101200100262,2021년 10월 12일 13시,화요일,경기도 구리시 인창동,중상사고,0,1,0,0,차대사람 - 기타,안전운전불이행,포장 - 건조,맑음,단일로 - 기타,승용,여,70세,상해없음,보행자,남,66세,중상
2021101200100323,2021년 10월 12일 15시,화요일,경기도 양주시 덕계동,중상사고,0,1,0,0,차대사람 - 기타,기타,포장 - 건조,맑음,교차로 - 교차로부근,승합,남,61세,상해없음,보행자,여,79세,중상
2021101200100340,2021년 10월 12일 16시,화요일,경기도 안산시 상록구 본오동,경상사고,0,0,1,0,차대사람 - 차도통행중,안전운전불이행,포장 - 건조,맑음,단일로 - 기타,승용,남,38세,상해없음,보행자,여,24세,경상
2021101200100341,2021년 10월 12일 16시,화요일,경기도 용인시 수지구 상현동,중상사고,0,1,0,0,차대사람 - 보도통행중,신호위반,포장 - 건조,맑음,교차로 - 교차로부근,화물,남,60세,기타불명,보행자,남,12세,중상
2021101200100371,2021년 10월 12일 17시,화요일,경기도 부천시 괴안동,중상사고,0,1,0,0,차대사람 - 기타,보행자보호의무위반,포장 - 기타,맑음,교차로 - 교차로횡단보도내,승용,여,39세,상해없음,보행자,여,74세,중상
2021101200100376,2021년 10월 12일 17시,화요일,경기도 하남시 덕풍동,경상사고,0,0,1,0,차대사람 - 기타,안전운전불이행,포장 - 건조,맑음,기타 - 기타,기타불명,기타불명,미분류,기타불명,보행자,여,8세,경상
2021101200100417,2021년 10월 12일 18시,화요일,경기도 광명시 노온사동,중상사고,0,1,0,0,차대사람 - 기타,기타,포장 - 건조,맑음,단일로 - 기타,승용,남,47세,상해없음,보행자,남,51세,중상
2021101200100468,2021년 10월 12일 19시,화요일,경기도 부천시 심곡본동,경상사고,0,0,1,0,차대사람 - 기타,안전운전불이행,포장 - 기타,맑음,단일로 - 기타,승용,여,49세,상해없음,보행자,남,61세,경상
2021101200100472,2021년 10월 12일 19시,화요일,경기도 시흥시 조남동,중상사고,0,1,0,0,차대사람 - 차도통행중,안전운전불이행,포장 - 건조,맑음,단일로 - 기타,이륜,남,35세,상해없음,보행자,여,88세,중상
2021101200100473,2021년 10월 12일 19시,화요일,경기도 부천시 원종동,부상신고사고,0,0,0,1,차대사람 - 보도통행중,안전운전불이행,포장 - 건조,맑음,단일로 - 기타,이륜,남,50세,상해없음,보행자,남,48세,부상신고
2021101200100500,2021년 10월 12일 20시,화요일,경기도 수원시 장안구 조원동,경상사고,0,0,1,0,차대사람 - 기타,안전운전불이행,포장 - 건조,맑음,단일로 - 기타,화물,남,42세,상해없음,보행자,여,44세,경상
2021101200100504,2021년 10월 12일 20시,화요일,경기도 군포시 부곡동,경상사고,0,0,1,0,차대사람 - 보도통행중,신호위반,포장 - 건조,맑음,교차로 - 교차로횡단보도내,승용,남,49세,상해없음,보행자,남,47세,경상
2021101300100047,2021년 10월 13일 07시,수요일,경기도 김포시 통진읍,경상사고,0,0,1,0,차대사람 - 보도통행중,기타,포장 - 건조,맑음,단일로 - 기타,원동기,남,28세,상해없음,보행자,남,35세,경상
2021101300100048,2021년 10월 13일 07시,수요일,경기도 안산시 단원구 고잔동,중상사고,0,1,0,0,차대사람 - 횡단중,신호위반,포장 - 건조,맑음,단일로 - 기타,건설기계,남,30세,상해없음,보행자,여,56세,중상
2021101300100068,2021년 10월 13일 08시,수요일,경기도 안산시 단원구 와동,경상사고,0,0,1,0,차대사람 - 기타,안전운전불이행,포장 - 건조,맑음,단일로 - 기타,자전거,여,34세,상해없음,보행자,여,46세,경상
2021101300100072,2021년 10월 13일 08시,수요일,경기도 성남시 중원구 도촌동,경상사고,0,0,1,0,차대사람 - 횡단중,신호위반,포장 - 건조,맑음,교차로 - 교차로횡단보도내,화물,남,70세,상해없음,보행자,여,25세,경상
2021101300100095,2021년 10월 13일 08시,수요일,경기도 양주시 광적면,경상사고,0,0,1,0,차대사람 - 기타,안전운전불이행,포장 - 건조,맑음,단일로 - 기타,승합,남,50세,상해없음,보행자,여,49세,경상
2021101300100098,2021년 10월 13일 08시,수요일,경기도 남양주시 진접읍,경상사고,0,0,1,0,차대사람 - 기타,안전운전불이행,포장 - 건조,맑음,단일로 - 기타,농기계,남,81세,상해없음,보행자,남,13세,경상
2021101300100141,2021년 10월 13일 09시,수요일,경기도 의정부시 용현동,경상사고,0,0,1,0,차대사람 - 보도통행중,안전운전불이행,포장 - 건조,맑음,단일로 - 기타,승용,남,51세,상해없음,보행자,여,40세,경상
2021101300100279,2021년 10월 13일 14시,수요일,경기도 성남시 분당구 서현동,부상신고사고,0,0,0,1,차대사람 - 기타,안전운전불이행,포장 - 건조,맑음,교차로 - 교차로안,승용,남,77세,상해없음,보행자,남,54세,부상신고
2021101300100321,2021년 10월 13일 15시,수요일,경기도 평택시 서탄면,경상사고,0,0,1,0,차대사람 - 기타,안전운전불이행,포장 - 건조,맑음,주차장 - 주차장,승용,남,79세,상해없음,보행자,남,68세,경상
2021101300100322,2021년 10월 13일 15시,수요일,경기도 광주시 장지동,부상신고사고,0,0,0,1,차대사람 - 기타,안전운전불이행,포장 - 건조,맑음,기타 - 기타,자전거,남,14세,상해없음,보행자,여,61세,부상신고
2021101300100349,2021년 10월 13일 15시,수요일,경기도 의정부시 녹양동,경상사고,0,0,1,0,차대사람 - 길가장자리구역통행중,안전운전불이행,포장 - 건조,맑음,단일로 - 기타,승용,남,60세,상해없음,보행자,남,25세,경상
2021101300100365,2021년 10월 13일 16시,수요일,경기도 오산시 궐동,중상사고,0,1,0,0,차대사람 - 차도통행중,안전운전불이행,포장 - 건조,맑음,단일로 - 기타,승용,남,73세,상해없음,보행자,여,14세,중상
2021101300100389,2021년 10월 13일 16시,수요일,경기도 구리시 토평동,중상사고,0,1,0,0,차대사람 - 기타,안전운전불이행,포장 - 건조,맑음,단일로 - 기타,건설기계,남,61세,상해없음,보행자,여,15세,중상
2021101300100398,2021년 10월 13일 17시,수요일,경기도 평택시 평택동,중상사고,0,1,0,0,차대사람 - 횡단중,보행자보호의무위반,포장 - 건조,맑음,교차로 - 교차로안,승합,남,66세,상해없음,보행자,여,64세,중상
2021101300100403,2021년 10월 13일 17시,수요일,경기도 광명시 광명동,경상사고,0,0,1,0,차대사람 - 기타,안전운전불이행,포장 - 건조,맑음,단일로 - 기타,화물,남,58세,상해없음,보행자,남,70세,경상
2021101300100404,2021년 10월 13일 17시,수요일,경기도 수원시 권선구 구운동,부상신고사고,0,0,0,1,차대사람 - 기타,안전운전불이행,포장 - 건조,맑음,기타 - 기타,승용,남,70세,상해없음,보행자,여,60세,부상신고
2021101300100450,2021년 10월 13일 18시,수요일,경기도 광주시 삼동,중상사고,0,1,1,0,차대사람 - 기타,안전운전불이행,포장 - 건조,맑음,주차장 - 주차장,승용,여,64세,상해없음,보행자,여,52세,중상
2021101300100492,2021년 10월 13일 18시,수요일,경기도 파주시 문산읍,중상사고,0,1,0,0,차대사람 - 기타,안전운전불이행,포장 - 건조,맑음,단일로 - 기타,승합,남,58세,상해없음,보행자,여,54세,중상
2021101300100505,2021년 10월 13일 19시,수요일,경기도 평택시 서정동,경상사고,0,0,1,0,차대사람 - 횡단중,신호위반,포장 - 건조,맑음,교차로 - 교차로횡단보도내,이륜,남,16세,상해없음,보행자,여,49세,경상
2021101300100507,2021년 10월 13일 19시,수요일,경기도 안성시 보개면,경상사고,0,0,1,0,차대사람 - 기타,안전운전불이행,포장 - 건조,맑음,교차로 - 교차로부근,승용,여,55세,상해없음,보행자,남,64세,경상
2021101300100514,2021년 10월 13일 19시,수요일,경기도 화성시 봉담읍,경상사고,0,0,1,0,차대사람 - 횡단중,보행자보호의무위반,포장 - 건조,맑음,교차로 - 교차로안,승용,여,27세,상해없음,보행자,남,22세,경상
2021101300100564,2021년 10월 13일 20시,수요일,경기도 남양주시 다산동,경상사고,0,0,1,0,차대사람 - 횡단중,보행자보호의무위반,포장 - 건조,맑음,교차로 - 교차로횡단보도내,승용,남,64세,상해없음,보행자,여,17세,경상
2021101300100621,2021년 10월 13일 23시,수요일,경기도 광주시 오포읍,경상사고,0,0,1,0,차대사람 - 기타,안전운전불이행,포장 - 건조,맑음,기타 - 기타,승용,남,32세,상해없음,보행자,남,36세,경상
2021101400100005,2021년 10월 14일 00시,목요일,경기도 광주시 초월읍,경상사고,0,0,1,0,차대사람 - 기타,안전운전불이행,포장 - 건조,맑음,단일로 - 기타,승용,남,23세,상해없음,보행자,여,53세,경상
2021101400100049,2021년 10월 14일 06시,목요일,경기도 성남시 중원구 성남동,사망사고,1,0,0,0,차대사람 - 횡단중,안전운전불이행,포장 - 건조,맑음,교차로 - 교차로안,승용,남,58세,상해없음,보행자,여,76세,사망
2021101400100100,2021년 10월 14일 08시,목요일,경기도 이천시 마장면,경상사고,0,0,1,0,차대사람 - 기타,안전운전불이행,포장 - 건조,맑음,단일로 - 기타,승용,남,31세,상해없음,보행자,남,60세,경상
2021101400100144,2021년 10월 14일 09시,목요일,경기도 안성시 대천동,경상사고,0,0,1,0,차대사람 - 기타,안전운전불이행,포장 - 건조,맑음,기타 - 기타,개인형이동수단(PM),남,18세,상해없음,보행자,남,33세,경상
2021101400100149,2021년 10월 14일 09시,목요일,경기도 안산시 상록구 본오동,중상사고,0,1,0,0,차대사람 - 기타,안전운전불이행,포장 - 건조,맑음,교차로 - 교차로부근,승용,여,37세,상해없음,보행자,남,57세,중상
2021101400100312,2021년 10월 14일 13시,목요일,경기도 파주시 아동동,경상사고,0,0,1,0,차대사람 - 횡단중,보행자보호의무위반,포장 - 건조,맑음,기타 - 기타,승용,여,47세,상해없음,보행자,남,8세,경상
2021101400100435,2021년 10월 14일 17시,목요일,경기도 성남시 수정구 창곡동,부상신고사고,0,0,0,1,차대사람 - 횡단중,안전운전불이행,포장 - 건조,맑음,단일로 - 기타,승용,남,43세,상해없음,보행자,남,12세,부상신고
2021101400100484,2021년 10월 14일 18시,목요일,경기도 용인시 처인구 김량장동,부상신고사고,0,0,0,1,차대사람 - 보도통행중,안전운전불이행,포장 - 건조,맑음,단일로 - 기타,이륜,남,30세,상해없음,보행자,남,22세,부상신고
2021101400100568,2021년 10월 14일 19시,목요일,경기도 양주시 장흥면,중상사고,0,1,0,0,차대사람 - 횡단중,안전운전불이행,포장 - 건조,맑음,교차로 - 교차로부근,승용,남,41세,상해없음,보행자,여,29세,중상
2021101400100582,2021년 10월 14일 20시,목요일,경기도 성남시 중원구 상대원동,경상사고,0,0,1,0,차대사람 - 길가장자리구역통행중,안전운전불이행,포장 - 건조,맑음,단일로 - 기타,승용,여,57세,기타불명,보행자,남,49세,경상
2021101400100583,2021년 10월 14일 20시,목요일,경기도 성남시 분당구 삼평동,경상사고,0,0,1,0,차대사람 - 횡단중,안전운전불이행,포장 - 건조,맑음,단일로 - 기타,승용,남,34세,상해없음,보행자,남,47세,경상
2021101400100604,2021년 10월 14일 21시,목요일,경기도 하남시 망월동,경상사고,0,0,1,0,차대사람 - 기타,신호위반,포장 - 건조,맑음,기타 - 기타,자전거,남,23세,상해없음,보행자,여,66세,경상
2021101400100605,2021년 10월 14일 21시,목요일,경기도 하남시 신장동,중상사고,0,1,0,0,차대사람 - 기타,안전운전불이행,포장 - 건조,맑음,단일로 - 기타,승합,남,47세,상해없음,보행자,남,50세,중상
2021101400100619,2021년 10월 14일 22시,목요일,경기도 광명시 철산동,중상사고,0,1,0,0,차대사람 - 횡단중,안전운전불이행,포장 - 건조,맑음,단일로 - 기타,승용,여,38세,상해없음,보행자,남,70세,중상
2021101500100002,2021년 10월 15일 00시,금요일,경기도 부천시 역곡동,경상사고,0,0,1,0,차대사람 - 기타,안전운전불이행,포장 - 건조,맑음,단일로 - 기타,승용,남,80세,상해없음,보행자,남,81세,경상
2021101500100074,2021년 10월 15일 08시,금요일,경기도 안성시 인지동,중상사고,0,1,0,0,차대사람 - 기타,안전운전불이행,포장 - 건조,맑음,단일로 - 기타,화물,남,64세,상해없음,보행자,남,73세,중상
2021101500100109,2021년 10월 15일 08시,금요일,경기도 남양주시 와부읍,경상사고,0,0,2,0,차대사람 - 기타,안전운전불이행,포장 - 건조,맑음,단일로 - 기타,승용,여,67세,상해없음,보행자,남,62세,경상
2021101500100112,2021년 10월 15일 08시,금요일,경기도 동두천시 지행동,경상사고,0,0,1,0,차대사람 - 기타,안전운전불이행,포장 - 건조,맑음,교차로 - 교차로안,승용,남,46세,상해없음,보행자,남,47세,경상
2021101500100160,2021년 10월 15일 10시,금요일,경기도 오산시 오산동,경상사고,0,0,1,0,차대사람 - 기타,신호위반,포장 - 건조,맑음,단일로 - 기타,승용,남,73세,상해없음,보행자,여,75세,경상
2021101500100162,2021년 10월 15일 10시,금요일,경기도 수원시 권선구 곡반정동,경상사고,0,0,1,0,차대사람 - 횡단중,신호위반,포장 - 건조,맑음,단일로 - 기타,이륜,남,25세,상해없음,보행자,여,70세,경상
2021101500100210,2021년 10월 15일 11시,금요일,경기도 시흥시 장곡동,경상사고,0,0,1,0,차대사람 - 보도통행중,기타,포장 - 건조,맑음,기타 - 기타,개인형이동수단(PM),여,18세,상해없음,보행자,남,63세,경상
2021101500100212,2021년 10월 15일 11시,금요일,경기도 하남시 신장동,경상사고,0,0,1,0,차대사람 - 횡단중,보행자보호의무위반,포장 - 젖음/습기,흐림,교차로 - 교차로횡단보도내,승용,여,75세,상해없음,보행자,남,62세,경상
2021101500100227,2021년 10월 15일 11시,금요일,경기도 고양시 덕양구 행신동,경상사고,0,0,1,0,차대사람 - 기타,안전운전불이행,포장 - 젖음/습기,흐림,교차로 - 교차로부근,승용,여,41세,상해없음,보행자,남,59세,경상
2021101500100228,2021년 10월 15일 11시,금요일,경기도 고양시 덕양구 주교동,중상사고,0,1,0,0,차대사람 - 차도통행중,안전운전불이행,포장 - 건조,맑음,단일로 - 기타,화물,남,74세,상해없음,보행자,여,82세,중상
2021101500100246,2021년 10월 15일 12시,금요일,경기도 수원시 권선구 권선동,중상사고,0,1,0,0,차대사람 - 기타,안전운전불이행,포장 - 건조,맑음,단일로 - 기타,승용,여,60세,상해없음,보행자,여,74세,중상
2021101500100266,2021년 10월 15일 12시,금요일,경기도 남양주시 다산동,경상사고,0,0,1,0,차대사람 - 횡단중,보행자보호의무위반,포장 - 건조,맑음,교차로 - 교차로안,승용,여,44세,상해없음,보행자,남,47세,경상
2021101500100269,2021년 10월 15일 13시,금요일,경기도 부천시 심곡동,중상사고,0,1,0,0,차대사람 - 기타,보행자보호의무위반,포장 - 건조,맑음,교차로 - 교차로안,승용,남,71세,상해없음,보행자,남,68세,중상
2021101500100327,2021년 10월 15일 14시,금요일,경기도 의정부시 호원동,경상사고,0,0,1,0,차대사람 - 횡단중,보행자보호의무위반,포장 - 건조,맑음,단일로 - 기타,승용,여,71세,상해없음,보행자,남,50세,경상
2021101500100337,2021년 10월 15일 15시,금요일,경기도 용인시 처인구 포곡읍,경상사고,0,0,1,0,차대사람 - 기타,안전운전불이행,포장 - 건조,맑음,기타 - 기타,기타불명,기타불명,미분류,기타불명,보행자,여,36세,경상
2021101500100356,2021년 10월 15일 15시,금요일,경기도 고양시 덕양구 행신동,경상사고,0,0,1,0,차대사람 - 기타,안전운전불이행,포장 - 기타,맑음,교차로 - 교차로부근,승용,남,43세,상해없음,보행자,여,9세,경상
2021101500100368,2021년 10월 15일 16시,금요일,경기도 성남시 분당구 정자동,부상신고사고,0,0,0,1,차대사람 - 기타,안전운전불이행,포장 - 건조,맑음,단일로 - 기타,승용,여,36세,상해없음,보행자,남,65세,부상신고
2021101500100370,2021년 10월 15일 16시,금요일,경기도 수원시 권선구 당수동,경상사고,0,0,1,0,차대사람 - 차도통행중,안전운전불이행,포장 - 건조,맑음,단일로 - 기타,승합,여,46세,상해없음,보행자,여,8세,경상
2021101500100371,2021년 10월 15일 16시,금요일,경기도 의왕시 오전동,경상사고,0,0,1,0,차대사람 - 기타,안전운전불이행,포장 - 건조,맑음,기타 - 기타,승용,여,57세,상해없음,보행자,여,43세,경상
2021101500100408,2021년 10월 15일 17시,금요일,경기도 김포시 사우동,중상사고,0,1,0,0,차대사람 - 횡단중,신호위반,포장 - 건조,맑음,교차로 - 교차로안,승용,남,59세,상해없음,보행자,여,60세,중상
2021101500100454,2021년 10월 15일 18시,금요일,경기도 용인시 기흥구 보라동,중상사고,0,1,0,0,차대사람 - 기타,안전운전불이행,포장 - 건조,맑음,기타 - 기타,자전거,남,12세,상해없음,보행자,여,74세,중상
2021101500100457,2021년 10월 15일 18시,금요일,경기도 안산시 단원구 신길동,경상사고,0,0,1,0,차대사람 - 기타,교차로운행방법위반,포장 - 건조,맑음,교차로 - 교차로안,승용,여,49세,상해없음,보행자,여,83세,경상
2021101500100519,2021년 10월 15일 19시,금요일,경기도 광명시 광명동,경상사고,0,0,1,0,차대사람 - 차도통행중,안전운전불이행,포장 - 건조,흐림,단일로 - 기타,이륜,남,37세,상해없음,보행자,남,53세,경상
2021101500100524,2021년 10월 15일 19시,금요일,경기도 안산시 상록구 부곡동,경상사고,0,0,1,0,차대사람 - 기타,안전운전불이행,포장 - 건조,맑음,기타 - 기타,승합,남,44세,상해없음,보행자,여,62세,경상
2021101500100592,2021년 10월 15일 20시,금요일,경기도 의정부시 호원동,경상사고,0,0,1,0,차대사람 - 기타,보행자보호의무위반,포장 - 건조,맑음,교차로 - 교차로안,승용,남,38세,상해없음,보행자,남,26세,경상
2021101500100599,2021년 10월 15일 21시,금요일,경기도 부천시 역곡동,경상사고,0,0,2,0,차대사람 - 횡단중,보행자보호의무위반,포장 - 건조,맑음,교차로 - 교차로횡단보도내,승용,남,37세,상해없음,보행자,남,37세,경상
2021101500100600,2021년 10월 15일 21시,금요일,경기도 성남시 중원구 하대원동,부상신고사고,0,0,0,1,차대사람 - 차도통행중,안전운전불이행,포장 - 건조,맑음,교차로 - 교차로부근,승용,남,63세,상해없음,보행자,남,52세,부상신고
2021101500100601,2021년 10월 15일 21시,금요일,경기도 하남시 신장동,중상사고,0,1,0,0,차대사람 - 횡단중,신호위반,포장 - 건조,맑음,교차로 - 교차로부근,이륜,남,18세,상해없음,보행자,남,60세,중상
2021101500100658,2021년 10월 15일 22시,금요일,경기도 동두천시 지행동,경상사고,0,0,1,0,차대사람 - 횡단중,안전운전불이행,포장 - 건조,맑음,교차로 - 교차로횡단보도내,승용,남,32세,상해없음,보행자,여,39세,경상
2021101500100670,2021년 10월 15일 23시,금요일,경기도 부천시 심곡동,사망사고,1,0,0,0,차대사람 - 차도통행중,안전운전불이행,포장 - 건조,맑음,교차로 - 교차로부근,승용,남,62세,상해없음,보행자,여,66세,사망
2021101500100684,2021년 10월 15일 23시,금요일,경기도 고양시 일산동구 백석동,경상사고,0,0,1,0,차대사람 - 횡단중,안전운전불이행,포장 - 건조,맑음,교차로 - 교차로횡단보도내,승용,여,25세,상해없음,보행자,남,44세,경상
2021101600100021,2021년 10월 16일 00시,토요일,경기도 포천시 소흘읍,중상사고,0,1,0,0,차대사람 - 횡단중,신호위반,포장 - 건조,맑음,교차로 - 교차로횡단보도내,원동기,남,19세,상해없음,보행자,여,21세,중상
2021101600100058,2021년 10월 16일 06시,토요일,경기도 부천시 소사본동,중상사고,0,2,0,0,차대사람 - 기타,신호위반,포장 - 건조,맑음,교차로 - 교차로부근,자전거,남,37세,중상,보행자,남,50세,중상
2021101600100125,2021년 10월 16일 09시,토요일,경기도 파주시 교하동,중상사고,0,1,0,0,차대사람 - 기타,안전운전불이행,포장 - 건조,맑음,기타 - 기타,승용,남,61세,상해없음,보행자,여,69세,중상
2021101600100157,2021년 10월 16일 11시,토요일,경기도 수원시 팔달구 화서동,경상사고,0,0,1,0,차대사람 - 기타,안전운전불이행,포장 - 건조,맑음,단일로 - 기타,자전거,남,51세,상해없음,보행자,여,50세,경상
2021101600100159,2021년 10월 16일 11시,토요일,경기도 안양시 동안구 호계동,경상사고,0,0,1,0,차대사람 - 기타,기타,포장 - 건조,맑음,기타 - 기타,승용,남,34세,기타불명,보행자,남,71세,경상
2021101600100174,2021년 10월 16일 11시,토요일,경기도 남양주시 화도읍,경상사고,0,0,1,0,차대사람 - 기타,안전운전불이행,포장 - 건조,맑음,단일로 - 기타,승용,남,37세,상해없음,보행자,여,78세,경상
2021101600100188,2021년 10월 16일 12시,토요일,경기도 성남시 분당구 수내동,중상사고,0,1,0,0,차대사람 - 보도통행중,안전운전불이행,포장 - 건조,맑음,기타 - 기타,자전거,기타불명,미분류,기타불명,보행자,여,57세,중상
2021101600100215,2021년 10월 16일 12시,토요일,경기도 고양시 덕양구 토당동,경상사고,0,0,1,0,차대사람 - 보도통행중,보행자보호의무위반,포장 - 건조,맑음,교차로 - 교차로안,승용,여,58세,상해없음,보행자,남,81세,경상
2021101600100300,2021년 10월 16일 15시,토요일,경기도 광주시 오포읍,경상사고,0,0,1,0,차대사람 - 보도통행중,기타,포장 - 건조,맑음,기타 - 기타,승용,남,56세,상해없음,보행자,남,33세,경상
2021101600100303,2021년 10월 16일 15시,토요일,경기도 양평군 양평읍,경상사고,0,0,1,0,차대사람 - 횡단중,보행자보호의무위반,포장 - 건조,맑음,교차로 - 교차로안,승용,여,73세,기타불명,보행자,남,22세,경상
2021101600100373,2021년 10월 16일 17시,토요일,경기도 남양주시 오남읍,경상사고,0,0,2,0,차대사람 - 차도통행중,안전운전불이행,포장 - 건조,맑음,단일로 - 기타,이륜,남,25세,경상,보행자,남,62세,경상
2021101600100389,2021년 10월 16일 18시,토요일,경기도 광명시 하안동,경상사고,0,0,1,0,차대사람 - 횡단중,보행자보호의무위반,포장 - 건조,맑음,교차로 - 교차로부근,승용,남,38세,상해없음,보행자,여,48세,경상
2021101600100455,2021년 10월 16일 20시,토요일,경기도 성남시 수정구 태평동,부상신고사고,0,0,0,1,차대사람 - 기타,안전운전불이행,포장 - 건조,맑음,단일로 - 기타,승용,남,50세,상해없음,보행자,남,55세,부상신고
2021101600100526,2021년 10월 16일 22시,토요일,경기도 의정부시 의정부동,부상신고사고,0,0,0,1,차대사람 - 기타,안전운전불이행,포장 - 기타,기타,단일로 - 기타,승용,남,32세,상해없음,보행자,남,27세,부상신고