사고번호,사고일시,요일,시군구,사고내용,사망자수,중상자수,경상자수,부상신고자수,사고유형,법규위반,노면상태,기상상태,도로형태,가해운전자 차종,가해운전자 성별,가해운전자 연령,가해운전자 상해정도,피해운전자 차종,피해운전자 성별,피해운전자 연령,피해운전자 상해정도
2021102100100433,2021년 10월 21일 18시,목요일,경기도 성남시 분당구 수내동,경상사고,0,0,1,0,차대사람 - 기타,보행자보호의무위반,포장 - 건조,맑음,교차로 - 교차로횡단보도내,승용,여,62세,상해없음,보행자,남,8세,경상
2021102100100476,2021년 10월 21일 18시,목요일,경기도 고양시 일산동구 정발산동,경상사고,0,0,1,0,차대사람 - 보도통행중,보행자보호의무위반,포장 - 건조,맑음,교차로 - 교차로부근,승용,여,40세,상해없음,보행자,남,43세,경상
2021102100100493,2021년 10월 21일 19시,목요일,경기도 성남시 수정구 태평동,경상사고,0,0,1,0,차대사람 - 기타,안전운전불이행,포장 - 건조,맑음,단일로 - 기타,승합,남,31세,상해없음,보행자,남,16세,경상
2021102100100500,2021년 10월 21일 19시,목요일,경기도 용인시 수지구 성복동,경상사고,0,0,1,0,차대사람 - 보도통행중,보행자보호의무위반,포장 - 건조,맑음,교차로 - 교차로횡단보도내,승용,남,79세,상해없음,보행자,여,30세,경상
2021102100100531,2021년 10월 21일 19시,목요일,경기도 파주시 야당동,경상사고,0,0,1,0,차대사람 - 길가장자리구역통행중,안전운전불이행,포장 - 건조,맑음,단일로 - 기타,승용,여,60세,상해없음,보행자,여,22세,경상
2021102100100598,2021년 10월 21일 22시,목요일,경기도 수원시 권선구 권선동,경상사고,0,0,1,0,차대사람 - 차도통행중,안전운전불이행,포장 - 건조,맑음,기타 - 기타,승용,남,24세,상해없음,보행자,남,24세,경상
2021102100100599,2021년 10월 21일 22시,목요일,경기도 수원시 영통구 원천동,경상사고,0,0,1,0,차대사람 - 차도통행중,안전운전불이행,포장 - 건조,맑음,단일로 - 기타,원동기,남,24세,상해없음,보행자,남,19세,경상
2021102200100085,2021년 10월 22일 08시,금요일,경기도 김포시 통진읍,사망사고,1,0,0,0,차대사람 - 횡단중,안전운전불이행,포장 - 건조,맑음,단일로 - 기타,승용,남,24세,상해없음,보행자,여,71세,사망
2021102200100123,2021년 10월 22일 09시,금요일,경기도 수원시 장안구 천천동,중상사고,0,1,0,0,차대사람 - 보도통행중,기타,포장 - 건조,맑음,교차로 - 교차로안,자전거,남,54세,상해없음,보행자,여,10세,중상
2021102200100128,2021년 10월 22일 09시,금요일,경기도 하남시 신장동,경상사고,0,0,1,0,차대사람 - 기타,안전운전불이행,포장 - 건조,맑음,단일로 - 기타,승용,남,37세,상해없음,보행자,여,35세,경상
2021102200100155,2021년 10월 22일 09시,금요일,경기도 구리시 수택동,중상사고,0,1,0,0,차대사람 - 기타,안전운전불이행,포장 - 건조,맑음,교차로 - 교차로안,승용,남,44세,상해없음,보행자,여,60세,중상
2021102200100250,2021년 10월 22일 12시,금요일,경기도 성남시 중원구 금광동,경상사고,0,0,1,0,차대사람 - 차도통행중,안전운전불이행,포장 - 건조,맑음,교차로 - 교차로부근,승용,남,46세,상해없음,보행자,남,53세,경상
2021102200100281,2021년 10월 22일 13시,금요일,경기도 광명시 일직동,중상사고,0,1,0,0,차대사람 - 횡단중,보행자보호의무위반,포장 - 건조,맑음,교차로 - 교차로횡단보도내,승용,남,55세,상해없음,보행자,남,68세,중상
2021102200100287,2021년 10월 22일 13시,금요일,경기도 하남시 덕풍동,경상사고,0,0,1,0,차대사람 - 기타,신호위반,포장 - 건조,맑음,교차로 - 교차로안,이륜,남,71세,상해없음,보행자,여,27세,상해없음
2021102200100319,2021년 10월 22일 14시,금요일,경기도 시흥시 정왕동,사망사고,1,0,0,0,차대사람 - 기타,보행자보호의무위반,포장 - 건조,맑음,단일로 - 기타,자전거,남,31세,상해없음,보행자,여,69세,사망
2021102200100351,2021년 10월 22일 14시,금요일,경기도 남양주시 와부읍,중상사고,0,1,0,0,차대사람 - 기타,안전운전불이행,포장 - 건조,맑음,단일로 - 기타,승용,여,30세,상해없음,보행자,남,53세,중상
2021102200100357,2021년 10월 22일 15시,금요일,경기도 성남시 수정구 태평동,경상사고,0,0,1,0,차대사람 - 보도통행중,보행자보호의무위반,포장 - 건조,맑음,교차로 - 교차로횡단보도내,승용,남,76세,기타불명,보행자,남,24세,경상
2021102200100358,2021년 10월 22일 15시,금요일,경기도 평택시 지산동,중상사고,0,1,0,0,차대사람 - 기타,안전운전불이행,포장 - 건조,맑음,기타 - 기타,승합,남,63세,상해없음,보행자,여,48세,중상
2021102200100361,2021년 10월 22일 15시,금요일,경기도 김포시 북변동,경상사고,0,0,1,0,차대사람 - 기타,안전운전불이행,포장 - 건조,맑음,교차로 - 교차로안,화물,남,61세,상해없음,보행자,남,73세,경상
2021102200100392,2021년 10월 22일 15시,금요일,경기도 고양시 일산동구 식사동,중상사고,0,1,0,0,차대사람 - 기타,안전운전불이행,포장 - 건조,맑음,단일로 - 기타,자전거,여,11세,상해없음,보행자,여,59세,중상
2021102200100405,2021년 10월 22일 16시,금요일,경기도 수원시 장안구 정자동,경상사고,0,0,1,0,차대사람 - 보도통행중,안전운전불이행,포장 - 건조,맑음,교차로 - 교차로부근,자전거,남,12세,상해없음,보행자,남,5세,경상
2021102200100441,2021년 10월 22일 16시,금요일,경기도 고양시 일산동구 풍동,경상사고,0,0,1,0,차대사람 - 보도통행중,기타,포장 - 건조,맑음,기타 - 기타,자전거,남,13세,상해없음,보행자,여,29세,경상
2021102200100442,2021년 10월 22일 16시,금요일,경기도 남양주시 다산동,경상사고,0,0,1,0,차대사람 - 보도통행중,기타,포장 - 건조,맑음,단일로 - 기타,개인형이동수단(PM),여,25세,상해없음,보행자,여,8세,경상
2021102200100503,2021년 10월 22일 17시,금요일,경기도 고양시 일산서구 탄현동,부상신고사고,0,0,0,1,차대사람 - 기타,기타,포장 - 건조,맑음,기타 - 기타,자전거,기타불명,미분류,기타불명,보행자,남,7세,부상신고
2021102200100532,2021년 10월 22일 18시,금요일,경기도 수원시 권선구 금곡동,경상사고,0,0,2,0,차대사람 - 기타,차로위반,포장 - 건조,맑음,단일로 - 기타,승용,남,67세,상해없음,보행자,남,42세,경상
2021102200100592,2021년 10월 22일 19시,금요일,경기도 광주시 초월읍,경상사고,0,0,1,0,차대사람 - 기타,안전운전불이행,포장 - 건조,맑음,교차로 - 교차로부근,특수,남,47세,상해없음,보행자,남,37세,경상
2021102200100595,2021년 10월 22일 19시,금요일,경기도 여주시 점봉동,경상사고,0,0,1,0,차대사람 - 기타,안전운전불이행,포장 - 건조,맑음,기타 - 기타,승용,남,43세,상해없음,보행자,여,23세,경상
2021102200100596,2021년 10월 22일 19시,금요일,경기도 부천시 상동,경상사고,0,0,1,0,차대사람 - 횡단중,신호위반,포장 - 건조,맑음,단일로 - 기타,자전거,남,34세,상해없음,보행자,남,30세,경상
2021102200100599,2021년 10월 22일 19시,금요일,경기도 시흥시 대야동,경상사고,0,0,1,0,차대사람 - 기타,안전운전불이행,포장 - 건조,맑음,단일로 - 기타,승용,여,55세,상해없음,보행자,남,65세,경상
2021102200100600,2021년 10월 22일 19시,금요일,경기도 화성시 봉담읍,경상사고,0,0,1,0,차대사람 - 기타,안전운전불이행,포장 - 건조,맑음,주차장 - 주차장,승용,여,43세,상해없음,보행자,남,24세,경상
2021102200100635,2021년 10월 22일 20시,금요일,경기도 시흥시 신천동,경상사고,0,0,1,0,차대사람 - 기타,안전운전불이행,포장 - 건조,맑음,단일로 - 기타,승용,남,66세,상해없음,보행자,남,57세,경상
2021102200100651,2021년 10월 22일 20시,금요일,경기도 의정부시 의정부동,사망사고,1,0,0,0,차대사람 - 횡단중,안전운전불이행,포장 - 건조,맑음,교차로 - 교차로횡단보도내,승용,남,61세,상해없음,보행자,여,72세,사망
2021102200100652,2021년 10월 22일 20시,금요일,경기도 의정부시 의정부동,경상사고,0,0,1,0,차대사람 - 차도통행중,신호위반,포장 - 건조,맑음,단일로 - 기타,승용,남,61세,상해없음,보행자,남,49세,경상
2021102200100664,2021년 10월 22일 21시,금요일,경기도 김포시 고촌읍,경상사고,0,0,1,0,차대사람 - 기타,기타,포장 - 건조,맑음,단일로 - 기타,승합,남,46세,상해없음,보행자,남,51세,경상
2021102200100668,2021년 10월 22일 21시,금요일,경기도 화성시 봉담읍,중상사고,0,1,0,0,차대사람 - 횡단중,보행자보호의무위반,포장 - 건조,맑음,교차로 - 교차로횡단보도내,승용,여,48세,상해없음,보행자,여,27세,중상
2021102200100680,2021년 10월 22일 21시,금요일,경기도 고양시 일산동구 백석동,경상사고,0,0,1,0,차대사람 - 기타,안전운전불이행,포장 - 건조,맑음,교차로 - 교차로안,승용,남,28세,상해없음,보행자,여,27세,경상
2021102200100681,2021년 10월 22일 21시,금요일,경기도 구리시 수택동,경상사고,0,0,1,0,차대사람 - 기타,안전운전불이행,포장 - 건조,맑음,교차로 - 교차로안,승용,남,62세,상해없음,보행자,남,33세,경상
2021102200100695,2021년 10월 22일 22시,금요일,경기도 수원시 장안구 파장동,경상사고,0,0,1,0,차대사람 - 기타,안전운전불이행,포장 - 건조,맑음,교차로 - 교차로부근,승합,남,64세,상해없음,보행자,남,42세,경상
2021102200100723,2021년 10월 22일 22시,금요일,경기도 파주시 와동동,부상신고사고,0,0,0,1,차대사람 - 기타,기타,포장 - 건조,맑음,단일로 - 기타,승합,남,58세,상해없음,보행자,여,8세,부상신고
2021102200100725,2021년 10월 22일 22시,금요일,경기도 구리시 인창동,경상사고,0,0,1,0,차대사람 - 기타,안전운전불이행,포장 - 건조,맑음,교차로 - 교차로부근,승용,남,24세,상해없음,보행자,남,26세,경상
2021102200100736,2021년 10월 22일 23시,금요일,경기도 성남시 분당구 수내동,경상사고,0,0,1,0,차대사람 - 기타,안전운전불이행,포장 - 건조,맑음,기타 - 기타,승용,남,58세,기타불명,보행자,남,52세,경상
2021102200100737,2021년 10월 22일 23시,금요일,경기도 시흥시 정왕동,경상사고,0,0,1,0,차대사람 - 기타,안전운전불이행,포장 - 건조,맑음,교차로 - 교차로부근,승용,여,30세,상해없음,보행자,남,48세,경상
2021102300100049,2021년 10월 23일 06시,토요일,경기도 하남시 덕풍동,경상사고,0,0,1,0,차대사람 - 기타,안전운전불이행,포장 - 건조,맑음,기타 - 기타,승용,여,44세,상해없음,보행자,남,52세,경상
2021102300100113,2021년 10월 23일 10시,토요일,경기도 안성시 죽산면,경상사고,0,0,1,0,차대사람 - 길가장자리구역통행중,안전운전불이행,포장 - 건조,맑음,단일로 - 기타,승용,여,58세,상해없음,보행자,남,79세,경상
2021102300100138,2021년 10월 23일 10시,토요일,경기도 고양시 덕양구 행신동,경상사고,0,0,1,0,차대사람 - 보도통행중,안전운전불이행,포장 - 건조,맑음,기타 - 기타,자전거,남,77세,상해없음,보행자,남,5세,경상
2021102300100152,2021년 10월 23일 11시,토요일,경기도 광명시 하안동,중상사고,0,1,0,0,차대사람 - 횡단중,보행자보호의무위반,포장 - 건조,맑음,교차로 - 교차로안,화물,남,62세,상해없음,보행자,여,82세,중상
2021102300100193,2021년 10월 23일 12시,토요일,경기도 안성시 인지동,중상사고,0,1,0,0,차대사람 - 횡단중,보행자보호의무위반,포장 - 건조,맑음,교차로 - 교차로횡단보도내,승용,남,63세,상해없음,보행자,남,67세,중상
2021102300100197,2021년 10월 23일 12시,토요일,경기도 광명시 광명동,중상사고,0,1,0,0,차대사람 - 기타,교차로운행방법위반,포장 - 건조,맑음,교차로 - 교차로안,승용,남,52세,상해없음,보행자,남,64세,중상
2021102300100201,2021년 10월 23일 12시,토요일,경기도 시흥시 대야동,경상사고,0,0,1,0,차대사람 - 기타,안전운전불이행,포장 - 건조,맑음,기타 - 기타,승용,남,40세,상해없음,보행자,남,42세,경상
2021102300100247,2021년 10월 23일 13시,토요일,경기도 화성시 송산면,경상사고,0,0,1,0,차대사람 - 기타,안전운전불이행,포장 - 기타,맑음,기타 - 기타,사륜오토바이(ATV),남,67세,상해없음,보행자,남,57세,경상
2021102300100249,2021년 10월 23일 13시,토요일,경기도 부천시 고강동,경상사고,0,0,1,0,차대사람 - 기타,안전운전불이행,포장 - 건조,맑음,단일로 - 기타,승용,남,31세,상해없음,보행자,남,51세,경상
2021102300100276,2021년 10월 23일 13시,토요일,경기도 남양주시 진접읍,중상사고,0,1,0,0,차대사람 - 횡단중,보행자보호의무위반,포장 - 건조,맑음,교차로 - 교차로안,화물,남,46세,상해없음,보행자,여,46세,중상
2021102300100336,2021년 10월 23일 15시,토요일,경기도 양평군 양평읍,중상사고,0,1,0,0,차대사람 - 기타,보행자보호의무위반,포장 - 건조,맑음,교차로 - 교차로부근,화물,남,68세,상해없음,보행자,남,53세,중상
2021102300100381,2021년 10월 23일 16시,토요일,경기도 수원시 장안구 정자동,경상사고,0,0,1,0,차대사람 - 기타,안전운전불이행,포장 - 건조,맑음,기타 - 기타,자전거,남,19세,상해없음,보행자,남,75세,경상
2021102300100382,2021년 10월 23일 16시,토요일,경기도 수원시 장안구 영화동,중상사고,0,1,0,0,차대사람 - 기타,안전운전불이행,포장 - 건조,맑음,단일로 - 기타,화물,남,48세,상해없음,보행자,남,92세,중상
2021102300100384,2021년 10월 23일 16시,토요일,경기도 이천시 장호원읍,경상사고,0,0,1,0,차대사람 - 횡단중,안전운전불이행,포장 - 건조,맑음,교차로 - 교차로부근,화물,남,46세,상해없음,보행자,여,17세,경상
2021102300100388,2021년 10월 23일 16시,토요일,경기도 부천시 원미동,중상사고,0,1,0,0,차대사람 - 기타,안전운전불이행,포장 - 건조,맑음,단일로 - 기타,승용,남,61세,상해없음,보행자,여,60세,중상
2021102300100390,2021년 10월 23일 16시,토요일,경기도 광명시 노온사동,중상사고,0,1,0,0,차대사람 - 차도통행중,안전운전불이행,포장 - 건조,맑음,교차로 - 교차로안,건설기계,남,71세,상해없음,보행자,여,78세,중상
2021102300100423,2021년 10월 23일 17시,토요일,경기도 김포시 장기동,경상사고,0,0,1,0,차대사람 - 횡단중,안전운전불이행,포장 - 건조,맑음,단일로 - 기타,화물,남,77세,상해없음,보행자,남,52세,경상
2021102300100424,2021년 10월 23일 17시,토요일,경기도 양평군 양평읍,경상사고,0,0,1,0,차대사람 - 횡단중,보행자보호의무위반,포장 - 건조,맑음,교차로 - 교차로횡단보도내,승용,여,67세,상해없음,보행자,남,46세,경상
2021102300100452,2021년 10월 23일 18시,토요일,경기도 평택시 신장동,부상신고사고,0,0,0,1,차대사람 - 기타,중앙선침범,포장 - 건조,맑음,단일로 - 기타,화물,남,50세,상해없음,보행자,남,50세,부상신고
2021102300100456,2021년 10월 23일 18시,토요일,경기도 수원시 영통구 원천동,중상사고,0,1,1,0,차대사람 - 횡단중,안전운전불이행,포장 - 건조,맑음,교차로 - 교차로안,승용,남,58세,상해없음,보행자,남,15세,중상
2021102300100494,2021년 10월 23일 18시,토요일,경기도 연천군 전곡읍,부상신고사고,0,0,0,1,차대사람 - 기타,안전운전불이행,포장 - 건조,맑음,교차로 - 교차로안,승합,남,63세,상해없음,보행자,남,44세,부상신고
2021102300100512,2021년 10월 23일 19시,토요일,경기도 오산시 궐동,경상사고,0,0,1,0,차대사람 - 차도통행중,안전운전불이행,포장 - 건조,맑음,단일로 - 기타,승용,남,25세,상해없음,보행자,남,34세,경상
2021102300100560,2021년 10월 23일 21시,토요일,경기도 부천시 중동,경상사고,0,0,1,0,차대사람 - 기타,안전운전불이행,포장 - 건조,맑음,단일로 - 기타,승용,남,52세,상해없음,보행자,남,55세,경상
2021102300100588,2021년 10월 23일 22시,토요일,경기도 수원시 팔달구 인계동,경상사고,0,0,1,0,차대사람 - 기타,안전운전불이행,포장 - 건조,맑음,단일로 - 기타,승용,여,53세,상해없음,보행자,남,45세,경상
2021102300100613,2021년 10월 23일 23시,토요일,경기도 부천시 원미동,경상사고,0,0,1,0,차대사람 - 기타,안전운전불이행,포장 - 건조,맑음,단일로 - 기타,화물,여,59세,상해없음,보행자,남,39세,경상
2021102300100622,2021년 10월 23일 23시,토요일,경기도 고양시 일산동구 장항동,중상사고,0,1,0,0,차대사람 - 기타,안전운전불이행,포장 - 건조,맑음,단일로 - 기타,승용,남,26세,상해없음,보행자,남,24세,중상
2021102400100033,2021년 10월 24일 02시,일요일,경기도 부천시 송내동,중상사고,0,1,0,0,차대사람 - 기타,안전운전불이행,포장 - 건조,맑음,단일로 - 기타,승용,남,64세,상해없음,보행자,남,51세,중상
2021102400100038,2021년 10월 24일 02시,일요일,경기도 남양주시 오남읍,경상사고,0,0,1,0,차대사람 - 기타,안전운전불이행,포장 - 건조,맑음,교차로 - 교차로안,화물,남,63세,상해없음,보행자,남,24세,경상
2021102400100076,2021년 10월 24일 09시,일요일,경기도 안성시 중리동,경상사고,0,0,2,0,차대사람 - 기타,안전운전불이행,포장 - 건조,맑음,기타 - 기타,승용,여,57세,상해없음,보행자,여,8세,경상
2021102400100187,2021년 10월 24일 13시,일요일,경기도 평택시 팽성읍,경상사고,0,0,1,0,차대사람 - 길가장자리구역통행중,안전운전불이행,포장 - 건조,맑음,기타 - 기타,자전거,남,43세,상해없음,보행자,남,41세,경상
2021102400100260,2021년 10월 24일 15시,일요일,경기도 성남시 분당구 수내동,경상사고,0,0,1,0,차대사람 - 기타,안전운전불이행,포장 - 건조,맑음,기타 - 기타,자전거,남,55세,상해없음,보행자,남,55세,경상
2021102400100312,2021년 10월 24일 16시,일요일,경기도 남양주시 진접읍,중상사고,0,1,0,0,차대사람 - 기타,안전운전불이행,포장 - 건조,맑음,단일로 - 기타,자전거,남,26세,상해없음,보행자,여,62세,중상
2021102400100353,2021년 10월 24일 17시,일요일,경기도 고양시 일산서구 탄현동,경상사고,0,0,1,0,차대사람 - 횡단중,보행자보호의무위반,포장 - 건조,맑음,교차로 - 교차로횡단보도내,승용,여,53세,기타불명,보행자,남,46세,경상
2021102400100409,2021년 10월 24일 19시,일요일,경기도 이천시 대월면,경상사고,0,0,1,0,차대사람 - 기타,안전운전불이행,포장 - 건조,맑음,교차로 - 교차로부근,승용,남,58세,상해없음,보행자,여,48세,경상
2021102400100411,2021년 10월 24일 19시,일요일,경기도 용인시 기흥구 구갈동,중상사고,0,1,0,0,차대사람 - 횡단중,신호위반,포장 - 건조,맑음,교차로 - 교차로부근,이륜,남,19세,상해없음,보행자,여,70세,중상
2021102400100412,2021년 10월 24일 19시,일요일,경기도 오산시 내삼미동,경상사고,0,0,1,0,차대사람 - 횡단중,보행자보호의무위반,포장 - 건조,맑음,교차로 - 교차로안,이륜,남,28세,상해없음,보행자,남,36세,경상
2021102400100416,2021년 10월 24일 19시,일요일,경기도 용인시 처인구 고림동,경상사고,0,0,1,0,차대사람 - 기타,안전운전불이행,포장 - 건조,맑음,주차장 - 주차장,승용,여,62세,상해없음,보행자,남,46세,경상
2021102400100469,2021년 10월 24일 21시,일요일,경기도 의정부시 용현동,경상사고,0,0,1,0,차대사람 - 횡단중,보행자보호의무위반,포장 - 건조,맑음,교차로 - 교차로횡단보도내,승용,남,21세,상해없음,보행자,여,28세,경상
2021102400100480,2021년 10월 24일 22시,일요일,경기도 안성시 신건지동,경상사고,0,0,1,0,차대사람 - 횡단중,안전운전불이행,포장 - 건조,맑음,교차로 - 교차로안,화물,남,29세,상해없음,보행자,남,27세,경상
2021102500100047,2021년 10월 25일 07시,월요일,경기도 부천시 원종동,중상사고,0,1,0,0,차대사람 - 횡단중,보행자보호의무위반,포장 - 건조,맑음,교차로 - 교차로횡단보도내,승용,남,38세,상해없음,보행자,남,33세,중상
2021102500100151,2021년 10월 25일 09시,월요일,경기도 고양시 덕양구 성사동,경상사고,0,0,1,0,차대사람 - 횡단중,안전운전불이행,포장 - 건조,맑음,단일로 - 기타,이륜,남,66세,상해없음,보행자,여,52세,경상
2021102500100157,2021년 10월 25일 10시,월요일,경기도 평택시 오성면,경상사고,0,0,1,0,차대사람 - 기타,중앙선침범,포장 - 건조,맑음,교차로 - 교차로부근,승합,남,53세,상해없음,보행자,남,45세,경상
2021102500100194,2021년 10월 25일 11시,월요일,경기도 부천시 상동,중상사고,0,1,0,0,차대사람 - 차도통행중,안전운전불이행,포장 - 건조,맑음,교차로 - 교차로안,승용,남,48세,상해없음,보행자,여,58세,중상
2021102500100195,2021년 10월 25일 11시,월요일,경기도 안산시 상록구 본오동,부상신고사고,0,0,0,1,차대사람 - 보도통행중,안전운전불이행,포장 - 건조,맑음,단일로 - 기타,기타불명,기타불명,미분류,기타불명,보행자,여,53세,부상신고
2021102500100196,2021년 10월 25일 11시,월요일,경기도 화성시 양감면,중상사고,0,1,0,0,차대사람 - 기타,안전운전불이행,포장 - 기타,맑음,주차장 - 주차장,승용,여,58세,상해없음,보행자,남,54세,중상
2021102500100218,2021년 10월 25일 12시,월요일,경기도 안성시 공도읍,경상사고,0,0,1,0,차대사람 - 기타,안전운전불이행,포장 - 건조,기타,단일로 - 기타,승용,여,52세,상해없음,보행자,남,54세,경상
2021102500100222,2021년 10월 25일 12시,월요일,경기도 시흥시 정왕동,경상사고,0,0,1,0,차대사람 - 길가장자리구역통행중,안전운전불이행,포장 - 건조,맑음,기타 - 기타,승용,여,55세,상해없음,보행자,남,23세,경상
2021102500100258,2021년 10월 25일 13시,월요일,경기도 여주시 홍문동,경상사고,0,0,1,0,차대사람 - 길가장자리구역통행중,안전운전불이행,포장 - 건조,맑음,교차로 - 교차로안,승용,여,39세,상해없음,보행자,여,76세,경상
2021102500100276,2021년 10월 25일 13시,월요일,경기도 남양주시 진접읍,경상사고,0,0,1,0,차대사람 - 기타,안전운전불이행,포장 - 건조,맑음,단일로 - 기타,자전거,남,51세,상해없음,보행자,남,82세,경상
2021102500100292,2021년 10월 25일 14시,월요일,경기도 용인시 기흥구 상하동,중상사고,0,1,0,0,차대사람 - 차도통행중,안전운전불이행,포장 - 건조,맑음,교차로 - 교차로안,승용,남,50세,상해없음,보행자,여,55세,중상
2021102500100338,2021년 10월 25일 15시,월요일,경기도 안산시 단원구 선부동,경상사고,0,0,1,0,차대사람 - 차도통행중,안전운전불이행,포장 - 건조,맑음,단일로 - 기타,이륜,남,23세,기타불명,보행자,남,8세,경상
2021102500100340,2021년 10월 25일 15시,월요일,경기도 안산시 상록구 부곡동,경상사고,0,0,1,0,차대사람 - 기타,안전운전불이행,포장 - 건조,맑음,기타 - 기타,기타불명,남,11세,기타불명,보행자,여,54세,경상
2021102500100367,2021년 10월 25일 15시,월요일,경기도 남양주시 다산동,중상사고,0,1,0,0,차대사람 - 횡단중,보행자보호의무위반,포장 - 건조,맑음,교차로 - 교차로안,승용,남,67세,상해없음,보행자,여,81세,중상
2021102500100368,2021년 10월 25일 15시,월요일,경기도 양주시 은현면,경상사고,0,0,1,0,차대사람 - 기타,안전운전불이행,포장 - 건조,맑음,주차장 - 주차장,화물,남,69세,상해없음,보행자,여,56세,경상
2021102500100370,2021년 10월 25일 15시,월요일,경기도 구리시 수택동,경상사고,0,0,1,0,차대사람 - 차도통행중,안전운전불이행,포장 - 건조,맑음,단일로 - 기타,승용,남,65세,상해없음,보행자,여,78세,경상
2021102500100381,2021년 10월 25일 16시,월요일,경기도 용인시 처인구 김량장동,경상사고,0,0,1,0,차대사람 - 횡단중,보행자보호의무위반,포장 - 건조,맑음,교차로 - 교차로안,승용,남,68세,상해없음,보행자,남,27세,경상
2021102500100383,2021년 10월 25일 16시,월요일,경기도 부천시 원미동,중상사고,0,1,0,0,차대사람 - 횡단중,안전운전불이행,포장 - 건조,맑음,교차로 - 교차로안,화물,남,52세,상해없음,보행자,남,78세,중상
2021102500100387,2021년 10월 25일 16시,월요일,경기도 수원시 권선구 세류동,경상사고,0,0,1,0,차대사람 - 기타,안전운전불이행,포장 - 건조,맑음,기타 - 기타,승용,여,56세,상해없음,보행자,여,14세,경상
2021102500100416,2021년 10월 25일 16시,월요일,경기도 고양시 덕양구 삼송동,중상사고,0,1,0,0,차대사람 - 기타,안전운전불이행,포장 - 건조,맑음,단일로 - 기타,자전거,남,65세,상해없음,보행자,여,73세,중상
2021102500100464,2021년 10월 25일 17시,월요일,경기도 남양주시 퇴계원읍,경상사고,0,0,1,0,차대사람 - 기타,안전운전불이행,포장 - 건조,맑음,기타 - 기타,승용,남,41세,상해없음,보행자,여,23세,경상
2021102500100476,2021년 10월 25일 18시,월요일,경기도 용인시 기흥구 상하동,중상사고,0,1,0,0,차대사람 - 기타,신호위반,포장 - 건조,맑음,교차로 - 교차로안,이륜,남,23세,상해없음,보행자,남,62세,중상
2021102500100517,2021년 10월 25일 18시,월요일,경기도 의정부시 호원동,경상사고,0,0,1,0,차대사람 - 횡단중,보행자보호의무위반,포장 - 건조,맑음,교차로 - 교차로횡단보도내,이륜,남,30세,상해없음,보행자,남,23세,경상
2021102500100563,2021년 10월 25일 19시,월요일,경기도 의정부시 의정부동,경상사고,0,0,1,0,차대사람 - 길가장자리구역통행중,안전운전불이행,포장 - 건조,맑음,단일로 - 기타,승용,여,30세,상해없음,보행자,남,81세,경상
2021102500100565,2021년 10월 25일 19시,월요일,경기도 고양시 덕양구 지축동,중상사고,0,1,0,0,차대사람 - 기타,안전운전불이행,포장 - 건조,맑음,단일로 - 기타,화물,남,67세,상해없음,보행자,여,65세,중상
2021102500100576,2021년 10월 25일 20시,월요일,경기도 양평군 청운면,사망사고,1,0,0,0,차대사람 - 기타,안전운전불이행,포장 - 건조,맑음,단일로 - 기타,승용,남,32세,상해없음,보행자,남,75세,사망
2021102500100579,2021년 10월 25일 20시,월요일,경기도 안산시 단원구 초지동,경상사고,0,0,1,0,차대사람 - 기타,보행자보호의무위반,포장 - 건조,맑음,단일로 - 기타,승합,남,60세,상해없음,보행자,남,42세,경상
2021102500100607,2021년 10월 25일 21시,월요일,경기도 부천시 중동,중상사고,0,1,0,0,차대사람 - 횡단중,보행자보호의무위반,포장 - 건조,맑음,교차로 - 교차로안,승합,남,45세,상해없음,보행자,여,59세,중상
2021102500100634,2021년 10월 25일 22시,월요일,경기도 수원시 영통구 영통동,경상사고,0,0,1,0,차대사람 - 횡단중,안전운전불이행,포장 - 건조,맑음,단일로 - 기타,화물,남,45세,상해없음,보행자,여,39세,경상
2021102500100635,2021년 10월 25일 22시,월요일,경기도 하남시 망월동,중상사고,0,1,0,0,차대사람 - 횡단중,보행자보호의무위반,포장 - 건조,맑음,교차로 - 교차로안,승용,남,45세,상해없음,보행자,남,43세,중상
2021102500100651,2021년 10월 25일 23시,월요일,경기도 안산시 단원구 초지동,경상사고,0,0,1,0,차대사람 - 기타,안전운전불이행,포장 - 건조,맑음,교차로 - 교차로부근,승용,남,40세,상해없음,보행자,남,52세,경상
2021102600100027,2021년 10월 26일 05시,화요일,경기도 수원시 영통구 매탄동,경상사고,0,0,2,0,차대사람 - 횡단중,신호위반,포장 - 건조,맑음,교차로 - 교차로안,이륜,남,44세,경상,보행자,남,60세,경상
2021102600100032,2021년 10월 26일 06시,화요일,경기도 수원시 장안구 천천동,중상사고,0,1,0,0,차대사람 - 횡단중,보행자보호의무위반,포장 - 건조,맑음,교차로 - 교차로횡단보도내,승용,남,52세,상해없음,보행자,남,47세,중상
2021102600100060,2021년 10월 26일 07시,화요일,경기도 고양시 덕양구 화전동,경상사고,0,0,1,0,차대사람 - 보도통행중,기타,포장 - 건조,맑음,단일로 - 지하차도(도로)내,화물,남,43세,상해없음,보행자,여,37세,경상