사고번호,사고일시,요일,시군구,사고내용,사망자수,중상자수,경상자수,부상신고자수,사고유형,법규위반,노면상태,기상상태,도로형태,가해운전자 차종,가해운전자 성별,가해운전자 연령,가해운전자 상해정도,피해운전자 차종,피해운전자 성별,피해운전자 연령,피해운전자 상해정도
2021102900100651,2021년 10월 29일 22시,금요일,경기도 부천시 원종동,경상사고,0,0,1,0,차대사람 - 기타,안전운전불이행,포장 - 건조,맑음,단일로 - 기타,특수,남,55세,상해없음,보행자,여,19세,경상
2021103000100032,2021년 10월 30일 02시,토요일,경기도 안산시 단원구 원곡동,중상사고,0,1,0,0,차대사람 - 기타,안전운전불이행,포장 - 건조,맑음,단일로 - 기타,승용,남,30세,상해없음,보행자,남,58세,중상
2021103000100048,2021년 10월 30일 05시,토요일,경기도 광주시 중대동,중상사고,0,1,0,0,차대사람 - 횡단중,안전운전불이행,포장 - 건조,맑음,단일로 - 기타,화물,남,64세,상해없음,보행자,여,61세,중상
2021103000100050,2021년 10월 30일 05시,토요일,경기도 고양시 일산동구 마두동,경상사고,0,0,1,0,차대사람 - 횡단중,보행자보호의무위반,포장 - 건조,맑음,교차로 - 교차로횡단보도내,화물,남,35세,상해없음,보행자,남,77세,경상
2021103000100067,2021년 10월 30일 07시,토요일,경기도 안양시 만안구 안양동,경상사고,0,0,1,0,차대사람 - 기타,안전운전불이행,포장 - 건조,맑음,기타 - 기타,승용,남,37세,상해없음,보행자,남,32세,경상
2021103000100074,2021년 10월 30일 07시,토요일,경기도 남양주시 진접읍,중상사고,0,1,0,0,차대사람 - 기타,안전운전불이행,포장 - 건조,맑음,교차로 - 교차로부근,승용,여,52세,상해없음,보행자,여,70세,중상
2021103000100097,2021년 10월 30일 09시,토요일,경기도 안산시 상록구 본오동,경상사고,0,0,1,0,차대사람 - 횡단중,안전운전불이행,포장 - 건조,맑음,단일로 - 기타,승용,남,51세,상해없음,보행자,남,84세,경상
2021103000100107,2021년 10월 30일 09시,토요일,경기도 파주시 와동동,중상사고,0,1,0,0,차대사람 - 보도통행중,기타,포장 - 건조,맑음,단일로 - 기타,승용,남,59세,상해없음,보행자,여,58세,중상
2021103000100115,2021년 10월 30일 10시,토요일,경기도 부천시 괴안동,경상사고,0,0,1,0,차대사람 - 기타,안전운전불이행,포장 - 건조,맑음,단일로 - 기타,승용,남,26세,상해없음,보행자,여,47세,경상
2021103000100153,2021년 10월 30일 11시,토요일,경기도 김포시 대곶면,경상사고,0,0,1,0,차대사람 - 길가장자리구역통행중,보행자보호의무위반,포장 - 건조,맑음,교차로 - 교차로횡단보도내,화물,남,32세,상해없음,보행자,여,74세,경상
2021103000100223,2021년 10월 30일 13시,토요일,경기도 안양시 동안구 관양동,경상사고,0,0,1,0,차대사람 - 횡단중,신호위반,포장 - 건조,맑음,교차로 - 교차로횡단보도내,승합,남,53세,상해없음,보행자,남,71세,경상
2021103000100246,2021년 10월 30일 13시,토요일,경기도 고양시 일산동구 마두동,경상사고,0,0,1,0,차대사람 - 기타,안전운전불이행,포장 - 건조,맑음,기타 - 기타,자전거,남,60세,상해없음,보행자,여,83세,경상
2021103000100285,2021년 10월 30일 15시,토요일,경기도 성남시 중원구 도촌동,경상사고,0,0,1,0,차대사람 - 기타,안전운전불이행,포장 - 건조,맑음,단일로 - 기타,승용,남,50세,상해없음,보행자,남,5세,경상
2021103000100304,2021년 10월 30일 15시,토요일,경기도 고양시 덕양구 화정동,중상사고,0,1,0,0,차대사람 - 횡단중,보행자보호의무위반,포장 - 건조,맑음,교차로 - 교차로횡단보도내,승용,남,26세,상해없음,보행자,여,80세,중상
2021103000100316,2021년 10월 30일 16시,토요일,경기도 여주시 천송동,경상사고,0,0,1,0,차대사람 - 기타,안전운전불이행,포장 - 건조,맑음,단일로 - 기타,승용,여,38세,상해없음,보행자,남,53세,경상
2021103000100318,2021년 10월 30일 16시,토요일,경기도 부천시 소사본동,중상사고,0,1,0,0,차대사람 - 기타,안전운전불이행,포장 - 건조,맑음,단일로 - 기타,승용,남,34세,상해없음,보행자,여,63세,중상
2021103000100342,2021년 10월 30일 16시,토요일,경기도 고양시 덕양구 행신동,중상사고,0,1,0,0,차대사람 - 횡단중,보행자보호의무위반,포장 - 건조,흐림,교차로 - 교차로안,승용,남,22세,상해없음,보행자,여,49세,중상
2021103000100357,2021년 10월 30일 17시,토요일,경기도 오산시 오산동,경상사고,0,0,2,0,차대사람 - 기타,안전운전불이행,포장 - 건조,맑음,단일로 - 기타,승용,남,53세,경상,보행자,남,17세,경상
2021103000100403,2021년 10월 30일 18시,토요일,경기도 안산시 상록구 본오동,경상사고,0,0,1,0,차대사람 - 길가장자리구역통행중,안전운전불이행,포장 - 건조,맑음,단일로 - 기타,개인형이동수단(PM),여,22세,상해없음,보행자,남,51세,경상
2021103000100435,2021년 10월 30일 18시,토요일,경기도 남양주시 호평동,경상사고,0,0,1,0,차대사람 - 기타,안전운전불이행,포장 - 건조,맑음,단일로 - 기타,자전거,남,53세,기타불명,보행자,여,58세,경상
2021103000100436,2021년 10월 30일 18시,토요일,경기도 양주시 덕정동,경상사고,0,0,1,0,차대사람 - 기타,안전운전불이행,포장 - 건조,맑음,단일로 - 기타,승용,남,57세,상해없음,보행자,여,52세,경상
2021103000100450,2021년 10월 30일 19시,토요일,경기도 부천시 심곡본동,경상사고,0,0,1,0,차대사람 - 기타,교차로운행방법위반,포장 - 건조,맑음,교차로 - 교차로안,승용,남,33세,상해없음,보행자,남,68세,경상
2021103000100453,2021년 10월 30일 19시,토요일,경기도 안산시 상록구 사동,경상사고,0,0,1,0,차대사람 - 횡단중,신호위반,포장 - 건조,맑음,교차로 - 교차로횡단보도내,이륜,남,26세,상해없음,보행자,남,18세,경상
2021103000100472,2021년 10월 30일 19시,토요일,경기도 양주시 고암동,경상사고,0,0,1,0,차대사람 - 기타,안전운전불이행,포장 - 건조,맑음,주차장 - 주차장,승용,남,55세,상해없음,보행자,여,24세,경상
2021103000100516,2021년 10월 30일 21시,토요일,경기도 화성시 병점동,경상사고,0,0,1,0,차대사람 - 기타,안전운전불이행,포장 - 건조,맑음,교차로 - 교차로안,승용,남,41세,상해없음,보행자,남,50세,경상
2021103100100044,2021년 10월 31일 05시,일요일,경기도 고양시 덕양구 고양동,경상사고,0,0,1,0,차대사람 - 횡단중,보행자보호의무위반,포장 - 건조,흐림,교차로 - 교차로안,기타불명,기타불명,미분류,기타불명,보행자,남,72세,경상
2021103100100104,2021년 10월 31일 11시,일요일,경기도 수원시 팔달구 인계동,경상사고,0,0,1,0,차대사람 - 기타,안전운전불이행,포장 - 건조,맑음,기타 - 기타,승용,남,66세,상해없음,보행자,남,80세,경상
2021103100100106,2021년 10월 31일 11시,일요일,경기도 안산시 상록구 일동,부상신고사고,0,0,0,1,차대사람 - 기타,안전운전불이행,포장 - 건조,맑음,단일로 - 기타,승용,여,61세,상해없음,보행자,남,45세,부상신고
2021103100100129,2021년 10월 31일 12시,일요일,경기도 수원시 장안구 조원동,경상사고,0,0,1,0,차대사람 - 보도통행중,안전운전불이행,포장 - 건조,맑음,기타 - 기타,자전거,여,6세,상해없음,보행자,여,40세,경상
2021103100100135,2021년 10월 31일 12시,일요일,경기도 용인시 수지구 동천동,중상사고,0,1,0,0,차대사람 - 기타,안전운전불이행,포장 - 건조,맑음,교차로 - 교차로부근,승용,남,42세,상해없음,보행자,여,68세,중상
2021103100100235,2021년 10월 31일 15시,일요일,경기도 수원시 팔달구 팔달로2가,경상사고,0,0,1,0,차대사람 - 기타,안전운전불이행,포장 - 건조,맑음,단일로 - 기타,승용,남,34세,기타불명,보행자,남,38세,경상
2021103100100236,2021년 10월 31일 15시,일요일,경기도 수원시 팔달구 팔달로2가,중상사고,0,1,0,0,차대사람 - 기타,안전운전불이행,포장 - 건조,맑음,교차로 - 교차로안,승용,남,47세,상해없음,보행자,남,70세,중상
2021103100100332,2021년 10월 31일 17시,일요일,경기도 고양시 덕양구 행신동,중상사고,0,1,0,0,차대사람 - 차도통행중,중앙선침범,포장 - 건조,맑음,단일로 - 기타,승용,남,58세,기타불명,보행자,남,52세,중상
2021103100100333,2021년 10월 31일 17시,일요일,경기도 포천시 소흘읍,중상사고,0,1,0,0,차대사람 - 차도통행중,안전운전불이행,포장 - 건조,맑음,단일로 - 기타,승용,남,56세,상해없음,보행자,여,79세,중상
2021103100100346,2021년 10월 31일 18시,일요일,경기도 수원시 팔달구 화서동,경상사고,0,0,1,0,차대사람 - 횡단중,보행자보호의무위반,포장 - 건조,맑음,교차로 - 교차로안,승용,남,44세,상해없음,보행자,남,35세,경상
2021103100100348,2021년 10월 31일 18시,일요일,경기도 이천시 모가면,중상사고,0,1,0,0,차대사람 - 횡단중,안전운전불이행,포장 - 건조,맑음,단일로 - 기타,이륜,남,57세,상해없음,보행자,여,87세,중상
2021103100100351,2021년 10월 31일 18시,일요일,경기도 안산시 상록구 사동,경상사고,0,0,1,0,차대사람 - 기타,안전운전불이행,포장 - 건조,맑음,교차로 - 교차로안,이륜,남,19세,기타불명,보행자,여,27세,경상
2021103100100353,2021년 10월 31일 18시,일요일,경기도 하남시 덕풍동,경상사고,0,0,1,0,차대사람 - 기타,안전운전불이행,포장 - 건조,맑음,기타 - 기타,승합,여,50세,상해없음,보행자,여,37세,경상
2021103100100449,2021년 10월 31일 21시,일요일,경기도 하남시 망월동,경상사고,0,0,1,0,차대사람 - 횡단중,안전운전불이행,포장 - 건조,맑음,기타 - 기타,승용,남,30세,상해없음,보행자,남,38세,경상
2021103100100457,2021년 10월 31일 21시,일요일,경기도 의정부시 용현동,경상사고,0,0,1,0,차대사람 - 차도통행중,안전운전불이행,포장 - 건조,맑음,단일로 - 기타,승용,남,53세,상해없음,보행자,남,49세,경상
2021103100100458,2021년 10월 31일 21시,일요일,경기도 남양주시 일패동,경상사고,0,0,1,0,차대사람 - 기타,안전운전불이행,포장 - 젖음/습기,비,단일로 - 기타,승용,남,31세,상해없음,보행자,남,56세,경상
2021103100100489,2021년 10월 31일 23시,일요일,경기도 오산시 오산동,경상사고,0,0,1,0,차대사람 - 횡단중,보행자보호의무위반,포장 - 건조,맑음,교차로 - 교차로부근,이륜,남,20세,상해없음,보행자,남,47세,경상
2021110100100034,2021년 11월 1일 05시,월요일,경기도 화성시 석우동,경상사고,0,0,1,0,차대사람 - 길가장자리구역통행중,안전운전불이행,포장 - 건조,맑음,단일로 - 기타,승용,여,52세,상해없음,보행자,남,24세,경상
2021110100100059,2021년 11월 1일 07시,월요일,경기도 성남시 중원구 금광동,경상사고,0,0,1,0,차대사람 - 길가장자리구역통행중,안전운전불이행,포장 - 건조,흐림,단일로 - 기타,승용,여,28세,상해없음,보행자,남,79세,경상
2021110100100090,2021년 11월 1일 08시,월요일,경기도 부천시 상동,경상사고,0,0,1,0,차대사람 - 기타,안전운전불이행,포장 - 건조,맑음,기타 - 기타,자전거,기타불명,미분류,기타불명,보행자,여,54세,경상
2021110100100115,2021년 11월 1일 08시,월요일,경기도 남양주시 별내동,경상사고,0,0,1,0,차대사람 - 차도통행중,보행자보호의무위반,포장 - 건조,맑음,교차로 - 교차로횡단보도내,승용,여,44세,상해없음,보행자,남,12세,경상
2021110100100142,2021년 11월 1일 09시,월요일,경기도 포천시 소흘읍,경상사고,0,0,1,0,차대사람 - 기타,안전운전불이행,포장 - 건조,맑음,교차로 - 교차로부근,이륜,남,42세,상해없음,보행자,남,23세,경상
2021110100100154,2021년 11월 1일 10시,월요일,경기도 화성시 팔탄면,경상사고,0,0,1,0,차대사람 - 기타,안전운전불이행,포장 - 건조,맑음,단일로 - 기타,승용,남,25세,상해없음,보행자,남,45세,경상
2021110100100178,2021년 11월 1일 10시,월요일,경기도 포천시 소흘읍,중상사고,0,1,1,0,차대사람 - 횡단중,안전운전불이행,포장 - 건조,맑음,교차로 - 교차로부근,승용,남,32세,상해없음,보행자,여,71세,중상
2021110100100226,2021년 11월 1일 12시,월요일,경기도 안산시 단원구 신길동,중상사고,0,1,0,0,차대사람 - 차도통행중,안전운전불이행,포장 - 건조,맑음,교차로 - 교차로안,승용,남,61세,상해없음,보행자,여,75세,중상
2021110100100229,2021년 11월 1일 12시,월요일,경기도 화성시 남양읍,경상사고,0,0,1,0,차대사람 - 보도통행중,보행자보호의무위반,포장 - 건조,맑음,교차로 - 교차로횡단보도내,승용,남,34세,상해없음,보행자,여,48세,경상
2021110100100231,2021년 11월 1일 12시,월요일,경기도 부천시 오정동,중상사고,0,1,0,0,차대사람 - 횡단중,보행자보호의무위반,포장 - 건조,맑음,교차로 - 교차로횡단보도내,화물,남,47세,상해없음,보행자,여,71세,중상
2021110100100258,2021년 11월 1일 13시,월요일,경기도 화성시 병점동,경상사고,0,0,1,0,차대사람 - 보도통행중,보행자보호의무위반,포장 - 건조,맑음,교차로 - 교차로안,승용,여,20세,상해없음,보행자,여,48세,경상
2021110100100282,2021년 11월 1일 14시,월요일,경기도 수원시 팔달구 지동,중상사고,0,1,0,0,차대사람 - 횡단중,중앙선침범,포장 - 건조,맑음,교차로 - 교차로부근,화물,남,58세,상해없음,보행자,남,61세,중상
2021110100100371,2021년 11월 1일 16시,월요일,경기도 안성시 보개면,부상신고사고,0,0,0,1,차대사람 - 횡단중,안전운전불이행,포장 - 건조,맑음,단일로 - 기타,화물,남,55세,상해없음,보행자,남,83세,부상신고
2021110100100372,2021년 11월 1일 16시,월요일,경기도 광주시 경안동,경상사고,0,0,1,0,차대사람 - 길가장자리구역통행중,안전운전불이행,포장 - 건조,맑음,교차로 - 교차로부근,승용,여,44세,상해없음,보행자,여,13세,경상
2021110100100400,2021년 11월 1일 16시,월요일,경기도 연천군 전곡읍,중상사고,0,1,1,0,차대사람 - 차도통행중,안전운전불이행,포장 - 건조,맑음,단일로 - 기타,화물,남,67세,상해없음,보행자,여,57세,중상
2021110100100414,2021년 11월 1일 17시,월요일,경기도 안산시 단원구 와동,경상사고,0,0,1,0,차대사람 - 횡단중,안전운전불이행,포장 - 건조,맑음,단일로 - 기타,승용,남,53세,상해없음,보행자,남,10세,경상
2021110100100418,2021년 11월 1일 17시,월요일,경기도 용인시 수지구 풍덕천동,경상사고,0,0,1,0,차대사람 - 보도통행중,기타,포장 - 건조,맑음,기타 - 기타,승용,남,62세,상해없음,보행자,여,39세,경상
2021110100100464,2021년 11월 1일 18시,월요일,경기도 수원시 권선구 권선동,중상사고,0,1,0,0,차대사람 - 횡단중,신호위반,포장 - 건조,맑음,단일로 - 기타,승용,남,52세,상해없음,보행자,남,62세,중상
2021110100100506,2021년 11월 1일 18시,월요일,경기도 파주시 동패동,경상사고,0,0,1,0,차대사람 - 기타,안전운전불이행,포장 - 건조,맑음,단일로 - 기타,승용,여,40세,상해없음,보행자,여,28세,경상
2021110100100509,2021년 11월 1일 18시,월요일,경기도 남양주시 진접읍,경상사고,0,0,1,0,차대사람 - 횡단중,보행자보호의무위반,포장 - 건조,맑음,교차로 - 교차로횡단보도내,화물,남,55세,상해없음,보행자,남,6세,경상
2021110100100533,2021년 11월 1일 19시,월요일,경기도 포천시 가산면,사망사고,1,0,0,0,차대사람 - 기타,안전운전불이행,포장 - 건조,맑음,단일로 - 기타,승용,남,29세,상해없음,보행자,남,70세,사망
2021110100100542,2021년 11월 1일 20시,월요일,경기도 양평군 양평읍,중상사고,0,1,0,0,차대사람 - 횡단중,신호위반,포장 - 건조,맑음,교차로 - 교차로안,승용,남,49세,상해없음,보행자,남,16세,중상
2021110100100580,2021년 11월 1일 21시,월요일,경기도 파주시 금촌동,경상사고,0,0,1,0,차대사람 - 길가장자리구역통행중,안전운전불이행,포장 - 건조,맑음,단일로 - 기타,승용,남,61세,상해없음,보행자,여,43세,경상
2021110100100591,2021년 11월 1일 22시,월요일,경기도 용인시 기흥구 신갈동,경상사고,0,0,1,0,차대사람 - 길가장자리구역통행중,안전운전불이행,포장 - 건조,맑음,단일로 - 기타,승용,남,32세,상해없음,보행자,남,62세,경상
2021110100100592,2021년 11월 1일 22시,월요일,경기도 군포시 당동,경상사고,0,0,1,0,차대사람 - 기타,안전운전불이행,포장 - 건조,맑음,교차로 - 교차로안,승용,남,69세,상해없음,보행자,여,24세,경상
2021110100100609,2021년 11월 1일 23시,월요일,경기도 수원시 팔달구 인계동,경상사고,0,0,1,0,차대사람 - 기타,안전운전불이행,포장 - 건조,맑음,단일로 - 기타,승용,남,22세,상해없음,보행자,남,42세,경상
2021110200100003,2021년 11월 2일 00시,화요일,경기도 수원시 장안구 송죽동,경상사고,0,0,1,0,차대사람 - 기타,안전운전불이행,포장 - 건조,맑음,단일로 - 기타,승용,남,61세,기타불명,보행자,남,59세,경상
2021110200100014,2021년 11월 2일 00시,화요일,경기도 고양시 덕양구 대자동,중상사고,0,1,0,0,차대사람 - 횡단중,신호위반,포장 - 건조,맑음,교차로 - 교차로안,승용,남,34세,상해없음,보행자,남,51세,중상
2021110200100038,2021년 11월 2일 04시,화요일,경기도 의정부시 의정부동,경상사고,0,0,1,0,차대사람 - 기타,안전운전불이행,포장 - 건조,맑음,단일로 - 기타,승용,남,71세,상해없음,보행자,남,21세,경상
2021110200100047,2021년 11월 2일 05시,화요일,경기도 양주시 백석읍,사망사고,1,0,0,0,차대사람 - 차도통행중,안전운전불이행,포장 - 건조,기타,단일로 - 기타,승용,남,28세,상해없음,보행자,남,58세,사망
2021110200100093,2021년 11월 2일 08시,화요일,경기도 안성시 원곡면,중상사고,0,1,0,0,차대사람 - 횡단중,안전운전불이행,포장 - 건조,맑음,단일로 - 기타,승용,여,51세,상해없음,보행자,남,83세,중상
2021110200100100,2021년 11월 2일 08시,화요일,경기도 하남시 풍산동,경상사고,0,0,1,0,차대사람 - 기타,기타,포장 - 건조,맑음,기타 - 기타,승합,남,44세,상해없음,보행자,남,38세,경상
2021110200100159,2021년 11월 2일 09시,화요일,경기도 의정부시 의정부동,중상사고,0,1,0,0,차대사람 - 횡단중,보행자보호의무위반,포장 - 건조,맑음,교차로 - 교차로횡단보도내,화물,남,55세,상해없음,보행자,여,23세,중상
2021110200100188,2021년 11월 2일 10시,화요일,경기도 구리시 수택동,중상사고,0,1,0,0,차대사람 - 횡단중,보행자보호의무위반,포장 - 건조,맑음,단일로 - 기타,건설기계,남,62세,상해없음,보행자,여,84세,중상
2021110200100252,2021년 11월 2일 12시,화요일,경기도 의정부시 호원동,경상사고,0,0,1,0,차대사람 - 횡단중,신호위반,포장 - 건조,맑음,교차로 - 교차로안,승용,여,62세,상해없음,보행자,여,52세,경상
2021110200100261,2021년 11월 2일 13시,화요일,경기도 성남시 수정구 태평동,중상사고,0,1,0,0,차대사람 - 기타,안전운전불이행,포장 - 건조,맑음,교차로 - 교차로부근,승용,여,54세,상해없음,보행자,남,42세,중상
2021110200100263,2021년 11월 2일 13시,화요일,경기도 안산시 단원구 선부동,중상사고,0,1,0,0,차대사람 - 차도통행중,안전운전불이행,포장 - 건조,맑음,교차로 - 교차로부근,승용,남,50세,상해없음,보행자,여,89세,중상
2021110200100264,2021년 11월 2일 13시,화요일,경기도 성남시 분당구 구미동,경상사고,0,0,1,0,차대사람 - 기타,안전운전불이행,포장 - 건조,맑음,기타 - 기타,승용,남,71세,상해없음,보행자,여,25세,경상
2021110200100301,2021년 11월 2일 14시,화요일,경기도 하남시 덕풍동,중상사고,0,1,0,0,차대사람 - 기타,안전운전불이행,포장 - 건조,맑음,교차로 - 교차로부근,승용,여,25세,상해없음,보행자,여,72세,중상
2021110200100330,2021년 11월 2일 15시,화요일,경기도 평택시 합정동,경상사고,0,0,1,0,차대사람 - 횡단중,보행자보호의무위반,포장 - 건조,맑음,기타 - 기타,화물,남,62세,상해없음,보행자,여,66세,경상
2021110200100331,2021년 11월 2일 15시,화요일,경기도 김포시 풍무동,중상사고,0,1,0,0,차대사람 - 횡단중,안전운전불이행,포장 - 건조,맑음,교차로 - 교차로안,승용,남,33세,상해없음,보행자,여,70세,중상
2021110200100333,2021년 11월 2일 15시,화요일,경기도 성남시 분당구 수내동,부상신고사고,0,0,0,1,차대사람 - 기타,안전운전불이행,포장 - 건조,맑음,기타 - 기타,자전거,남,12세,상해없음,보행자,남,6세,부상신고
2021110200100363,2021년 11월 2일 16시,화요일,경기도 광주시 곤지암읍,경상사고,0,0,1,0,차대사람 - 횡단중,안전운전불이행,포장 - 건조,맑음,단일로 - 기타,이륜,남,17세,상해없음,보행자,여,46세,경상
2021110200100364,2021년 11월 2일 16시,화요일,경기도 부천시 중동,중상사고,0,1,0,0,차대사람 - 기타,안전운전불이행,포장 - 건조,맑음,기타 - 기타,기타불명,기타불명,미분류,기타불명,보행자,여,81세,중상
2021110200100365,2021년 11월 2일 16시,화요일,경기도 군포시 산본동,중상사고,0,1,0,0,차대사람 - 보도통행중,기타,포장 - 건조,맑음,단일로 - 기타,승용,여,49세,상해없음,보행자,여,60세,중상
2021110200100366,2021년 11월 2일 16시,화요일,경기도 화성시 향남읍,경상사고,0,0,1,0,차대사람 - 보도통행중,보행자보호의무위반,포장 - 건조,맑음,교차로 - 교차로부근,승용,여,47세,상해없음,보행자,여,35세,경상
2021110200100391,2021년 11월 2일 16시,화요일,경기도 양주시 고읍동,중상사고,0,1,0,0,차대사람 - 차도통행중,안전운전불이행,포장 - 건조,맑음,단일로 - 기타,승용,여,63세,상해없음,보행자,여,21세,중상
2021110200100393,2021년 11월 2일 16시,화요일,경기도 남양주시 진접읍,경상사고,0,0,1,0,차대사람 - 기타,안전운전불이행,포장 - 건조,맑음,단일로 - 기타,기타불명,기타불명,미분류,기타불명,보행자,남,10세,경상
2021110200100401,2021년 11월 2일 17시,화요일,경기도 평택시 오성면,경상사고,0,0,1,0,차대사람 - 기타,안전운전불이행,포장 - 건조,맑음,단일로 - 기타,자전거,남,74세,기타불명,보행자,남,66세,경상
2021110200100515,2021년 11월 2일 19시,화요일,경기도 화성시 비봉면,경상사고,0,0,1,0,차대사람 - 기타,안전운전불이행,포장 - 건조,맑음,단일로 - 기타,승용,남,38세,상해없음,보행자,여,80세,경상
2021110200100535,2021년 11월 2일 20시,화요일,경기도 평택시 통복동,중상사고,0,1,0,0,차대사람 - 기타,중앙선침범,포장 - 건조,맑음,기타 - 기타,승용,남,53세,상해없음,보행자,여,61세,중상
2021110200100536,2021년 11월 2일 20시,화요일,경기도 광주시 오포읍,경상사고,0,0,1,0,차대사람 - 기타,안전운전불이행,포장 - 건조,맑음,단일로 - 기타,승용,남,52세,상해없음,보행자,남,55세,경상
2021110300100037,2021년 11월 3일 05시,수요일,경기도 고양시 덕양구 주교동,사망사고,1,0,0,0,차대사람 - 기타,안전운전불이행,포장 - 건조,맑음,기타 - 기타,화물,남,61세,상해없음,보행자,남,63세,사망
2021110300100053,2021년 11월 3일 06시,수요일,경기도 양주시 삼숭동,중상사고,0,1,0,0,차대사람 - 횡단중,보행자보호의무위반,포장 - 건조,맑음,교차로 - 교차로안,승용,남,73세,상해없음,보행자,남,74세,중상
2021110300100078,2021년 11월 3일 07시,수요일,경기도 고양시 덕양구 오금동,중상사고,0,1,0,0,차대사람 - 횡단중,신호위반,포장 - 건조,맑음,교차로 - 교차로횡단보도내,승용,남,66세,상해없음,보행자,여,64세,중상
2021110300100095,2021년 11월 3일 08시,수요일,경기도 광명시 소하동,경상사고,0,0,1,0,차대사람 - 차도통행중,안전운전불이행,포장 - 건조,맑음,교차로 - 교차로안,승용,남,66세,상해없음,보행자,여,56세,경상
2021110300100099,2021년 11월 3일 08시,수요일,경기도 하남시 망월동,부상신고사고,0,0,0,1,차대사람 - 기타,안전운전불이행,포장 - 건조,맑음,기타 - 기타,기타불명,기타불명,미분류,기타불명,보행자,남,8세,부상신고
2021110300100100,2021년 11월 3일 08시,수요일,경기도 용인시 수지구 신봉동,중상사고,0,1,0,0,차대사람 - 횡단중,안전운전불이행,포장 - 건조,맑음,단일로 - 기타,화물,남,72세,상해없음,보행자,여,83세,중상
2021110300100126,2021년 11월 3일 08시,수요일,경기도 고양시 덕양구 고양동,경상사고,0,0,1,0,차대사람 - 횡단중,보행자보호의무위반,포장 - 건조,맑음,교차로 - 교차로횡단보도내,승합,남,71세,상해없음,보행자,남,10세,경상
2021110300100193,2021년 11월 3일 10시,수요일,경기도 가평군 북면,사망사고,1,0,0,0,차대사람 - 횡단중,안전운전불이행,포장 - 건조,맑음,교차로 - 교차로안,승용,여,56세,상해없음,보행자,남,90세,사망
2021110300100209,2021년 11월 3일 11시,수요일,경기도 군포시 부곡동,경상사고,0,0,1,0,차대사람 - 기타,안전운전불이행,포장 - 건조,맑음,교차로 - 교차로안,화물,남,67세,상해없음,보행자,남,75세,경상
2021110300100213,2021년 11월 3일 11시,수요일,경기도 화성시 안녕동,경상사고,0,0,1,0,차대사람 - 횡단중,보행자보호의무위반,포장 - 건조,맑음,단일로 - 기타,승용,남,71세,상해없음,보행자,남,61세,경상
2021110300100237,2021년 11월 3일 11시,수요일,경기도 고양시 덕양구 신원동,경상사고,0,0,1,0,차대사람 - 횡단중,신호위반,포장 - 건조,맑음,교차로 - 교차로안,이륜,남,53세,상해없음,보행자,여,60세,경상
2021110300100253,2021년 11월 3일 12시,수요일,경기도 부천시 고강동,경상사고,0,0,1,0,차대사람 - 길가장자리구역통행중,안전운전불이행,포장 - 건조,맑음,단일로 - 기타,승용,남,79세,상해없음,보행자,여,28세,경상
2021110300100278,2021년 11월 3일 13시,수요일,경기도 부천시 괴안동,사망사고,1,0,0,0,차대사람 - 횡단중,안전운전불이행,포장 - 건조,맑음,교차로 - 교차로횡단보도내,승합,남,72세,상해없음,보행자,남,83세,사망
2021110300100327,2021년 11월 3일 14시,수요일,경기도 동두천시 생연동,중상사고,0,1,0,0,차대사람 - 횡단중,안전운전불이행,포장 - 건조,맑음,교차로 - 교차로부근,승용,남,58세,기타불명,보행자,여,77세,중상
2021110300100328,2021년 11월 3일 14시,수요일,경기도 포천시 신읍동,부상신고사고,0,0,0,1,차대사람 - 기타,안전운전불이행,포장 - 건조,맑음,교차로 - 교차로부근,이륜,남,26세,상해없음,보행자,여,70세,부상신고
2021110300100340,2021년 11월 3일 15시,수요일,경기도 양평군 양평읍,중상사고,0,1,0,0,차대사람 - 기타,안전운전불이행,포장 - 건조,맑음,단일로 - 기타,승용,여,42세,상해없음,보행자,여,84세,중상
2021110300100344,2021년 11월 3일 15시,수요일,경기도 군포시 산본동,중상사고,0,1,0,0,차대사람 - 기타,안전운전불이행,포장 - 건조,맑음,교차로 - 교차로횡단보도내,승합,남,64세,기타불명,보행자,여,80세,중상
2021110300100345,2021년 11월 3일 15시,수요일,경기도 성남시 중원구 상대원동,경상사고,0,0,1,0,차대사람 - 길가장자리구역통행중,안전운전불이행,포장 - 건조,맑음,교차로 - 교차로안,승합,남,48세,상해없음,보행자,남,87세,경상
2021110300100346,2021년 11월 3일 15시,수요일,경기도 화성시 영천동,경상사고,0,0,1,0,차대사람 - 횡단중,보행자보호의무위반,포장 - 건조,맑음,교차로 - 교차로횡단보도내,승용,여,28세,상해없음,보행자,남,15세,경상
2021110300100362,2021년 11월 3일 15시,수요일,경기도 고양시 덕양구 토당동,중상사고,0,1,1,0,차대사람 - 차도통행중,안전운전불이행,포장 - 건조,맑음,단일로 - 기타,승용,여,58세,상해없음,보행자,여,34세,중상
2021110300100402,2021년 11월 3일 17시,수요일,경기도 성남시 수정구 신흥동,경상사고,0,0,3,0,차대사람 - 기타,안전운전불이행,포장 - 건조,맑음,단일로 - 기타,자전거,남,59세,경상,보행자,여,67세,경상
2021110300100408,2021년 11월 3일 17시,수요일,경기도 용인시 기흥구 구갈동,부상신고사고,0,0,0,1,차대사람 - 차도통행중,안전운전불이행,포장 - 건조,맑음,단일로 - 기타,승합,남,66세,상해없음,보행자,여,62세,부상신고