사고번호,사고일시,요일,시군구,사고내용,사망자수,중상자수,경상자수,부상신고자수,사고유형,법규위반,노면상태,기상상태,도로형태,가해운전자 차종,가해운전자 성별,가해운전자 연령,가해운전자 상해정도,피해운전자 차종,피해운전자 성별,피해운전자 연령,피해운전자 상해정도
2021110300100461,2021년 11월 3일 18시,수요일,경기도 용인시 처인구 백암면,중상사고,0,1,0,0,차대사람 - 기타,안전운전불이행,포장 - 건조,맑음,단일로 - 기타,승용,남,38세,기타불명,보행자,여,88세,중상
2021110300100463,2021년 11월 3일 18시,수요일,경기도 안산시 단원구 원곡동,중상사고,0,1,0,0,차대사람 - 횡단중,안전운전불이행,포장 - 건조,맑음,기타 - 기타,승용,남,51세,상해없음,보행자,남,61세,중상
2021110300100464,2021년 11월 3일 18시,수요일,경기도 안산시 상록구 월피동,중상사고,0,1,0,0,차대사람 - 기타,보행자보호의무위반,포장 - 건조,맑음,교차로 - 교차로부근,개인형이동수단(PM),남,24세,상해없음,보행자,여,57세,중상
2021110300100522,2021년 11월 3일 19시,수요일,경기도 광명시 하안동,중상사고,0,1,0,0,차대사람 - 기타,보행자보호의무위반,포장 - 건조,맑음,교차로 - 교차로안,승용,남,37세,기타불명,보행자,남,56세,중상
2021110300100561,2021년 11월 3일 20시,수요일,경기도 성남시 분당구 삼평동,부상신고사고,0,0,0,1,차대사람 - 기타,안전운전불이행,포장 - 건조,맑음,기타 - 기타,자전거,남,41세,상해없음,보행자,남,54세,부상신고
2021110300100585,2021년 11월 3일 21시,수요일,경기도 화성시 봉담읍,중상사고,0,1,0,0,차대사람 - 기타,안전운전불이행,포장 - 건조,맑음,기타 - 기타,승용,남,59세,상해없음,보행자,남,47세,중상
2021110300100621,2021년 11월 3일 22시,수요일,경기도 고양시 일산서구 일산동,경상사고,0,0,1,0,차대사람 - 횡단중,신호위반,포장 - 건조,맑음,단일로 - 기타,승용,여,59세,상해없음,보행자,여,27세,경상
2021110300100629,2021년 11월 3일 23시,수요일,경기도 용인시 수지구 상현동,경상사고,0,0,1,0,차대사람 - 횡단중,신호위반,포장 - 젖음/습기,비,교차로 - 교차로횡단보도내,개인형이동수단(PM),남,41세,상해없음,보행자,남,18세,경상
2021110400100026,2021년 11월 4일 02시,목요일,경기도 평택시 서정동,경상사고,0,0,1,0,차대사람 - 기타,안전운전불이행,포장 - 젖음/습기,비,단일로 - 기타,승용,여,52세,상해없음,보행자,남,53세,경상
2021110400100054,2021년 11월 4일 05시,목요일,경기도 고양시 덕양구 관산동,중상사고,0,1,0,0,차대사람 - 기타,안전운전불이행,포장 - 건조,맑음,교차로 - 교차로부근,화물,남,51세,상해없음,보행자,남,24세,중상
2021110400100140,2021년 11월 4일 08시,목요일,경기도 남양주시 진접읍,경상사고,0,0,1,0,차대사람 - 횡단중,신호위반,포장 - 건조,맑음,교차로 - 교차로횡단보도내,승용,여,42세,상해없음,보행자,남,14세,경상
2021110400100172,2021년 11월 4일 10시,목요일,경기도 용인시 처인구 마평동,경상사고,0,0,1,0,차대사람 - 기타,안전운전불이행,포장 - 건조,맑음,단일로 - 기타,승용,남,50세,상해없음,보행자,여,76세,경상
2021110400100194,2021년 11월 4일 11시,목요일,경기도 안성시 공도읍,경상사고,0,0,1,0,차대사람 - 기타,안전운전불이행,포장 - 건조,맑음,주차장 - 주차장,승용,남,54세,상해없음,보행자,남,81세,경상
2021110400100196,2021년 11월 4일 11시,목요일,경기도 용인시 처인구 김량장동,중상사고,0,1,0,0,차대사람 - 차도통행중,안전운전불이행,포장 - 건조,맑음,교차로 - 교차로부근,이륜,남,45세,상해없음,보행자,여,37세,중상
2021110400100263,2021년 11월 4일 13시,목요일,경기도 이천시 관고동,중상사고,0,1,0,0,차대사람 - 기타,안전운전불이행,포장 - 건조,맑음,교차로 - 교차로부근,승용,여,54세,상해없음,보행자,여,78세,중상
2021110400100265,2021년 11월 4일 13시,목요일,경기도 이천시 장호원읍,중상사고,0,1,0,0,차대사람 - 기타,보행자보호의무위반,포장 - 건조,맑음,교차로 - 교차로횡단보도내,승용,여,77세,상해없음,보행자,여,69세,중상
2021110400100271,2021년 11월 4일 13시,목요일,경기도 수원시 권선구 오목천동,경상사고,0,0,1,0,차대사람 - 차도통행중,안전운전불이행,포장 - 건조,맑음,교차로 - 교차로안,승용,여,51세,상해없음,보행자,남,46세,경상
2021110400100287,2021년 11월 4일 13시,목요일,경기도 고양시 일산서구 일산동,경상사고,0,0,1,0,차대사람 - 횡단중,안전운전불이행,포장 - 건조,맑음,단일로 - 기타,이륜,남,38세,상해없음,보행자,여,8세,경상
2021110400100444,2021년 11월 4일 17시,목요일,경기도 양주시 백석읍,부상신고사고,0,0,0,1,차대사람 - 기타,안전운전불이행,포장 - 건조,맑음,단일로 - 기타,기타불명,기타불명,미분류,기타불명,보행자,남,56세,부상신고
2021110400100457,2021년 11월 4일 18시,목요일,경기도 평택시 장당동,경상사고,0,0,1,0,차대사람 - 횡단중,안전운전불이행,포장 - 건조,맑음,교차로 - 교차로부근,승용,여,58세,상해없음,보행자,남,64세,경상
2021110400100461,2021년 11월 4일 18시,목요일,경기도 성남시 중원구 성남동,부상신고사고,0,0,0,1,차대사람 - 기타,차로위반,포장 - 건조,맑음,단일로 - 기타,원동기,남,79세,상해없음,보행자,여,68세,부상신고
2021110400100512,2021년 11월 4일 18시,목요일,경기도 가평군 북면,경상사고,0,0,1,0,차대사람 - 횡단중,안전운전불이행,포장 - 건조,맑음,단일로 - 기타,승용,여,36세,상해없음,보행자,여,84세,경상
2021110400100559,2021년 11월 4일 20시,목요일,경기도 용인시 처인구 남동,중상사고,0,1,0,1,차대사람 - 차도통행중,교차로운행방법위반,포장 - 건조,맑음,교차로 - 교차로안,승용,여,53세,상해없음,보행자,남,44세,중상
2021110400100580,2021년 11월 4일 20시,목요일,경기도 고양시 일산서구 일산동,경상사고,0,0,1,0,차대사람 - 기타,안전운전불이행,포장 - 건조,맑음,교차로 - 교차로부근,승합,남,52세,상해없음,보행자,여,33세,경상
2021110400100583,2021년 11월 4일 21시,목요일,경기도 성남시 수정구 태평동,경상사고,0,0,1,0,차대사람 - 횡단중,안전운전불이행,포장 - 건조,맑음,단일로 - 기타,원동기,남,20세,상해없음,보행자,여,62세,경상
2021110400100584,2021년 11월 4일 21시,목요일,경기도 평택시 지제동,경상사고,0,0,1,0,차대사람 - 횡단중,안전운전불이행,포장 - 젖음/습기,흐림,교차로 - 교차로횡단보도내,승용,남,34세,상해없음,보행자,남,42세,경상
2021110400100602,2021년 11월 4일 22시,목요일,경기도 안산시 단원구 원곡동,중상사고,0,1,0,0,차대사람 - 기타,기타,포장 - 건조,맑음,단일로 - 기타,승용,남,63세,상해없음,보행자,남,37세,중상
2021110400100618,2021년 11월 4일 23시,목요일,경기도 안양시 동안구 호계동,중상사고,0,1,0,0,차대사람 - 횡단중,보행자보호의무위반,포장 - 건조,맑음,교차로 - 교차로횡단보도내,승용,남,64세,상해없음,보행자,여,70세,중상
2021110400100619,2021년 11월 4일 23시,목요일,경기도 광주시 오포읍,경상사고,0,0,1,0,차대사람 - 기타,보행자보호의무위반,포장 - 건조,맑음,교차로 - 교차로횡단보도내,승용,남,56세,상해없음,보행자,남,71세,경상
2021110500100039,2021년 11월 5일 03시,금요일,경기도 구리시 수택동,경상사고,0,0,1,0,차대사람 - 기타,안전운전불이행,포장 - 건조,맑음,단일로 - 기타,승용,남,40세,상해없음,보행자,남,23세,경상
2021110500100051,2021년 11월 5일 05시,금요일,경기도 의정부시 가능동,중상사고,0,1,0,0,차대사람 - 차도통행중,안전운전불이행,포장 - 건조,맑음,교차로 - 교차로안,승합,남,58세,상해없음,보행자,남,62세,중상
2021110500100105,2021년 11월 5일 08시,금요일,경기도 성남시 수정구 양지동,중상사고,0,1,0,0,차대사람 - 횡단중,신호위반,포장 - 건조,맑음,교차로 - 교차로안,화물,남,65세,상해없음,보행자,남,68세,중상
2021110500100108,2021년 11월 5일 08시,금요일,경기도 부천시 괴안동,경상사고,0,0,1,0,차대사람 - 횡단중,보행자보호의무위반,포장 - 건조,맑음,교차로 - 교차로안,승용,여,64세,상해없음,보행자,남,6세,경상
2021110500100177,2021년 11월 5일 10시,금요일,경기도 김포시 통진읍,경상사고,0,0,1,0,차대사람 - 기타,안전운전불이행,포장 - 건조,맑음,단일로 - 기타,승합,남,58세,상해없음,보행자,여,87세,경상
2021110500100180,2021년 11월 5일 10시,금요일,경기도 성남시 분당구 금곡동,중상사고,0,1,0,0,차대사람 - 횡단중,보행자보호의무위반,포장 - 건조,맑음,교차로 - 교차로횡단보도내,승용,남,56세,상해없음,보행자,여,88세,중상
2021110500100181,2021년 11월 5일 10시,금요일,경기도 시흥시 정왕동,경상사고,0,0,1,0,차대사람 - 기타,안전운전불이행,포장 - 건조,맑음,단일로 - 기타,화물,남,52세,상해없음,보행자,남,41세,경상
2021110500100196,2021년 11월 5일 10시,금요일,경기도 남양주시 와부읍,경상사고,0,0,1,0,차대사람 - 횡단중,보행자보호의무위반,포장 - 건조,맑음,단일로 - 기타,승용,남,84세,상해없음,보행자,여,44세,경상
2021110500100201,2021년 11월 5일 11시,금요일,경기도 평택시 통복동,경상사고,0,0,1,0,차대사람 - 기타,기타,포장 - 건조,맑음,단일로 - 기타,승합,남,52세,기타불명,보행자,여,68세,경상
2021110500100207,2021년 11월 5일 11시,금요일,경기도 안산시 단원구 성곡동,경상사고,0,0,1,0,차대사람 - 기타,안전운전불이행,포장 - 건조,맑음,교차로 - 교차로부근,화물,남,56세,상해없음,보행자,남,68세,경상
2021110500100235,2021년 11월 5일 12시,금요일,경기도 김포시 양촌읍,경상사고,0,0,1,0,차대사람 - 차도통행중,안전운전불이행,포장 - 건조,맑음,기타 - 기타,승용,남,51세,상해없음,보행자,여,30세,경상
2021110500100257,2021년 11월 5일 12시,금요일,경기도 의정부시 금오동,중상사고,0,1,1,0,차대사람 - 기타,안전운전불이행,포장 - 건조,맑음,기타 - 기타,자전거,남,50세,중상,보행자,남,32세,경상
2021110500100258,2021년 11월 5일 12시,금요일,경기도 포천시 가산면,중상사고,0,1,0,0,차대사람 - 길가장자리구역통행중,안전운전불이행,포장 - 건조,맑음,교차로 - 교차로안,화물,남,25세,상해없음,보행자,여,55세,중상
2021110500100274,2021년 11월 5일 13시,금요일,경기도 하남시 신장동,경상사고,0,0,1,0,차대사람 - 횡단중,신호위반,포장 - 건조,맑음,단일로 - 기타,승용,여,74세,상해없음,보행자,남,7세,경상
2021110500100311,2021년 11월 5일 14시,금요일,경기도 부천시 약대동,중상사고,0,1,0,0,차대사람 - 기타,안전운전불이행,포장 - 건조,맑음,교차로 - 교차로안,승용,여,61세,상해없음,보행자,여,79세,중상
2021110500100312,2021년 11월 5일 14시,금요일,경기도 광명시 철산동,중상사고,0,1,0,0,차대사람 - 기타,안전운전불이행,포장 - 건조,맑음,단일로 - 기타,승합,남,61세,상해없음,보행자,남,73세,중상
2021110500100376,2021년 11월 5일 16시,금요일,경기도 안양시 동안구 관양동,중상사고,0,1,0,0,차대사람 - 기타,신호위반,포장 - 건조,맑음,교차로 - 교차로부근,이륜,남,25세,상해없음,보행자,여,25세,중상
2021110500100378,2021년 11월 5일 16시,금요일,경기도 오산시 오산동,경상사고,0,0,1,0,차대사람 - 횡단중,안전운전불이행,포장 - 건조,맑음,단일로 - 기타,승용,남,49세,상해없음,보행자,여,51세,경상
2021110500100379,2021년 11월 5일 16시,금요일,경기도 부천시 원미동,경상사고,0,0,1,0,차대사람 - 횡단중,보행자보호의무위반,포장 - 건조,맑음,교차로 - 교차로횡단보도내,화물,남,48세,상해없음,보행자,여,17세,경상
2021110500100406,2021년 11월 5일 16시,금요일,경기도 고양시 일산동구 풍동,경상사고,0,0,1,0,차대사람 - 차도통행중,안전운전불이행,포장 - 건조,맑음,단일로 - 기타,승용,여,57세,상해없음,보행자,남,16세,경상
2021110500100429,2021년 11월 5일 17시,금요일,경기도 여주시 오학동,경상사고,0,0,1,0,차대사람 - 보도통행중,안전운전불이행,포장 - 건조,맑음,교차로 - 교차로부근,승용,여,56세,상해없음,보행자,여,49세,경상
2021110500100433,2021년 11월 5일 17시,금요일,경기도 성남시 분당구 야탑동,경상사고,0,0,1,0,차대사람 - 기타,보행자보호의무위반,포장 - 건조,맑음,교차로 - 교차로안,기타불명,기타불명,미분류,기타불명,보행자,남,10세,경상
2021110500100464,2021년 11월 5일 17시,금요일,경기도 포천시 소흘읍,중상사고,0,1,0,0,차대사람 - 기타,기타,포장 - 건조,맑음,단일로 - 기타,승합,남,63세,상해없음,보행자,남,21세,중상
2021110500100478,2021년 11월 5일 18시,금요일,경기도 평택시 비전동,경상사고,0,0,1,0,차대사람 - 기타,교차로운행방법위반,포장 - 건조,맑음,교차로 - 교차로안,승용,여,42세,상해없음,보행자,여,86세,경상
2021110500100487,2021년 11월 5일 18시,금요일,경기도 광주시 곤지암읍,중상사고,0,1,0,0,차대사람 - 기타,보행자보호의무위반,포장 - 젖음/습기,비,교차로 - 교차로횡단보도내,화물,남,73세,상해없음,보행자,남,65세,중상
2021110500100492,2021년 11월 5일 18시,금요일,경기도 성남시 중원구 성남동,중상사고,0,1,0,0,차대사람 - 기타,신호위반,포장 - 건조,맑음,교차로 - 교차로안,화물,남,50세,상해없음,보행자,여,59세,중상
2021110500100543,2021년 11월 5일 18시,금요일,경기도 의정부시 의정부동,경상사고,0,0,1,0,차대사람 - 횡단중,과속,포장 - 건조,맑음,교차로 - 교차로안,승용,남,22세,상해없음,보행자,남,20세,경상
2021110500100553,2021년 11월 5일 19시,금요일,경기도 성남시 수정구 신흥동,경상사고,0,0,1,0,차대사람 - 횡단중,보행자보호의무위반,포장 - 건조,맑음,교차로 - 교차로횡단보도내,이륜,남,25세,상해없음,보행자,여,60세,경상
2021110500100595,2021년 11월 5일 20시,금요일,경기도 성남시 수정구 신흥동,경상사고,0,0,1,0,차대사람 - 횡단중,안전운전불이행,포장 - 건조,맑음,단일로 - 기타,승용,여,51세,상해없음,보행자,여,60세,경상
2021110500100596,2021년 11월 5일 20시,금요일,경기도 성남시 수정구 신흥동,중상사고,0,1,0,0,차대사람 - 횡단중,신호위반,포장 - 건조,맑음,단일로 - 기타,이륜,남,47세,기타불명,보행자,여,73세,중상
2021110500100618,2021년 11월 5일 20시,금요일,경기도 동두천시 지행동,경상사고,0,0,1,0,차대사람 - 기타,안전운전불이행,포장 - 건조,맑음,단일로 - 기타,화물,남,23세,상해없음,보행자,남,66세,경상
2021110500100632,2021년 11월 5일 21시,금요일,경기도 평택시 이충동,경상사고,0,0,1,0,차대사람 - 기타,안전운전불이행,포장 - 건조,맑음,교차로 - 교차로안,승용,여,27세,상해없음,보행자,여,79세,경상
2021110500100633,2021년 11월 5일 21시,금요일,경기도 이천시 안흥동,경상사고,0,0,1,0,차대사람 - 기타,안전운전불이행,포장 - 건조,맑음,단일로 - 기타,승용,남,65세,상해없음,보행자,여,15세,경상
2021110500100639,2021년 11월 5일 21시,금요일,경기도 시흥시 장곡동,경상사고,0,0,2,0,차대사람 - 횡단중,안전운전불이행,포장 - 건조,맑음,교차로 - 교차로안,승용,남,29세,상해없음,보행자,남,52세,경상
2021110500100642,2021년 11월 5일 21시,금요일,경기도 시흥시 정왕동,경상사고,0,0,1,0,차대사람 - 횡단중,신호위반,포장 - 건조,맑음,단일로 - 기타,이륜,남,37세,상해없음,보행자,여,24세,경상
2021110500100653,2021년 11월 5일 21시,금요일,경기도 고양시 일산서구 주엽동,경상사고,0,0,1,0,차대사람 - 보도통행중,안전운전불이행,포장 - 건조,기타,기타 - 기타,개인형이동수단(PM),남,20세,상해없음,보행자,남,48세,경상
2021110500100661,2021년 11월 5일 22시,금요일,경기도 수원시 팔달구 우만동,부상신고사고,0,0,0,1,차대사람 - 기타,안전운전불이행,포장 - 건조,맑음,교차로 - 교차로안,승용,남,53세,상해없음,보행자,여,44세,부상신고
2021110500100662,2021년 11월 5일 22시,금요일,경기도 수원시 팔달구 화서동,경상사고,0,0,1,0,차대사람 - 기타,안전운전불이행,포장 - 건조,맑음,단일로 - 기타,승용,여,44세,상해없음,보행자,여,49세,경상
2021110500100666,2021년 11월 5일 22시,금요일,경기도 광주시 태전동,중상사고,0,1,0,0,차대사람 - 차도통행중,안전운전불이행,포장 - 건조,맑음,교차로 - 교차로안,승용,여,40세,상해없음,보행자,남,48세,중상
2021110500100689,2021년 11월 5일 23시,금요일,경기도 성남시 분당구 서현동,중상사고,0,1,0,0,차대사람 - 기타,안전운전불이행,포장 - 건조,맑음,단일로 - 기타,승용,남,54세,상해없음,보행자,남,64세,중상
2021110500100704,2021년 11월 5일 23시,금요일,경기도 구리시 인창동,중상사고,0,1,0,0,차대사람 - 횡단중,안전운전불이행,포장 - 건조,맑음,교차로 - 교차로안,승용,여,45세,상해없음,보행자,여,47세,중상
2021110500100705,2021년 11월 5일 23시,금요일,경기도 포천시 자작동,사망사고,1,0,0,0,차대사람 - 횡단중,과속,포장 - 건조,맑음,교차로 - 교차로횡단보도내,승용,남,44세,상해없음,보행자,여,49세,사망
2021110600100008,2021년 11월 6일 00시,토요일,경기도 광주시 곤지암읍,경상사고,0,0,1,0,차대사람 - 길가장자리구역통행중,안전운전불이행,포장 - 건조,맑음,단일로 - 기타,화물,남,52세,상해없음,보행자,남,62세,경상
2021110600100009,2021년 11월 6일 00시,토요일,경기도 시흥시 정왕동,중상사고,0,1,0,0,차대사람 - 횡단중,안전운전불이행,포장 - 건조,맑음,단일로 - 기타,승용,남,28세,상해없음,보행자,여,36세,중상
2021110600100064,2021년 11월 6일 05시,토요일,경기도 수원시 장안구 파장동,경상사고,0,0,1,0,차대사람 - 횡단중,안전운전불이행,포장 - 건조,맑음,교차로 - 교차로안,화물,남,32세,상해없음,보행자,남,65세,경상
2021110600100065,2021년 11월 6일 05시,토요일,경기도 성남시 분당구 서현동,중상사고,0,1,0,0,차대사람 - 기타,안전운전불이행,포장 - 건조,맑음,단일로 - 기타,기타불명,기타불명,미분류,기타불명,보행자,여,63세,중상
2021110600100076,2021년 11월 6일 07시,토요일,경기도 오산시 금암동,중상사고,0,1,0,0,차대사람 - 횡단중,신호위반,포장 - 건조,맑음,교차로 - 교차로안,승용,남,27세,기타불명,보행자,여,63세,중상
2021110600100090,2021년 11월 6일 08시,토요일,경기도 성남시 분당구 야탑동,경상사고,0,0,2,0,차대사람 - 기타,보행자보호의무위반,포장 - 건조,맑음,기타 - 기타,화물,남,32세,경상,보행자,여,25세,경상
2021110600100127,2021년 11월 6일 10시,토요일,경기도 수원시 팔달구 화서동,중상사고,0,1,0,0,차대사람 - 기타,안전운전불이행,포장 - 건조,맑음,교차로 - 교차로부근,승용,남,40세,상해없음,보행자,여,62세,중상
2021110600100150,2021년 11월 6일 10시,토요일,경기도 가평군 청평면,중상사고,0,1,0,0,차대사람 - 기타,안전운전불이행,포장 - 건조,맑음,단일로 - 기타,자전거,남,43세,상해없음,보행자,여,55세,중상
2021110600100184,2021년 11월 6일 11시,토요일,경기도 고양시 일산서구 일산동,경상사고,0,0,1,0,차대사람 - 기타,안전운전불이행,포장 - 건조,맑음,단일로 - 기타,승용,남,56세,상해없음,보행자,남,67세,경상
2021110600100204,2021년 11월 6일 12시,토요일,경기도 안산시 단원구 원곡동,중상사고,0,1,0,0,차대사람 - 횡단중,안전운전불이행,포장 - 건조,맑음,단일로 - 기타,승용,남,44세,상해없음,보행자,여,9세,중상
2021110600100235,2021년 11월 6일 13시,토요일,경기도 화성시 비봉면,경상사고,0,0,1,0,차대사람 - 기타,안전운전불이행,포장 - 건조,맑음,기타 - 기타,승용,남,62세,상해없음,보행자,여,17세,경상
2021110600100274,2021년 11월 6일 14시,토요일,경기도 성남시 수정구 창곡동,경상사고,0,0,1,0,차대사람 - 기타,안전운전불이행,포장 - 건조,맑음,교차로 - 교차로부근,승용,여,66세,상해없음,보행자,여,28세,경상
2021110600100275,2021년 11월 6일 14시,토요일,경기도 이천시 관고동,경상사고,0,0,1,0,차대사람 - 횡단중,보행자보호의무위반,포장 - 건조,맑음,단일로 - 기타,승용,남,71세,상해없음,보행자,여,57세,경상
2021110600100276,2021년 11월 6일 14시,토요일,경기도 광주시 남한산성면,경상사고,0,0,1,0,차대사람 - 기타,안전운전불이행,포장 - 건조,맑음,기타 - 기타,승용,남,35세,상해없음,보행자,남,57세,경상
2021110600100278,2021년 11월 6일 14시,토요일,경기도 부천시 심곡동,경상사고,0,0,1,0,차대사람 - 기타,안전운전불이행,포장 - 건조,맑음,단일로 - 기타,승용,남,26세,상해없음,보행자,남,56세,경상
2021110600100358,2021년 11월 6일 16시,토요일,경기도 수원시 팔달구 북수동,중상사고,0,1,0,0,차대사람 - 기타,안전운전불이행,포장 - 건조,맑음,단일로 - 기타,승용,여,27세,상해없음,보행자,여,64세,중상
2021110600100359,2021년 11월 6일 16시,토요일,경기도 안양시 동안구 평촌동,중상사고,0,1,0,0,차대사람 - 횡단중,신호위반,포장 - 건조,맑음,교차로 - 교차로횡단보도내,승용,남,59세,상해없음,보행자,여,11세,중상
2021110600100361,2021년 11월 6일 16시,토요일,경기도 수원시 영통구 영통동,중상사고,0,1,0,0,차대사람 - 횡단중,보행자보호의무위반,포장 - 건조,맑음,교차로 - 교차로안,승용,남,53세,상해없음,보행자,여,70세,중상
2021110600100401,2021년 11월 6일 17시,토요일,경기도 광주시 곤지암읍,부상신고사고,0,0,0,1,차대사람 - 기타,기타,포장 - 건조,맑음,단일로 - 기타,화물,남,60세,기타불명,보행자,남,60세,부상신고
2021110600100445,2021년 11월 6일 18시,토요일,경기도 수원시 팔달구 남수동,경상사고,0,0,1,0,차대사람 - 기타,기타,포장 - 건조,맑음,교차로 - 교차로안,승용,여,54세,상해없음,보행자,남,48세,경상
2021110600100493,2021년 11월 6일 19시,토요일,경기도 안양시 동안구 호계동,부상신고사고,0,0,0,1,차대사람 - 기타,안전운전불이행,포장 - 건조,맑음,기타 - 기타,승용,여,50세,상해없음,보행자,남,53세,부상신고
2021110600100497,2021년 11월 6일 19시,토요일,경기도 광주시 송정동,중상사고,0,1,0,0,차대사람 - 횡단중,안전운전불이행,포장 - 건조,맑음,교차로 - 교차로부근,승용,남,62세,상해없음,보행자,남,56세,중상
2021110600100528,2021년 11월 6일 19시,토요일,경기도 파주시 와동동,중상사고,0,1,0,0,차대사람 - 횡단중,신호위반,포장 - 건조,맑음,교차로 - 교차로횡단보도내,승용,여,46세,상해없음,보행자,남,46세,중상
2021110600100568,2021년 11월 6일 21시,토요일,경기도 광주시 경안동,중상사고,0,1,0,0,차대사람 - 기타,안전운전불이행,포장 - 건조,맑음,단일로 - 기타,승용,남,22세,상해없음,보행자,남,34세,중상
2021110600100569,2021년 11월 6일 21시,토요일,경기도 광주시 오포읍,중상사고,0,1,0,0,차대사람 - 기타,안전운전불이행,포장 - 건조,흐림,단일로 - 기타,승용,여,51세,상해없음,보행자,남,38세,중상
2021110600100571,2021년 11월 6일 21시,토요일,경기도 부천시 상동,경상사고,0,0,1,0,차대사람 - 횡단중,안전운전불이행,포장 - 건조,맑음,교차로 - 교차로안,승용,남,65세,상해없음,보행자,남,55세,경상
2021110600100593,2021년 11월 6일 21시,토요일,경기도 남양주시 오남읍,중상사고,0,1,0,0,차대사람 - 횡단중,보행자보호의무위반,포장 - 건조,맑음,교차로 - 교차로부근,이륜,남,21세,상해없음,보행자,여,29세,중상
2021110600100603,2021년 11월 6일 22시,토요일,경기도 광명시 광명동,경상사고,0,0,1,0,차대사람 - 기타,안전운전불이행,포장 - 건조,맑음,교차로 - 교차로안,승용,여,42세,상해없음,보행자,남,41세,경상
2021110700100005,2021년 11월 7일 00시,일요일,경기도 김포시 통진읍,경상사고,0,0,1,0,차대사람 - 차도통행중,안전운전불이행,포장 - 건조,맑음,단일로 - 기타,승용,남,32세,상해없음,보행자,남,60세,경상
2021110700100053,2021년 11월 7일 06시,일요일,경기도 안성시 금산동,중상사고,0,1,0,0,차대사람 - 횡단중,안전운전불이행,포장 - 건조,맑음,교차로 - 교차로부근,화물,남,61세,상해없음,보행자,남,76세,중상
2021110700100122,2021년 11월 7일 11시,일요일,경기도 성남시 분당구 야탑동,경상사고,0,0,1,0,차대사람 - 횡단중,보행자보호의무위반,포장 - 건조,맑음,교차로 - 교차로횡단보도내,승용,남,48세,상해없음,보행자,여,61세,경상
2021110700100123,2021년 11월 7일 11시,일요일,경기도 시흥시 정왕동,경상사고,0,0,1,0,차대사람 - 횡단중,안전운전불이행,포장 - 건조,맑음,기타 - 기타,개인형이동수단(PM),남,20세,상해없음,보행자,여,68세,경상
2021110700100124,2021년 11월 7일 11시,일요일,경기도 수원시 팔달구 매산로1가,경상사고,0,0,1,0,차대사람 - 기타,안전운전불이행,포장 - 건조,맑음,교차로 - 교차로부근,기타불명,기타불명,미분류,기타불명,보행자,여,27세,경상
2021110700100137,2021년 11월 7일 11시,일요일,경기도 의정부시 민락동,경상사고,0,0,1,0,차대사람 - 기타,안전운전불이행,포장 - 건조,맑음,교차로 - 교차로부근,승용,남,59세,상해없음,보행자,남,51세,경상
2021110700100149,2021년 11월 7일 12시,일요일,경기도 부천시 원종동,경상사고,0,0,1,0,차대사람 - 기타,안전운전불이행,포장 - 건조,맑음,단일로 - 기타,이륜,남,47세,상해없음,보행자,여,62세,경상
2021110700100205,2021년 11월 7일 13시,일요일,경기도 가평군 가평읍,부상신고사고,0,0,0,1,차대사람 - 횡단중,안전운전불이행,포장 - 건조,맑음,교차로 - 교차로부근,화물,여,54세,상해없음,보행자,여,69세,부상신고
2021110700100260,2021년 11월 7일 15시,일요일,경기도 화성시 반월동,경상사고,0,0,1,0,차대사람 - 기타,안전운전불이행,포장 - 건조,맑음,기타 - 기타,승용,남,66세,상해없음,보행자,남,39세,경상
2021110700100284,2021년 11월 7일 15시,일요일,경기도 고양시 덕양구 주교동,중상사고,0,1,0,0,차대사람 - 기타,안전운전불이행,포장 - 건조,맑음,단일로 - 기타,승용,여,49세,상해없음,보행자,남,63세,중상
2021110700100285,2021년 11월 7일 15시,일요일,경기도 고양시 일산동구 장항동,경상사고,0,0,1,0,차대사람 - 기타,안전운전불이행,포장 - 건조,맑음,기타 - 기타,기타불명,기타불명,미분류,기타불명,보행자,여,67세,경상
2021110700100296,2021년 11월 7일 16시,일요일,경기도 안양시 동안구 관양동,경상사고,0,0,1,0,차대사람 - 차도통행중,교차로운행방법위반,포장 - 건조,맑음,교차로 - 교차로부근,승용,남,59세,상해없음,보행자,여,66세,경상
2021110700100346,2021년 11월 7일 17시,일요일,경기도 파주시 야당동,경상사고,0,0,1,0,차대사람 - 보도통행중,기타,포장 - 건조,맑음,단일로 - 기타,이륜,남,25세,상해없음,보행자,남,4세,경상
2021110700100357,2021년 11월 7일 18시,일요일,경기도 성남시 수정구 태평동,부상신고사고,0,0,0,1,차대사람 - 기타,안전운전불이행,포장 - 건조,맑음,교차로 - 교차로부근,승용,남,34세,상해없음,보행자,남,54세,부상신고
2021110700100361,2021년 11월 7일 18시,일요일,경기도 안산시 상록구 본오동,경상사고,0,0,1,0,차대사람 - 차도통행중,직진우회전진행방해,포장 - 건조,맑음,교차로 - 교차로부근,승용,남,54세,상해없음,보행자,남,8세,경상
2021110700100386,2021년 11월 7일 18시,일요일,경기도 고양시 일산서구 일산동,부상신고사고,0,0,0,1,차대사람 - 횡단중,중앙선침범,포장 - 건조,맑음,기타 - 기타,승용,남,72세,상해없음,보행자,남,68세,부상신고
2021110700100389,2021년 11월 7일 19시,일요일,경기도 수원시 장안구 영화동,중상사고,0,1,0,0,차대사람 - 기타,안전운전불이행,포장 - 건조,맑음,교차로 - 교차로부근,승합,남,41세,상해없음,보행자,여,87세,중상