사고번호,사고일시,요일,시군구,사고내용,사망자수,중상자수,경상자수,부상신고자수,사고유형,법규위반,노면상태,기상상태,도로형태,가해운전자 차종,가해운전자 성별,가해운전자 연령,가해운전자 상해정도,피해운전자 차종,피해운전자 성별,피해운전자 연령,피해운전자 상해정도
2021110700100391,2021년 11월 7일 19시,일요일,경기도 광명시 하안동,중상사고,0,1,0,0,차대사람 - 기타,안전운전불이행,포장 - 건조,맑음,단일로 - 기타,승용,남,68세,상해없음,보행자,남,80세,중상
2021110700100419,2021년 11월 7일 20시,일요일,경기도 시흥시 대야동,경상사고,0,0,1,0,차대사람 - 횡단중,보행자보호의무위반,포장 - 건조,맑음,교차로 - 교차로횡단보도내,승용,남,26세,상해없음,보행자,남,36세,경상
2021110700100434,2021년 11월 7일 20시,일요일,경기도 포천시 소흘읍,경상사고,0,0,1,0,차대사람 - 기타,안전운전불이행,포장 - 건조,맑음,단일로 - 기타,승용,남,80세,상해없음,보행자,여,51세,경상
2021110800100005,2021년 11월 8일 00시,월요일,경기도 부천시 심곡동,경상사고,0,0,1,0,차대사람 - 기타,안전운전불이행,포장 - 건조,맑음,단일로 - 기타,이륜,남,16세,상해없음,보행자,남,61세,경상
2021110800100006,2021년 11월 8일 00시,월요일,경기도 수원시 팔달구 인계동,경상사고,0,0,1,0,차대사람 - 차도통행중,안전운전불이행,포장 - 건조,맑음,단일로 - 기타,승용,남,26세,상해없음,보행자,남,31세,경상
2021110800100014,2021년 11월 8일 01시,월요일,경기도 수원시 장안구 정자동,중상사고,0,1,0,0,차대사람 - 기타,안전운전불이행,포장 - 건조,맑음,교차로 - 교차로횡단보도내,승용,남,69세,상해없음,보행자,남,23세,중상
2021110800100059,2021년 11월 8일 06시,월요일,경기도 남양주시 퇴계원읍,중상사고,0,1,0,0,차대사람 - 횡단중,보행자보호의무위반,포장 - 건조,맑음,교차로 - 교차로안,승용,여,43세,상해없음,보행자,남,85세,중상
2021110800100073,2021년 11월 8일 07시,월요일,경기도 안산시 단원구 선부동,중상사고,0,1,0,0,차대사람 - 횡단중,보행자보호의무위반,포장 - 젖음/습기,비,기타 - 기타,승합,남,54세,상해없음,보행자,여,69세,중상
2021110800100102,2021년 11월 8일 08시,월요일,경기도 오산시 청학동,중상사고,0,1,0,0,차대사람 - 횡단중,보행자보호의무위반,포장 - 침수,비,교차로 - 교차로부근,승용,여,47세,상해없음,보행자,남,25세,중상
2021110800100137,2021년 11월 8일 08시,월요일,경기도 남양주시 다산동,부상신고사고,0,0,0,1,차대사람 - 기타,안전운전불이행,포장 - 젖음/습기,비,단일로 - 기타,승합,남,73세,상해없음,보행자,여,54세,부상신고
2021110800100199,2021년 11월 8일 10시,월요일,경기도 양주시 산북동,경상사고,0,0,1,0,차대사람 - 횡단중,안전운전불이행,포장 - 건조,맑음,교차로 - 교차로부근,승용,여,60세,상해없음,보행자,남,46세,경상
2021110800100212,2021년 11월 8일 11시,월요일,경기도 오산시 원동,중상사고,0,1,0,0,차대사람 - 횡단중,안전운전불이행,포장 - 건조,맑음,교차로 - 교차로부근,승용,남,57세,상해없음,보행자,여,77세,중상
2021110800100213,2021년 11월 8일 11시,월요일,경기도 부천시 역곡동,부상신고사고,0,0,0,1,차대사람 - 차도통행중,안전운전불이행,포장 - 젖음/습기,흐림,교차로 - 교차로부근,승용,여,46세,상해없음,보행자,여,26세,부상신고
2021110800100258,2021년 11월 8일 12시,월요일,경기도 광주시 오포읍,경상사고,0,0,1,0,차대사람 - 기타,안전운전불이행,포장 - 젖음/습기,비,주차장 - 주차장,승용,남,52세,상해없음,보행자,여,52세,경상
2021110800100261,2021년 11월 8일 12시,월요일,경기도 수원시 권선구 권선동,중상사고,0,1,0,0,차대사람 - 횡단중,안전운전불이행,포장 - 건조,맑음,교차로 - 교차로부근,승용,여,55세,상해없음,보행자,남,76세,중상
2021110800100263,2021년 11월 8일 12시,월요일,경기도 안산시 상록구 성포동,중상사고,0,1,0,0,차대사람 - 길가장자리구역통행중,안전운전불이행,포장 - 건조,맑음,교차로 - 교차로안,승용,여,31세,상해없음,보행자,여,85세,중상
2021110800100294,2021년 11월 8일 13시,월요일,경기도 수원시 영통구 매탄동,중상사고,0,1,0,0,차대사람 - 횡단중,안전운전불이행,포장 - 젖음/습기,비,교차로 - 교차로안,승용,남,53세,상해없음,보행자,여,85세,중상
2021110800100329,2021년 11월 8일 14시,월요일,경기도 성남시 분당구 수내동,경상사고,0,0,1,0,차대사람 - 길가장자리구역통행중,교차로운행방법위반,포장 - 젖음/습기,맑음,교차로 - 교차로안,화물,남,47세,상해없음,보행자,여,67세,경상
2021110800100331,2021년 11월 8일 14시,월요일,경기도 안산시 상록구 부곡동,중상사고,0,1,0,0,차대사람 - 기타,안전운전불이행,포장 - 젖음/습기,비,단일로 - 기타,승용,여,45세,상해없음,보행자,여,12세,중상
2021110800100361,2021년 11월 8일 15시,월요일,경기도 부천시 괴안동,중상사고,0,1,0,0,차대사람 - 기타,안전운전불이행,포장 - 젖음/습기,흐림,교차로 - 교차로부근,승용,여,47세,상해없음,보행자,여,71세,중상
2021110800100381,2021년 11월 8일 15시,월요일,경기도 동두천시 상봉암동,중상사고,0,1,0,0,차대사람 - 길가장자리구역통행중,안전운전불이행,포장 - 건조,맑음,단일로 - 기타,화물,남,19세,상해없음,보행자,여,82세,중상
2021110800100397,2021년 11월 8일 16시,월요일,경기도 군포시 산본동,중상사고,0,1,0,0,차대사람 - 횡단중,보행자보호의무위반,포장 - 젖음/습기,비,단일로 - 기타,승용,여,55세,상해없음,보행자,여,59세,중상
2021110800100440,2021년 11월 8일 17시,월요일,경기도 용인시 기흥구 중동,경상사고,0,0,1,0,차대사람 - 보도통행중,안전운전불이행,포장 - 건조,맑음,기타 - 기타,승용,남,53세,상해없음,보행자,여,46세,경상
2021110800100442,2021년 11월 8일 17시,월요일,경기도 양평군 양평읍,중상사고,0,1,0,0,차대사람 - 기타,안전운전불이행,포장 - 젖음/습기,비,단일로 - 기타,화물,남,59세,상해없음,보행자,여,44세,중상
2021110800100476,2021년 11월 8일 17시,월요일,경기도 남양주시 다산동,경상사고,0,0,1,0,차대사람 - 횡단중,신호위반,포장 - 젖음/습기,비,교차로 - 교차로횡단보도내,승용,남,52세,상해없음,보행자,여,44세,경상
2021110800100559,2021년 11월 8일 19시,월요일,경기도 안성시 서운면,중상사고,0,1,0,0,차대사람 - 횡단중,보행자보호의무위반,포장 - 건조,맑음,단일로 - 기타,승용,남,58세,상해없음,보행자,남,22세,중상
2021110800100564,2021년 11월 8일 19시,월요일,경기도 부천시 중동,경상사고,0,0,1,0,차대사람 - 횡단중,안전운전불이행,포장 - 건조,맑음,교차로 - 교차로횡단보도내,승용,여,44세,상해없음,보행자,남,12세,경상
2021110800100568,2021년 11월 8일 19시,월요일,경기도 부천시 중동,경상사고,0,0,1,0,차대사람 - 기타,보행자보호의무위반,포장 - 젖음/습기,비,교차로 - 교차로횡단보도내,승용,여,29세,상해없음,보행자,남,38세,경상
2021110800100596,2021년 11월 8일 19시,월요일,경기도 포천시 신북면,중상사고,0,1,0,0,차대사람 - 횡단중,안전운전불이행,포장 - 건조,맑음,단일로 - 기타,화물,여,61세,상해없음,보행자,남,60세,중상
2021110800100597,2021년 11월 8일 19시,월요일,경기도 고양시 일산서구 주엽동,중상사고,0,1,0,0,차대사람 - 횡단중,보행자보호의무위반,포장 - 젖음/습기,흐림,교차로 - 교차로횡단보도내,이륜,남,32세,상해없음,보행자,여,32세,중상
2021110800100599,2021년 11월 8일 19시,월요일,경기도 남양주시 별내동,중상사고,0,1,0,0,차대사람 - 횡단중,보행자보호의무위반,포장 - 건조,맑음,교차로 - 교차로안,승용,여,34세,상해없음,보행자,여,26세,중상
2021110800100606,2021년 11월 8일 20시,월요일,경기도 부천시 약대동,경상사고,0,0,1,0,차대사람 - 차도통행중,안전운전불이행,포장 - 젖음/습기,비,교차로 - 교차로안,승용,남,58세,상해없음,보행자,여,72세,경상
2021110800100608,2021년 11월 8일 20시,월요일,경기도 안산시 상록구 사동,경상사고,0,0,1,0,차대사람 - 기타,안전운전불이행,포장 - 젖음/습기,비,교차로 - 교차로안,승용,남,60세,상해없음,보행자,남,45세,경상
2021110800100624,2021년 11월 8일 20시,월요일,경기도 고양시 일산동구 성석동,중상사고,0,1,0,0,차대사람 - 기타,안전운전불이행,포장 - 건조,맑음,교차로 - 교차로안,승용,남,31세,상해없음,보행자,남,54세,중상
2021110800100634,2021년 11월 8일 21시,월요일,경기도 광주시 곤지암읍,사망사고,1,0,0,0,차대사람 - 횡단중,안전운전불이행,포장 - 젖음/습기,비,교차로 - 교차로안,화물,남,56세,상해없음,보행자,여,39세,사망
2021110800100636,2021년 11월 8일 21시,월요일,경기도 과천시 중앙동,경상사고,0,0,1,0,차대사람 - 횡단중,신호위반,포장 - 젖음/습기,비,교차로 - 교차로횡단보도내,승합,남,58세,상해없음,보행자,여,35세,경상
2021110800100662,2021년 11월 8일 22시,월요일,경기도 부천시 원미동,중상사고,0,1,0,0,차대사람 - 기타,안전운전불이행,포장 - 건조,맑음,교차로 - 교차로안,승용,여,22세,상해없음,보행자,남,47세,중상
2021110800100663,2021년 11월 8일 22시,월요일,경기도 광명시 하안동,경상사고,0,0,1,0,차대사람 - 차도통행중,안전운전불이행,포장 - 젖음/습기,비,단일로 - 기타,승용,남,45세,상해없음,보행자,남,23세,경상
2021110800100665,2021년 11월 8일 22시,월요일,경기도 시흥시 정왕동,경상사고,0,0,2,0,차대사람 - 횡단중,보행자보호의무위반,포장 - 건조,맑음,교차로 - 교차로횡단보도내,기타불명,기타불명,미분류,기타불명,보행자,여,39세,경상
2021110800100681,2021년 11월 8일 23시,월요일,경기도 부천시 소사본동,사망사고,1,0,0,0,차대사람 - 기타,안전운전불이행,포장 - 젖음/습기,비,단일로 - 기타,승합,남,61세,상해없음,보행자,남,57세,사망
2021110800100683,2021년 11월 8일 23시,월요일,경기도 여주시 가남읍,사망사고,1,0,0,0,차대사람 - 기타,안전운전불이행,포장 - 젖음/습기,비,단일로 - 기타,화물,남,65세,상해없음,보행자,여,42세,사망
2021110900100008,2021년 11월 9일 00시,화요일,경기도 광명시 일직동,중상사고,0,1,0,0,차대사람 - 횡단중,보행자보호의무위반,포장 - 젖음/습기,흐림,단일로 - 기타,승용,남,52세,상해없음,보행자,남,57세,중상
2021110900100038,2021년 11월 9일 05시,화요일,경기도 평택시 서정동,중상사고,0,1,1,0,차대사람 - 횡단중,안전운전불이행,포장 - 건조,맑음,단일로 - 기타,이륜,남,22세,중상,보행자,남,42세,경상
2021110900100039,2021년 11월 9일 05시,화요일,경기도 평택시 고덕면,중상사고,0,1,0,0,차대사람 - 횡단중,신호위반,포장 - 젖음/습기,비,교차로 - 교차로횡단보도내,승용,여,44세,상해없음,보행자,남,71세,중상
2021110900100044,2021년 11월 9일 06시,화요일,경기도 성남시 수정구 태평동,경상사고,0,0,1,0,차대사람 - 기타,신호위반,포장 - 젖음/습기,비,단일로 - 기타,승용,남,73세,상해없음,보행자,남,67세,경상
2021110900100047,2021년 11월 9일 06시,화요일,경기도 양평군 서종면,중상사고,0,1,0,0,차대사람 - 기타,안전운전불이행,포장 - 젖음/습기,비,교차로 - 교차로안,승용,남,44세,상해없음,보행자,남,78세,중상
2021110900100057,2021년 11월 9일 06시,화요일,경기도 파주시 오도동,중상사고,0,1,0,0,차대사람 - 보도통행중,보행자보호의무위반,포장 - 건조,맑음,교차로 - 교차로횡단보도내,승용,남,65세,상해없음,보행자,남,79세,중상
2021110900100085,2021년 11월 9일 08시,화요일,경기도 광주시 오포읍,경상사고,0,0,1,0,차대사람 - 기타,보행자보호의무위반,포장 - 젖음/습기,비,교차로 - 교차로부근,화물,남,40세,상해없음,보행자,남,30세,경상
2021110900100129,2021년 11월 9일 09시,화요일,경기도 안산시 상록구 본오동,경상사고,0,0,1,0,차대사람 - 기타,안전운전불이행,포장 - 젖음/습기,비,단일로 - 기타,승용,여,39세,상해없음,보행자,남,48세,경상
2021110900100146,2021년 11월 9일 09시,화요일,경기도 고양시 일산동구 중산동,경상사고,0,0,1,0,차대사람 - 기타,안전운전불이행,포장 - 건조,맑음,단일로 - 기타,승합,남,45세,상해없음,보행자,여,78세,경상
2021110900100148,2021년 11월 9일 09시,화요일,경기도 파주시 금촌동,경상사고,0,0,1,0,차대사람 - 차도통행중,안전운전불이행,포장 - 건조,맑음,교차로 - 교차로안,승용,여,41세,상해없음,보행자,남,68세,경상
2021110900100157,2021년 11월 9일 10시,화요일,경기도 평택시 고덕면,경상사고,0,0,1,0,차대사람 - 차도통행중,안전운전불이행,포장 - 젖음/습기,비,단일로 - 기타,승합,남,25세,기타불명,보행자,남,25세,경상
2021110900100163,2021년 11월 9일 10시,화요일,경기도 화성시 영천동,중상사고,0,1,0,0,차대사람 - 기타,안전운전불이행,포장 - 건조,맑음,단일로 - 기타,승용,남,33세,상해없음,보행자,남,66세,중상
2021110900100257,2021년 11월 9일 12시,화요일,경기도 의정부시 호원동,중상사고,0,1,0,0,차대사람 - 차도통행중,안전운전불이행,포장 - 건조,맑음,단일로 - 기타,승용,여,41세,상해없음,보행자,여,82세,중상
2021110900100258,2021년 11월 9일 12시,화요일,경기도 파주시 문산읍,경상사고,0,0,1,0,차대사람 - 기타,안전운전불이행,포장 - 젖음/습기,흐림,단일로 - 기타,승용,여,74세,상해없음,보행자,여,79세,경상
2021110900100301,2021년 11월 9일 14시,화요일,경기도 용인시 기흥구 구갈동,부상신고사고,0,0,0,1,차대사람 - 기타,안전운전불이행,포장 - 건조,흐림,단일로 - 기타,승용,여,80세,상해없음,보행자,남,55세,부상신고
2021110900100303,2021년 11월 9일 14시,화요일,경기도 군포시 산본동,경상사고,0,0,1,0,차대사람 - 횡단중,보행자보호의무위반,포장 - 젖음/습기,비,기타 - 기타,승용,남,37세,상해없음,보행자,남,27세,경상
2021110900100366,2021년 11월 9일 16시,화요일,경기도 성남시 수정구 신흥동,중상사고,0,1,0,0,차대사람 - 횡단중,보행자보호의무위반,포장 - 건조,맑음,교차로 - 교차로횡단보도내,승용,여,30세,상해없음,보행자,남,21세,중상
2021110900100369,2021년 11월 9일 16시,화요일,경기도 안성시 금산동,경상사고,0,0,1,0,차대사람 - 기타,안전운전불이행,포장 - 건조,흐림,단일로 - 기타,화물,남,57세,상해없음,보행자,남,9세,경상
2021110900100415,2021년 11월 9일 17시,화요일,경기도 평택시 세교동,경상사고,0,0,1,0,차대사람 - 기타,기타,포장 - 젖음/습기,비,주차장 - 주차장,승용,남,44세,기타불명,보행자,여,73세,경상
2021110900100420,2021년 11월 9일 17시,화요일,경기도 군포시 금정동,중상사고,0,1,0,0,차대사람 - 기타,보행자보호의무위반,포장 - 젖음/습기,비,단일로 - 기타,이륜,남,53세,상해없음,보행자,남,46세,중상
2021110900100421,2021년 11월 9일 17시,화요일,경기도 성남시 분당구 분당동,중상사고,0,1,0,0,차대사람 - 기타,안전운전불이행,포장 - 젖음/습기,흐림,단일로 - 기타,승용,남,33세,상해없음,보행자,여,69세,중상
2021110900100425,2021년 11월 9일 17시,화요일,경기도 용인시 수지구 동천동,경상사고,0,0,1,0,차대사람 - 횡단중,보행자보호의무위반,포장 - 젖음/습기,비,교차로 - 교차로안,승용,남,45세,상해없음,보행자,여,60세,경상
2021110900100474,2021년 11월 9일 18시,화요일,경기도 수원시 장안구 조원동,경상사고,0,0,1,0,차대사람 - 기타,안전운전불이행,포장 - 젖음/습기,비,교차로 - 교차로안,승용,남,25세,상해없음,보행자,남,21세,경상
2021110900100475,2021년 11월 9일 18시,화요일,경기도 평택시 비전동,중상사고,0,1,0,0,차대사람 - 횡단중,보행자보호의무위반,포장 - 젖음/습기,비,교차로 - 교차로부근,승용,남,60세,상해없음,보행자,여,45세,중상
2021110900100476,2021년 11월 9일 18시,화요일,경기도 광주시 송정동,경상사고,0,0,1,0,차대사람 - 횡단중,보행자보호의무위반,포장 - 젖음/습기,비,교차로 - 교차로안,화물,남,65세,상해없음,보행자,남,23세,경상
2021110900100477,2021년 11월 9일 18시,화요일,경기도 용인시 처인구 삼가동,경상사고,0,0,1,0,차대사람 - 차도통행중,안전운전불이행,포장 - 젖음/습기,비,단일로 - 기타,승용,여,41세,상해없음,보행자,여,62세,경상
2021110900100484,2021년 11월 9일 18시,화요일,경기도 화성시 정남면,경상사고,0,0,1,0,차대사람 - 차도통행중,안전운전불이행,포장 - 젖음/습기,비,단일로 - 기타,승용,남,58세,상해없음,보행자,남,62세,경상
2021110900100532,2021년 11월 9일 18시,화요일,경기도 남양주시 오남읍,경상사고,0,0,1,0,차대사람 - 차도통행중,신호위반,포장 - 건조,맑음,교차로 - 교차로안,승용,남,43세,상해없음,보행자,여,44세,경상
2021110900100570,2021년 11월 9일 19시,화요일,경기도 포천시 영중면,중상사고,0,1,0,0,차대사람 - 횡단중,안전운전불이행,포장 - 건조,맑음,교차로 - 교차로안,승용,남,20세,상해없음,보행자,남,66세,중상
2021110900100585,2021년 11월 9일 20시,화요일,경기도 수원시 장안구 영화동,경상사고,0,0,1,0,차대사람 - 기타,안전운전불이행,포장 - 젖음/습기,비,단일로 - 기타,승합,남,50세,상해없음,보행자,여,67세,경상
2021110900100636,2021년 11월 9일 21시,화요일,경기도 의정부시 호원동,중상사고,0,1,0,0,차대사람 - 횡단중,안전운전불이행,포장 - 건조,맑음,교차로 - 교차로안,화물,남,68세,상해없음,보행자,남,61세,중상
2021110900100638,2021년 11월 9일 21시,화요일,경기도 고양시 일산동구 장항동,경상사고,0,0,1,0,차대사람 - 횡단중,안전운전불이행,포장 - 건조,맑음,교차로 - 교차로부근,승용,남,36세,상해없음,보행자,남,42세,경상
2021110900100645,2021년 11월 9일 22시,화요일,경기도 수원시 권선구 권선동,중상사고,0,1,0,0,차대사람 - 횡단중,안전운전불이행,포장 - 젖음/습기,비,단일로 - 기타,승용,남,38세,상해없음,보행자,남,43세,중상
2021110900100671,2021년 11월 9일 23시,화요일,경기도 여주시 가남읍,중상사고,0,1,0,0,차대사람 - 기타,안전운전불이행,포장 - 건조,맑음,단일로 - 기타,승용,남,37세,상해없음,보행자,남,60세,중상
2021111000100006,2021년 11월 10일 00시,수요일,경기도 수원시 팔달구 인계동,경상사고,0,0,1,0,차대사람 - 길가장자리구역통행중,안전운전불이행,포장 - 젖음/습기,비,교차로 - 교차로안,승용,남,44세,상해없음,보행자,남,41세,경상
2021111000100019,2021년 11월 10일 01시,수요일,경기도 부천시 중동,중상사고,0,1,0,0,차대사람 - 횡단중,신호위반,포장 - 건조,맑음,단일로 - 기타,승용,남,31세,상해없음,보행자,남,63세,중상
2021111000100031,2021년 11월 10일 03시,수요일,경기도 부천시 고강동,부상신고사고,0,0,0,1,차대사람 - 기타,안전운전불이행,포장 - 건조,맑음,교차로 - 교차로부근,화물,남,29세,상해없음,보행자,여,25세,부상신고
2021111000100072,2021년 11월 10일 06시,수요일,경기도 고양시 일산동구 중산동,중상사고,0,1,0,0,차대사람 - 횡단중,보행자보호의무위반,포장 - 건조,맑음,교차로 - 교차로안,승용,남,54세,상해없음,보행자,남,38세,중상
2021111000100073,2021년 11월 10일 06시,수요일,경기도 고양시 일산동구 백석동,경상사고,0,0,1,0,차대사람 - 횡단중,안전운전불이행,포장 - 건조,흐림,단일로 - 기타,승용,남,59세,상해없음,보행자,여,40세,경상
2021111000100079,2021년 11월 10일 07시,수요일,경기도 안산시 단원구 신길동,중상사고,0,1,0,0,차대사람 - 차도통행중,안전운전불이행,포장 - 젖음/습기,비,교차로 - 교차로안,승용,남,29세,상해없음,보행자,남,59세,중상
2021111000100083,2021년 11월 10일 07시,수요일,경기도 안산시 상록구 본오동,중상사고,0,1,0,0,차대사람 - 횡단중,신호위반,포장 - 건조,맑음,교차로 - 교차로횡단보도내,승합,남,61세,상해없음,보행자,여,67세,중상
2021111000100115,2021년 11월 10일 08시,수요일,경기도 용인시 처인구 삼가동,중상사고,0,1,0,0,차대사람 - 횡단중,안전운전불이행,포장 - 젖음/습기,흐림,단일로 - 기타,승용,여,38세,상해없음,보행자,여,24세,중상
2021111000100180,2021년 11월 10일 10시,수요일,경기도 수원시 권선구 구운동,부상신고사고,0,0,0,1,차대사람 - 기타,안전운전불이행,비포장 - 건조,맑음,단일로 - 지하차도(도로)내,화물,남,51세,상해없음,보행자,여,94세,부상신고
2021111000100204,2021년 11월 10일 11시,수요일,경기도 김포시 통진읍,경상사고,0,0,1,0,차대사람 - 기타,안전운전불이행,포장 - 건조,맑음,기타 - 기타,승합,남,68세,상해없음,보행자,남,54세,경상
2021111000100252,2021년 11월 10일 13시,수요일,경기도 여주시 가남읍,부상신고사고,0,0,0,1,차대사람 - 기타,안전운전불이행,포장 - 건조,맑음,단일로 - 기타,승용,여,42세,상해없음,보행자,남,44세,부상신고
2021111000100253,2021년 11월 10일 13시,수요일,경기도 부천시 송내동,경상사고,0,0,1,0,차대사람 - 기타,안전운전불이행,포장 - 건조,맑음,교차로 - 교차로안,승용,남,59세,상해없음,보행자,여,56세,경상
2021111000100287,2021년 11월 10일 14시,수요일,경기도 성남시 분당구 정자동,중상사고,0,1,0,1,차대사람 - 횡단중,안전운전불이행,포장 - 건조,맑음,단일로 - 기타,자전거,남,44세,부상신고,보행자,여,49세,중상
2021111000100289,2021년 11월 10일 14시,수요일,경기도 화성시 영천동,중상사고,0,1,0,0,차대사람 - 기타,안전운전불이행,포장 - 건조,맑음,교차로 - 교차로안,자전거,여,54세,상해없음,보행자,여,58세,중상
2021111000100304,2021년 11월 10일 14시,수요일,경기도 동두천시 지행동,경상사고,0,0,1,0,차대사람 - 횡단중,안전운전불이행,포장 - 건조,맑음,단일로 - 기타,이륜,남,45세,상해없음,보행자,여,73세,경상
2021111000100315,2021년 11월 10일 15시,수요일,경기도 수원시 팔달구 팔달로1가,경상사고,0,0,1,0,차대사람 - 기타,안전운전불이행,포장 - 건조,맑음,기타 - 기타,승용,남,71세,상해없음,보행자,여,60세,경상
2021111000100316,2021년 11월 10일 15시,수요일,경기도 안성시 석정동,중상사고,0,1,0,0,차대사람 - 횡단중,보행자보호의무위반,포장 - 건조,맑음,교차로 - 교차로부근,승용,여,51세,상해없음,보행자,여,74세,중상
2021111000100401,2021년 11월 10일 17시,수요일,경기도 과천시 주암동,중상사고,0,1,0,0,차대사람 - 보도통행중,보행자보호의무위반,포장 - 건조,맑음,교차로 - 교차로횡단보도내,승용,여,32세,상해없음,보행자,여,68세,중상
2021111000100446,2021년 11월 10일 18시,수요일,경기도 안양시 만안구 안양동,중상사고,0,1,0,0,차대사람 - 횡단중,안전운전불이행,포장 - 건조,맑음,단일로 - 기타,이륜,남,39세,기타불명,보행자,여,17세,중상
2021111000100447,2021년 11월 10일 18시,수요일,경기도 부천시 원종동,경상사고,0,0,1,0,차대사람 - 기타,보행자보호의무위반,포장 - 건조,맑음,교차로 - 교차로횡단보도내,이륜,남,24세,상해없음,보행자,여,9세,경상
2021111000100494,2021년 11월 10일 18시,수요일,경기도 남양주시 오남읍,중상사고,0,1,0,0,차대사람 - 횡단중,안전운전불이행,포장 - 건조,맑음,교차로 - 교차로횡단보도내,승용,남,48세,상해없음,보행자,남,65세,중상
2021111000100510,2021년 11월 10일 19시,수요일,경기도 성남시 분당구 서현동,경상사고,0,0,1,0,차대사람 - 횡단중,신호위반,포장 - 건조,맑음,기타 - 기타,승용,남,69세,상해없음,보행자,여,49세,경상
2021111000100511,2021년 11월 10일 19시,수요일,경기도 안산시 상록구 일동,경상사고,0,0,1,0,차대사람 - 보도통행중,신호위반,포장 - 건조,맑음,교차로 - 교차로횡단보도내,승용,남,20세,상해없음,보행자,여,28세,경상
2021111000100512,2021년 11월 10일 19시,수요일,경기도 용인시 수지구 성복동,경상사고,0,0,1,0,차대사람 - 보도통행중,보행자보호의무위반,포장 - 건조,기타,교차로 - 교차로안,승용,여,50세,기타불명,보행자,여,55세,경상
2021111000100537,2021년 11월 10일 20시,수요일,경기도 광명시 광명동,중상사고,0,1,0,0,차대사람 - 횡단중,안전운전불이행,포장 - 건조,맑음,교차로 - 교차로횡단보도내,승용,남,61세,상해없음,보행자,남,57세,중상
2021111000100569,2021년 11월 10일 20시,수요일,경기도 고양시 일산동구 백석동,중상사고,0,1,0,0,차대사람 - 기타,안전운전불이행,포장 - 건조,맑음,주차장 - 주차장,승용,여,26세,상해없음,보행자,남,50세,중상
2021111000100573,2021년 11월 10일 20시,수요일,경기도 연천군 백학면,경상사고,0,0,1,0,차대사람 - 횡단중,안전운전불이행,포장 - 건조,맑음,단일로 - 기타,승용,여,29세,상해없음,보행자,남,80세,경상
2021111000100581,2021년 11월 10일 21시,수요일,경기도 시흥시 신천동,경상사고,0,0,1,0,차대사람 - 기타,안전운전불이행,포장 - 건조,맑음,기타 - 기타,승합,남,64세,상해없음,보행자,남,53세,경상
2021111000100601,2021년 11월 10일 22시,수요일,경기도 수원시 장안구 정자동,중상사고,0,1,0,0,차대사람 - 횡단중,안전운전불이행,포장 - 건조,맑음,교차로 - 교차로횡단보도내,이륜,남,18세,상해없음,보행자,남,34세,중상
2021111000100603,2021년 11월 10일 22시,수요일,경기도 용인시 수지구 죽전동,경상사고,0,0,1,0,차대사람 - 보도통행중,보행자보호의무위반,포장 - 건조,맑음,교차로 - 교차로횡단보도내,승용,여,49세,상해없음,보행자,남,35세,경상
2021111000100619,2021년 11월 10일 22시,수요일,경기도 동두천시 보산동,경상사고,0,0,1,0,차대사람 - 횡단중,안전운전불이행,포장 - 건조,맑음,단일로 - 지하차도(도로)내,승용,남,26세,상해없음,보행자,남,51세,경상
2021111000100638,2021년 11월 10일 23시,수요일,경기도 고양시 일산동구 백석동,부상신고사고,0,0,0,1,차대사람 - 횡단중,안전운전불이행,포장 - 건조,맑음,단일로 - 기타,화물,남,36세,상해없음,보행자,여,27세,부상신고
2021111100100012,2021년 11월 11일 01시,목요일,경기도 시흥시 정왕동,경상사고,0,0,1,0,차대사람 - 길가장자리구역통행중,안전운전불이행,포장 - 건조,맑음,교차로 - 교차로부근,승용,남,56세,상해없음,보행자,남,58세,경상
2021111100100043,2021년 11월 11일 05시,목요일,경기도 성남시 중원구 상대원동,중상사고,0,1,0,0,차대사람 - 횡단중,보행자보호의무위반,포장 - 건조,맑음,교차로 - 교차로안,승용,남,63세,상해없음,보행자,남,67세,중상
2021111100100063,2021년 11월 11일 06시,목요일,경기도 파주시 조리읍,중상사고,0,1,0,0,차대사람 - 기타,안전운전불이행,포장 - 건조,맑음,단일로 - 기타,승용,여,56세,상해없음,보행자,남,77세,중상
2021111100100077,2021년 11월 11일 07시,목요일,경기도 안산시 단원구 목내동,중상사고,0,1,0,0,차대사람 - 횡단중,안전운전불이행,포장 - 건조,맑음,단일로 - 기타,승용,남,43세,기타불명,보행자,여,61세,중상
2021111100100079,2021년 11월 11일 07시,목요일,경기도 안산시 단원구 선부동,중상사고,0,1,0,0,차대사람 - 횡단중,신호위반,포장 - 건조,맑음,교차로 - 교차로횡단보도내,승합,남,61세,상해없음,보행자,여,63세,중상
2021111100100118,2021년 11월 11일 08시,목요일,경기도 의왕시 삼동,경상사고,0,0,1,0,차대사람 - 기타,보행자보호의무위반,포장 - 건조,맑음,교차로 - 교차로안,승용,여,29세,상해없음,보행자,남,26세,경상
2021111100100190,2021년 11월 11일 10시,목요일,경기도 부천시 약대동,경상사고,0,0,1,0,차대사람 - 횡단중,교차로운행방법위반,포장 - 건조,맑음,교차로 - 교차로횡단보도내,화물,남,45세,상해없음,보행자,남,23세,경상