사고번호,사고일시,요일,시군구,사고내용,사망자수,중상자수,경상자수,부상신고자수,사고유형,법규위반,노면상태,기상상태,도로형태,가해운전자 차종,가해운전자 성별,가해운전자 연령,가해운전자 상해정도,피해운전자 차종,피해운전자 성별,피해운전자 연령,피해운전자 상해정도
2021111100100219,2021년 11월 11일 11시,목요일,경기도 수원시 권선구 권선동,경상사고,0,0,1,0,차대사람 - 횡단중,보행자보호의무위반,포장 - 젖음/습기,맑음,교차로 - 교차로횡단보도내,승용,여,46세,상해없음,보행자,남,22세,경상
2021111100100223,2021년 11월 11일 11시,목요일,경기도 화성시 팔탄면,경상사고,0,0,1,0,차대사람 - 기타,안전운전불이행,포장 - 건조,맑음,단일로 - 기타,화물,남,38세,상해없음,보행자,남,68세,경상
2021111100100224,2021년 11월 11일 11시,목요일,경기도 부천시 여월동,경상사고,0,0,2,0,차대사람 - 횡단중,보행자보호의무위반,포장 - 건조,맑음,교차로 - 교차로횡단보도내,승용,남,75세,경상,보행자,남,68세,경상
2021111100100248,2021년 11월 11일 11시,목요일,경기도 파주시 조리읍,부상신고사고,0,0,0,1,차대사람 - 기타,안전운전불이행,포장 - 건조,맑음,단일로 - 기타,승합,여,59세,상해없음,보행자,여,88세,부상신고
2021111100100254,2021년 11월 11일 12시,목요일,경기도 이천시 신둔면,경상사고,0,0,1,0,차대사람 - 기타,보행자보호의무위반,포장 - 건조,맑음,교차로 - 교차로안,화물,남,62세,상해없음,보행자,여,67세,경상
2021111100100276,2021년 11월 11일 12시,목요일,경기도 파주시 금촌동,중상사고,0,1,0,0,차대사람 - 횡단중,보행자보호의무위반,포장 - 건조,맑음,단일로 - 기타,승용,여,53세,상해없음,보행자,여,72세,중상
2021111100100288,2021년 11월 11일 13시,목요일,경기도 성남시 분당구 야탑동,경상사고,0,0,1,0,차대사람 - 길가장자리구역통행중,안전운전불이행,포장 - 건조,맑음,교차로 - 교차로횡단보도내,기타불명,기타불명,미분류,기타불명,보행자,여,31세,경상
2021111100100311,2021년 11월 11일 14시,목요일,경기도 평택시 세교동,중상사고,0,1,0,0,차대사람 - 횡단중,안전운전불이행,포장 - 건조,맑음,단일로 - 기타,승용,남,60세,상해없음,보행자,남,56세,중상
2021111100100339,2021년 11월 11일 15시,목요일,경기도 용인시 기흥구 구갈동,경상사고,0,0,1,0,차대사람 - 횡단중,신호위반,포장 - 건조,맑음,교차로 - 교차로횡단보도내,승용,여,50세,상해없음,보행자,여,10세,경상
2021111100100342,2021년 11월 11일 15시,목요일,경기도 김포시 구래동,경상사고,0,0,2,0,차대사람 - 보도통행중,기타,포장 - 건조,맑음,단일로 - 기타,승용,여,31세,상해없음,보행자,여,54세,경상
2021111100100379,2021년 11월 11일 16시,목요일,경기도 안양시 동안구 관양동,경상사고,0,0,1,0,차대사람 - 기타,안전운전불이행,포장 - 건조,맑음,기타 - 기타,승용,남,49세,상해없음,보행자,여,49세,경상
2021111100100382,2021년 11월 11일 16시,목요일,경기도 부천시 춘의동,경상사고,0,0,1,0,차대사람 - 기타,안전운전불이행,포장 - 건조,맑음,단일로 - 기타,승용,여,28세,상해없음,보행자,남,50세,경상
2021111100100384,2021년 11월 11일 16시,목요일,경기도 안산시 단원구 선부동,중상사고,0,1,0,0,차대사람 - 기타,안전운전불이행,포장 - 건조,맑음,단일로 - 기타,승합,남,52세,상해없음,보행자,여,60세,중상
2021111100100409,2021년 11월 11일 16시,목요일,경기도 동두천시 생연동,중상사고,0,1,0,0,차대사람 - 횡단중,안전운전불이행,포장 - 건조,맑음,단일로 - 기타,개인형이동수단(PM),여,13세,상해없음,보행자,여,80세,중상
2021111100100425,2021년 11월 11일 17시,목요일,경기도 안성시 공도읍,경상사고,0,0,1,0,차대사람 - 기타,안전운전불이행,포장 - 건조,맑음,단일로 - 기타,승용,남,42세,상해없음,보행자,남,61세,경상
2021111100100431,2021년 11월 11일 17시,목요일,경기도 부천시 심곡동,중상사고,0,1,0,0,차대사람 - 기타,안전운전불이행,포장 - 건조,맑음,단일로 - 기타,승용,여,36세,상해없음,보행자,여,35세,중상
2021111100100478,2021년 11월 11일 18시,목요일,경기도 시흥시 거모동,경상사고,0,0,1,0,차대사람 - 기타,안전운전불이행,포장 - 건조,맑음,교차로 - 교차로안,화물,남,36세,상해없음,보행자,여,60세,경상
2021111100100480,2021년 11월 11일 18시,목요일,경기도 수원시 권선구 고색동,경상사고,0,0,1,0,차대사람 - 기타,안전운전불이행,포장 - 젖음/습기,비,단일로 - 기타,승용,여,37세,상해없음,보행자,남,77세,경상
2021111100100516,2021년 11월 11일 18시,목요일,경기도 의정부시 가능동,중상사고,0,1,0,0,차대사람 - 횡단중,보행자보호의무위반,포장 - 건조,맑음,교차로 - 교차로부근,이륜,여,19세,상해없음,보행자,여,63세,중상
2021111100100565,2021년 11월 11일 19시,목요일,경기도 의정부시 민락동,경상사고,0,0,1,0,차대사람 - 횡단중,안전운전불이행,포장 - 건조,맑음,교차로 - 교차로부근,승용,남,49세,상해없음,보행자,여,11세,경상
2021111100100655,2021년 11월 11일 23시,목요일,경기도 고양시 일산동구 장항동,부상신고사고,0,0,0,1,차대사람 - 차도통행중,안전운전불이행,포장 - 건조,맑음,교차로 - 교차로부근,원동기,남,38세,부상신고,보행자,남,43세,상해없음
2021111200100022,2021년 11월 12일 02시,금요일,경기도 시흥시 배곧동,경상사고,0,0,1,0,차대사람 - 기타,안전운전불이행,포장 - 건조,맑음,기타 - 기타,승용,남,29세,상해없음,보행자,남,39세,경상
2021111200100056,2021년 11월 12일 06시,금요일,경기도 용인시 처인구 삼가동,사망사고,1,0,0,0,차대사람 - 차도통행중,안전운전불이행,포장 - 건조,맑음,단일로 - 기타,화물,남,59세,상해없음,보행자,남,75세,사망
2021111200100057,2021년 11월 12일 06시,금요일,경기도 부천시 오정동,중상사고,0,1,0,0,차대사람 - 기타,보행자보호의무위반,포장 - 건조,맑음,교차로 - 교차로횡단보도내,승합,여,45세,상해없음,보행자,여,68세,중상
2021111200100082,2021년 11월 12일 07시,금요일,경기도 고양시 덕양구 원흥동,중상사고,0,1,0,0,차대사람 - 횡단중,신호위반,포장 - 건조,맑음,교차로 - 교차로횡단보도내,승용,남,47세,상해없음,보행자,남,48세,중상
2021111200100141,2021년 11월 12일 09시,금요일,경기도 수원시 영통구 매탄동,경상사고,0,0,1,0,차대사람 - 횡단중,보행자보호의무위반,포장 - 건조,맑음,교차로 - 교차로횡단보도내,승용,남,21세,상해없음,보행자,여,38세,경상
2021111200100159,2021년 11월 12일 09시,금요일,경기도 고양시 덕양구 주교동,중상사고,0,1,0,0,차대사람 - 횡단중,보행자보호의무위반,포장 - 기타,맑음,교차로 - 교차로횡단보도내,개인형이동수단(PM),남,21세,상해없음,보행자,여,61세,중상
2021111200100227,2021년 11월 12일 11시,금요일,경기도 파주시 문산읍,경상사고,0,0,1,0,차대사람 - 횡단중,안전운전불이행,포장 - 건조,맑음,단일로 - 지하차도(도로)내,승용,남,77세,상해없음,보행자,남,69세,경상
2021111200100238,2021년 11월 12일 12시,금요일,경기도 수원시 장안구 율전동,부상신고사고,0,0,0,1,차대사람 - 기타,기타,포장 - 건조,맑음,교차로 - 교차로부근,승용,여,66세,상해없음,보행자,남,86세,부상신고
2021111200100310,2021년 11월 12일 14시,금요일,경기도 김포시 풍무동,경상사고,0,0,1,0,차대사람 - 기타,불법유턴,포장 - 건조,맑음,단일로 - 기타,승용,남,55세,상해없음,보행자,여,4세,경상
2021111200100355,2021년 11월 12일 15시,금요일,경기도 광명시 광명동,경상사고,0,0,1,0,차대사람 - 차도통행중,안전운전불이행,포장 - 건조,맑음,단일로 - 기타,승용,여,26세,상해없음,보행자,남,44세,경상
2021111200100357,2021년 11월 12일 15시,금요일,경기도 하남시 덕풍동,중상사고,0,1,0,0,차대사람 - 기타,안전운전불이행,포장 - 건조,맑음,기타 - 기타,승용,남,68세,상해없음,보행자,여,83세,중상
2021111200100393,2021년 11월 12일 16시,금요일,경기도 시흥시 정왕동,부상신고사고,0,0,0,1,차대사람 - 기타,기타,포장 - 건조,맑음,단일로 - 기타,승합,남,46세,상해없음,보행자,남,41세,부상신고
2021111200100398,2021년 11월 12일 16시,금요일,경기도 화성시 청계동,경상사고,0,0,1,0,차대사람 - 보도통행중,기타,포장 - 건조,맑음,기타 - 기타,자전거,남,10세,상해없음,보행자,여,6세,경상
2021111200100521,2021년 11월 12일 18시,금요일,경기도 의정부시 가능동,부상신고사고,0,0,0,1,차대사람 - 차도통행중,안전운전불이행,포장 - 건조,맑음,교차로 - 교차로안,승용,남,24세,상해없음,보행자,여,8세,부상신고
2021111200100589,2021년 11월 12일 20시,금요일,경기도 평택시 군문동,중상사고,0,1,0,0,차대사람 - 기타,안전운전불이행,포장 - 건조,맑음,단일로 - 기타,기타불명,기타불명,미분류,기타불명,보행자,남,64세,중상
2021111200100593,2021년 11월 12일 20시,금요일,경기도 부천시 고강동,중상사고,0,1,0,0,차대사람 - 기타,기타,포장 - 건조,맑음,단일로 - 기타,승합,남,64세,상해없음,보행자,남,74세,중상
2021111200100648,2021년 11월 12일 22시,금요일,경기도 성남시 중원구 갈현동,중상사고,0,1,0,0,차대사람 - 차도통행중,안전운전불이행,포장 - 건조,맑음,기타 - 기타,승용,남,42세,상해없음,보행자,남,23세,중상
2021111200100663,2021년 11월 12일 22시,금요일,경기도 고양시 덕양구 성사동,중상사고,0,1,0,0,차대사람 - 횡단중,안전운전불이행,포장 - 건조,맑음,교차로 - 교차로안,승용,여,68세,상해없음,보행자,여,62세,중상
2021111300100009,2021년 11월 13일 00시,토요일,경기도 군포시 부곡동,부상신고사고,0,0,0,1,차대사람 - 기타,안전운전불이행,포장 - 건조,맑음,단일로 - 기타,승용,남,58세,상해없음,보행자,남,39세,부상신고
2021111300100010,2021년 11월 13일 00시,토요일,경기도 군포시 산본동,중상사고,0,1,0,0,차대사람 - 기타,보행자보호의무위반,포장 - 건조,맑음,교차로 - 교차로횡단보도내,승용,남,27세,상해없음,보행자,남,27세,중상
2021111300100031,2021년 11월 13일 01시,토요일,경기도 평택시 평택동,경상사고,0,0,1,0,차대사람 - 기타,안전운전불이행,포장 - 건조,맑음,단일로 - 기타,승용,여,45세,상해없음,보행자,남,23세,경상
2021111300100057,2021년 11월 13일 03시,토요일,경기도 안산시 단원구 고잔동,경상사고,0,0,1,0,차대사람 - 기타,안전운전불이행,포장 - 기타,기타,기타 - 기타,승용,남,22세,기타불명,보행자,남,26세,경상
2021111300100058,2021년 11월 13일 03시,토요일,경기도 하남시 망월동,경상사고,0,0,1,0,차대사람 - 기타,안전거리미확보,포장 - 젖음/습기,맑음,단일로 - 지하차도(도로)내,승용,남,46세,상해없음,보행자,남,19세,경상
2021111300100106,2021년 11월 13일 08시,토요일,경기도 여주시 점동면,중상사고,0,1,0,0,차대사람 - 기타,안전운전불이행,포장 - 건조,맑음,단일로 - 기타,승용,남,46세,상해없음,보행자,남,44세,중상
2021111300100107,2021년 11월 13일 08시,토요일,경기도 부천시 도당동,중상사고,0,1,0,0,차대사람 - 기타,안전운전불이행,포장 - 건조,맑음,단일로 - 기타,승용,여,40세,상해없음,보행자,여,62세,중상
2021111300100108,2021년 11월 13일 08시,토요일,경기도 안산시 단원구 원곡동,중상사고,0,1,0,0,차대사람 - 횡단중,안전운전불이행,포장 - 건조,맑음,교차로 - 교차로횡단보도내,승용,남,48세,상해없음,보행자,여,75세,중상
2021111300100135,2021년 11월 13일 09시,토요일,경기도 평택시 평택동,경상사고,0,0,1,0,차대사람 - 보도통행중,안전운전불이행,포장 - 건조,맑음,단일로 - 기타,승용,남,36세,기타불명,보행자,남,57세,경상
2021111300100162,2021년 11월 13일 10시,토요일,경기도 광주시 송정동,중상사고,0,1,0,0,차대사람 - 횡단중,안전운전불이행,포장 - 건조,맑음,기타 - 기타,승용,남,42세,상해없음,보행자,여,80세,중상
2021111300100206,2021년 11월 13일 11시,토요일,경기도 군포시 산본동,경상사고,0,0,2,0,차대사람 - 횡단중,보행자보호의무위반,포장 - 건조,맑음,교차로 - 교차로안,승용,여,41세,상해없음,보행자,남,32세,경상
2021111300100361,2021년 11월 13일 15시,토요일,경기도 광주시 태전동,경상사고,0,0,1,0,차대사람 - 차도통행중,안전운전불이행,포장 - 건조,맑음,단일로 - 기타,개인형이동수단(PM),남,16세,상해없음,보행자,여,9세,경상
2021111300100399,2021년 11월 13일 16시,토요일,경기도 수원시 장안구 정자동,경상사고,0,0,1,0,차대사람 - 기타,안전운전불이행,포장 - 건조,맑음,단일로 - 기타,승용,여,56세,상해없음,보행자,여,40세,경상
2021111300100476,2021년 11월 13일 18시,토요일,경기도 수원시 장안구 정자동,경상사고,0,0,2,0,차대사람 - 횡단중,보행자보호의무위반,포장 - 건조,맑음,교차로 - 교차로부근,승용,남,28세,상해없음,보행자,여,31세,경상
2021111300100482,2021년 11월 13일 18시,토요일,경기도 부천시 계수동,사망사고,1,0,0,0,차대사람 - 차도통행중,과속,포장 - 건조,맑음,단일로 - 기타,승용,남,50세,상해없음,보행자,남,27세,사망
2021111300100560,2021년 11월 13일 20시,토요일,경기도 광주시 퇴촌면,중상사고,0,1,0,0,차대사람 - 기타,안전운전불이행,포장 - 건조,맑음,주차장 - 주차장,승용,남,54세,상해없음,보행자,남,61세,중상
2021111300100561,2021년 11월 13일 20시,토요일,경기도 안산시 단원구 와동,경상사고,0,0,1,0,차대사람 - 보도통행중,신호위반,포장 - 건조,맑음,교차로 - 교차로횡단보도내,이륜,남,29세,상해없음,보행자,여,44세,경상
2021111300100581,2021년 11월 13일 20시,토요일,경기도 고양시 덕양구 화정동,중상사고,0,1,0,0,차대사람 - 횡단중,보행자보호의무위반,포장 - 기타,맑음,교차로 - 교차로횡단보도내,이륜,남,37세,상해없음,보행자,여,84세,중상
2021111300100582,2021년 11월 13일 20시,토요일,경기도 파주시 야당동,중상사고,0,1,0,0,차대사람 - 횡단중,안전운전불이행,포장 - 건조,맑음,단일로 - 기타,승용,남,63세,상해없음,보행자,남,56세,중상
2021111300100586,2021년 11월 13일 21시,토요일,경기도 수원시 장안구 파장동,경상사고,0,0,1,0,차대사람 - 기타,안전운전불이행,포장 - 건조,맑음,교차로 - 교차로안,승용,남,58세,상해없음,보행자,남,55세,경상
2021111300100618,2021년 11월 13일 22시,토요일,경기도 성남시 수정구 복정동,부상신고사고,0,0,0,1,차대사람 - 기타,안전운전불이행,포장 - 건조,맑음,단일로 - 기타,승용,남,73세,상해없음,보행자,남,42세,부상신고
2021111300100619,2021년 11월 13일 22시,토요일,경기도 이천시 창전동,중상사고,0,1,0,0,차대사람 - 기타,안전운전불이행,포장 - 건조,맑음,단일로 - 기타,승용,남,26세,상해없음,보행자,남,28세,중상
2021111300100620,2021년 11월 13일 22시,토요일,경기도 김포시 구래동,경상사고,0,0,1,0,차대사람 - 기타,안전운전불이행,포장 - 건조,맑음,교차로 - 교차로안,승용,남,35세,상해없음,보행자,남,44세,경상
2021111300100642,2021년 11월 13일 23시,토요일,경기도 평택시 서정동,경상사고,0,0,1,0,차대사람 - 횡단중,안전운전불이행,포장 - 건조,맑음,교차로 - 교차로부근,이륜,남,20세,상해없음,보행자,남,55세,경상
2021111300100643,2021년 11월 13일 23시,토요일,경기도 부천시 심곡동,부상신고사고,0,0,0,1,차대사람 - 기타,안전운전불이행,포장 - 건조,맑음,기타 - 기타,승용,남,38세,상해없음,보행자,남,20세,부상신고
2021111300100645,2021년 11월 13일 23시,토요일,경기도 성남시 중원구 성남동,중상사고,0,1,1,0,차대사람 - 차도통행중,안전운전불이행,포장 - 건조,맑음,단일로 - 기타,이륜,남,28세,경상,보행자,여,60세,중상
2021111400100005,2021년 11월 14일 00시,일요일,경기도 수원시 장안구 정자동,중상사고,0,1,0,0,차대사람 - 기타,과속,포장 - 건조,맑음,교차로 - 교차로부근,승용,남,67세,상해없음,보행자,여,23세,중상
2021111400100008,2021년 11월 14일 00시,일요일,경기도 부천시 중동,경상사고,0,0,1,0,차대사람 - 횡단중,안전운전불이행,포장 - 건조,맑음,교차로 - 교차로부근,승용,남,73세,상해없음,보행자,남,51세,경상
2021111400100016,2021년 11월 14일 00시,일요일,경기도 양주시 옥정동,중상사고,0,1,0,0,차대사람 - 차도통행중,안전운전불이행,포장 - 건조,흐림,단일로 - 기타,승용,여,39세,상해없음,보행자,남,27세,중상
2021111400100062,2021년 11월 14일 04시,일요일,경기도 이천시 부발읍,중상사고,0,1,1,0,차대사람 - 기타,안전운전불이행,포장 - 건조,맑음,단일로 - 기타,승용,남,27세,상해없음,보행자,여,54세,중상
2021111400100064,2021년 11월 14일 04시,일요일,경기도 시흥시 정왕동,중상사고,0,1,0,0,차대사람 - 횡단중,신호위반,포장 - 건조,맑음,교차로 - 교차로횡단보도내,승용,남,55세,상해없음,보행자,남,27세,중상
2021111400100099,2021년 11월 14일 09시,일요일,경기도 평택시 서정동,중상사고,0,1,0,0,차대사람 - 기타,안전운전불이행,포장 - 건조,맑음,단일로 - 기타,화물,남,68세,기타불명,보행자,남,63세,중상
2021111400100114,2021년 11월 14일 10시,일요일,경기도 용인시 수지구 상현동,경상사고,0,0,1,0,차대사람 - 횡단중,안전운전불이행,포장 - 건조,맑음,기타 - 기타,승용,남,73세,상해없음,보행자,여,13세,경상
2021111400100136,2021년 11월 14일 11시,일요일,경기도 안양시 동안구 평촌동,중상사고,0,1,0,0,차대사람 - 횡단중,안전운전불이행,포장 - 건조,맑음,교차로 - 교차로횡단보도내,승용,여,44세,상해없음,보행자,여,73세,중상
2021111400100186,2021년 11월 14일 13시,일요일,경기도 성남시 분당구 운중동,중상사고,0,1,0,0,차대사람 - 기타,안전운전불이행,포장 - 건조,맑음,단일로 - 기타,승용,남,53세,상해없음,보행자,남,75세,중상
2021111400100219,2021년 11월 14일 14시,일요일,경기도 용인시 처인구 운학동,경상사고,0,0,1,0,차대사람 - 기타,안전운전불이행,포장 - 건조,맑음,단일로 - 기타,승용,남,28세,상해없음,보행자,여,76세,경상
2021111400100221,2021년 11월 14일 14시,일요일,경기도 군포시 산본동,경상사고,0,0,1,0,차대사람 - 횡단중,보행자보호의무위반,포장 - 건조,맑음,단일로 - 기타,승용,여,43세,상해없음,보행자,여,83세,경상
2021111400100252,2021년 11월 14일 15시,일요일,경기도 하남시 신장동,중상사고,0,1,0,0,차대사람 - 기타,안전운전불이행,포장 - 건조,맑음,교차로 - 교차로부근,승용,남,46세,상해없음,보행자,남,69세,중상
2021111400100285,2021년 11월 14일 16시,일요일,경기도 부천시 고강동,중상사고,0,1,0,0,차대사람 - 기타,안전운전불이행,포장 - 건조,맑음,단일로 - 기타,화물,남,74세,상해없음,보행자,여,84세,중상
2021111400100308,2021년 11월 14일 17시,일요일,경기도 수원시 장안구 조원동,경상사고,0,0,1,0,차대사람 - 보도통행중,안전운전불이행,포장 - 건조,맑음,단일로 - 기타,화물,남,58세,상해없음,보행자,여,34세,경상
2021111400100315,2021년 11월 14일 17시,일요일,경기도 안산시 단원구 선부동,경상사고,0,0,1,0,차대사람 - 기타,안전운전불이행,포장 - 건조,맑음,단일로 - 기타,승합,남,60세,상해없음,보행자,남,25세,경상
2021111400100318,2021년 11월 14일 17시,일요일,경기도 수원시 팔달구 고등동,부상신고사고,0,0,0,1,차대사람 - 기타,안전운전불이행,포장 - 건조,맑음,기타 - 기타,승합,남,44세,상해없음,보행자,남,64세,부상신고
2021111400100322,2021년 11월 14일 17시,일요일,경기도 용인시 수지구 상현동,경상사고,0,0,1,0,차대사람 - 보도통행중,안전운전불이행,포장 - 건조,맑음,기타 - 기타,승용,여,23세,상해없음,보행자,남,22세,경상
2021111400100357,2021년 11월 14일 18시,일요일,경기도 용인시 처인구 삼가동,경상사고,0,0,1,0,차대사람 - 보도통행중,보행자보호의무위반,포장 - 건조,맑음,단일로 - 기타,화물,남,53세,상해없음,보행자,여,52세,경상
2021111400100383,2021년 11월 14일 18시,일요일,경기도 의정부시 의정부동,경상사고,0,0,1,0,차대사람 - 기타,안전운전불이행,포장 - 건조,흐림,단일로 - 기타,승용,남,23세,상해없음,보행자,남,2세,경상
2021111400100386,2021년 11월 14일 18시,일요일,경기도 양주시 고읍동,중상사고,0,1,0,0,차대사람 - 횡단중,안전운전불이행,포장 - 건조,흐림,단일로 - 기타,승용,남,30세,상해없음,보행자,남,40세,중상
2021111400100416,2021년 11월 14일 19시,일요일,경기도 의정부시 의정부동,중상사고,0,1,0,0,차대사람 - 기타,안전운전불이행,포장 - 건조,기타,단일로 - 기타,승합,남,53세,상해없음,보행자,여,64세,중상
2021111400100417,2021년 11월 14일 19시,일요일,경기도 가평군 가평읍,사망사고,1,0,0,0,차대사람 - 횡단중,과속,포장 - 건조,맑음,교차로 - 교차로부근,승용,남,64세,상해없음,보행자,남,46세,사망
2021111400100460,2021년 11월 14일 21시,일요일,경기도 가평군 청평면,중상사고,0,1,0,0,차대사람 - 횡단중,안전운전불이행,포장 - 건조,맑음,교차로 - 교차로안,승용,남,48세,상해없음,보행자,남,33세,중상
2021111400100464,2021년 11월 14일 22시,일요일,경기도 군포시 당동,경상사고,0,0,1,0,차대사람 - 기타,안전운전불이행,포장 - 건조,맑음,교차로 - 교차로부근,원동기,남,28세,상해없음,보행자,남,53세,경상
2021111400100478,2021년 11월 14일 23시,일요일,경기도 부천시 원종동,경상사고,0,0,1,0,차대사람 - 기타,안전운전불이행,포장 - 건조,맑음,교차로 - 교차로안,특수,남,35세,상해없음,보행자,남,61세,경상
2021111500100012,2021년 11월 15일 01시,월요일,경기도 수원시 영통구 원천동,경상사고,0,0,1,0,차대사람 - 횡단중,보행자보호의무위반,포장 - 건조,맑음,교차로 - 교차로부근,화물,남,26세,상해없음,보행자,여,28세,경상
2021111500100051,2021년 11월 15일 06시,월요일,경기도 부천시 송내동,경상사고,0,0,1,0,차대사람 - 길가장자리구역통행중,안전운전불이행,포장 - 건조,맑음,단일로 - 기타,화물,남,55세,상해없음,보행자,여,83세,경상
2021111500100092,2021년 11월 15일 08시,월요일,경기도 이천시 안흥동,중상사고,0,1,0,0,차대사람 - 차도통행중,신호위반,포장 - 젖음/습기,안개,교차로 - 교차로안,승용,남,61세,상해없음,보행자,남,64세,중상
2021111500100097,2021년 11월 15일 08시,월요일,경기도 안산시 상록구 일동,경상사고,0,0,1,0,차대사람 - 기타,안전운전불이행,포장 - 건조,맑음,교차로 - 교차로안,승용,남,47세,상해없음,보행자,남,83세,경상
2021111500100128,2021년 11월 15일 09시,월요일,경기도 수원시 장안구 영화동,경상사고,0,0,1,0,차대사람 - 기타,안전운전불이행,포장 - 건조,맑음,교차로 - 교차로부근,승용,여,49세,상해없음,보행자,여,64세,경상
2021111500100133,2021년 11월 15일 09시,월요일,경기도 수원시 팔달구 인계동,경상사고,0,0,1,0,차대사람 - 기타,안전운전불이행,포장 - 건조,맑음,단일로 - 기타,승용,여,44세,상해없음,보행자,남,69세,경상
2021111500100161,2021년 11월 15일 10시,월요일,경기도 용인시 수지구 신봉동,중상사고,0,1,0,0,차대사람 - 횡단중,안전운전불이행,포장 - 건조,맑음,단일로 - 기타,승용,남,58세,기타불명,보행자,여,48세,중상
2021111500100194,2021년 11월 15일 11시,월요일,경기도 부천시 심곡본동,경상사고,0,0,1,0,차대사람 - 기타,안전운전불이행,포장 - 건조,맑음,교차로 - 교차로부근,화물,남,68세,상해없음,보행자,남,32세,경상
2021111500100213,2021년 11월 15일 11시,월요일,경기도 파주시 와동동,중상사고,0,1,0,0,차대사람 - 기타,안전운전불이행,포장 - 건조,맑음,단일로 - 기타,승용,여,46세,상해없음,보행자,남,29세,중상
2021111500100264,2021년 11월 15일 13시,월요일,경기도 부천시 상동,중상사고,0,1,0,0,차대사람 - 기타,안전운전불이행,포장 - 건조,맑음,단일로 - 기타,승용,남,68세,상해없음,보행자,여,49세,중상
2021111500100265,2021년 11월 15일 13시,월요일,경기도 시흥시 정왕동,중상사고,0,1,0,0,차대사람 - 기타,안전운전불이행,포장 - 건조,맑음,단일로 - 기타,원동기,남,32세,상해없음,보행자,여,58세,중상
2021111500100285,2021년 11월 15일 13시,월요일,경기도 의정부시 호원동,경상사고,0,0,1,0,차대사람 - 횡단중,신호위반,포장 - 건조,맑음,교차로 - 교차로횡단보도내,화물,남,59세,상해없음,보행자,여,30세,경상
2021111500100296,2021년 11월 15일 14시,월요일,경기도 부천시 상동,경상사고,0,0,1,0,차대사람 - 보도통행중,기타,포장 - 건조,맑음,기타 - 기타,자전거,남,18세,상해없음,보행자,남,5세,경상
2021111500100372,2021년 11월 15일 16시,월요일,경기도 안산시 상록구 본오동,부상신고사고,0,0,0,1,차대사람 - 기타,안전운전불이행,포장 - 건조,맑음,교차로 - 교차로안,승용,남,31세,상해없음,보행자,여,18세,부상신고
2021111500100412,2021년 11월 15일 17시,월요일,경기도 시흥시 정왕동,중상사고,0,1,0,0,차대사람 - 기타,안전운전불이행,포장 - 건조,맑음,교차로 - 교차로부근,승용,남,51세,상해없음,보행자,남,50세,중상
2021111500100444,2021년 11월 15일 17시,월요일,경기도 고양시 덕양구 용두동,중상사고,0,1,0,0,차대사람 - 횡단중,안전운전불이행,포장 - 건조,맑음,교차로 - 교차로부근,화물,남,44세,상해없음,보행자,남,56세,중상
2021111500100465,2021년 11월 15일 18시,월요일,경기도 안성시 금광면,중상사고,0,1,0,0,차대사람 - 기타,안전운전불이행,포장 - 건조,기타,단일로 - 기타,승용,여,57세,상해없음,보행자,여,50세,중상
2021111500100471,2021년 11월 15일 18시,월요일,경기도 부천시 중동,중상사고,0,1,0,0,차대사람 - 기타,안전운전불이행,포장 - 건조,맑음,단일로 - 기타,승용,여,44세,기타불명,보행자,남,69세,중상
2021111500100475,2021년 11월 15일 18시,월요일,경기도 부천시 오정동,중상사고,0,1,0,0,차대사람 - 횡단중,안전운전불이행,포장 - 건조,맑음,교차로 - 교차로부근,승용,남,68세,상해없음,보행자,여,82세,중상
2021111500100532,2021년 11월 15일 19시,월요일,경기도 평택시 신장동,경상사고,0,0,1,0,차대사람 - 기타,안전운전불이행,포장 - 건조,맑음,교차로 - 교차로안,승용,남,25세,상해없음,보행자,여,83세,경상
2021111500100533,2021년 11월 15일 19시,월요일,경기도 광주시 경안동,중상사고,0,2,0,0,차대사람 - 횡단중,보행자보호의무위반,포장 - 건조,맑음,교차로 - 교차로부근,승용,여,51세,상해없음,보행자,남,61세,중상
2021111500100535,2021년 11월 15일 19시,월요일,경기도 용인시 처인구 포곡읍,경상사고,0,0,1,0,차대사람 - 횡단중,신호위반,포장 - 건조,맑음,교차로 - 교차로안,승용,남,52세,상해없음,보행자,여,71세,경상
2021111500100536,2021년 11월 15일 19시,월요일,경기도 용인시 처인구 남사읍,경상사고,0,0,1,0,차대사람 - 기타,신호위반,포장 - 건조,맑음,교차로 - 교차로안,승용,여,70세,상해없음,보행자,남,38세,경상
2021111500100537,2021년 11월 15일 19시,월요일,경기도 오산시 원동,경상사고,0,0,1,0,차대사람 - 기타,안전운전불이행,포장 - 건조,맑음,단일로 - 기타,개인형이동수단(PM),남,39세,상해없음,보행자,남,23세,경상
2021111500100567,2021년 11월 15일 20시,월요일,경기도 안산시 단원구 성곡동,중상사고,0,1,0,0,차대사람 - 횡단중,안전운전불이행,포장 - 건조,맑음,단일로 - 기타,승용,여,42세,상해없음,보행자,여,76세,중상
2021111500100593,2021년 11월 15일 21시,월요일,경기도 부천시 상동,경상사고,0,0,1,0,차대사람 - 기타,안전운전불이행,포장 - 건조,맑음,교차로 - 교차로안,승용,남,50세,상해없음,보행자,남,32세,경상