사고번호,사고일시,요일,시군구,사고내용,사망자수,중상자수,경상자수,부상신고자수,사고유형,법규위반,노면상태,기상상태,도로형태,가해운전자 차종,가해운전자 성별,가해운전자 연령,가해운전자 상해정도,피해운전자 차종,피해운전자 성별,피해운전자 연령,피해운전자 상해정도
2021112500100076,2021년 11월 25일 07시,목요일,경기도 용인시 처인구 모현읍,경상사고,0,0,1,0,차대사람 - 차도통행중,안전운전불이행,포장 - 젖음/습기,비,교차로 - 교차로안,승용,여,27세,상해없음,보행자,여,59세,경상
2021112500100088,2021년 11월 25일 07시,목요일,경기도 고양시 덕양구 토당동,경상사고,0,0,1,0,차대사람 - 횡단중,신호위반,포장 - 건조,맑음,교차로 - 교차로횡단보도내,승용,여,61세,상해없음,보행자,여,23세,경상
2021112500100104,2021년 11월 25일 08시,목요일,경기도 부천시 약대동,중상사고,0,1,0,0,차대사람 - 횡단중,보행자보호의무위반,포장 - 건조,맑음,교차로 - 교차로횡단보도내,승용,여,46세,상해없음,보행자,여,53세,중상
2021112500100105,2021년 11월 25일 08시,목요일,경기도 광명시 하안동,중상사고,0,1,0,0,차대사람 - 횡단중,보행자보호의무위반,포장 - 건조,맑음,교차로 - 교차로안,승용,남,54세,상해없음,보행자,여,82세,중상
2021112500100108,2021년 11월 25일 08시,목요일,경기도 성남시 중원구 상대원동,중상사고,0,1,0,0,차대사람 - 기타,신호위반,포장 - 건조,흐림,기타 - 기타,화물,남,32세,상해없음,보행자,여,48세,중상
2021112500100150,2021년 11월 25일 09시,목요일,경기도 화성시 안녕동,중상사고,0,1,0,0,차대사람 - 횡단중,신호위반,포장 - 건조,맑음,교차로 - 교차로횡단보도내,승용,남,49세,상해없음,보행자,여,58세,중상
2021112500100179,2021년 11월 25일 10시,목요일,경기도 시흥시 하중동,중상사고,0,1,0,0,차대사람 - 차도통행중,안전운전불이행,포장 - 건조,맑음,단일로 - 기타,승용,남,38세,상해없음,보행자,남,82세,중상
2021112500100182,2021년 11월 25일 10시,목요일,경기도 부천시 작동,중상사고,0,1,0,0,차대사람 - 기타,안전운전불이행,포장 - 건조,맑음,교차로 - 교차로안,건설기계,남,66세,상해없음,보행자,남,70세,중상
2021112500100201,2021년 11월 25일 10시,목요일,경기도 양주시 고읍동,중상사고,0,1,0,0,차대사람 - 횡단중,안전운전불이행,포장 - 건조,맑음,단일로 - 기타,승용,남,53세,상해없음,보행자,여,84세,중상
2021112500100301,2021년 11월 25일 13시,목요일,경기도 고양시 일산동구 사리현동,사망사고,1,0,0,0,차대사람 - 횡단중,안전운전불이행,포장 - 건조,맑음,기타 - 기타,화물,남,40세,상해없음,보행자,남,83세,사망
2021112500100367,2021년 11월 25일 15시,목요일,경기도 성남시 수정구 신흥동,경상사고,0,0,1,0,차대사람 - 횡단중,보행자보호의무위반,포장 - 건조,맑음,교차로 - 교차로부근,승용,여,22세,상해없음,보행자,여,33세,경상
2021112500100369,2021년 11월 25일 15시,목요일,경기도 여주시 점봉동,중상사고,0,1,0,0,차대사람 - 기타,안전운전불이행,포장 - 건조,맑음,단일로 - 기타,승용,남,63세,상해없음,보행자,여,19세,중상
2021112500100394,2021년 11월 25일 15시,목요일,경기도 고양시 일산서구 일산동,경상사고,0,0,1,0,차대사람 - 기타,안전운전불이행,포장 - 건조,맑음,단일로 - 기타,승합,여,60세,상해없음,보행자,여,78세,경상
2021112500100436,2021년 11월 25일 16시,목요일,경기도 남양주시 호평동,경상사고,0,0,1,0,차대사람 - 보도통행중,기타,포장 - 건조,맑음,단일로 - 기타,개인형이동수단(PM),여,14세,상해없음,보행자,여,56세,경상
2021112500100448,2021년 11월 25일 17시,목요일,경기도 이천시 부발읍,경상사고,0,0,1,0,차대사람 - 기타,안전운전불이행,포장 - 건조,맑음,기타 - 기타,승용,남,41세,상해없음,보행자,남,38세,경상
2021112500100449,2021년 11월 25일 17시,목요일,경기도 광주시 태전동,경상사고,0,0,1,0,차대사람 - 기타,안전운전불이행,포장 - 건조,맑음,기타 - 기타,승용,남,57세,상해없음,보행자,남,18세,경상
2021112500100454,2021년 11월 25일 17시,목요일,경기도 군포시 당정동,중상사고,0,1,0,0,차대사람 - 횡단중,보행자보호의무위반,포장 - 건조,맑음,교차로 - 교차로부근,승용,남,65세,상해없음,보행자,여,10세,중상
2021112500100455,2021년 11월 25일 17시,목요일,경기도 화성시 향남읍,경상사고,0,0,1,0,차대사람 - 차도통행중,안전운전불이행,포장 - 건조,맑음,교차로 - 교차로부근,승용,여,60세,상해없음,보행자,남,55세,경상
2021112500100488,2021년 11월 25일 17시,목요일,경기도 포천시 소흘읍,중상사고,0,1,0,0,차대사람 - 기타,안전운전불이행,포장 - 건조,맑음,교차로 - 교차로안,승용,남,57세,상해없음,보행자,여,61세,중상
2021112500100508,2021년 11월 25일 18시,목요일,경기도 시흥시 대야동,중상사고,0,1,0,0,차대사람 - 횡단중,신호위반,포장 - 건조,맑음,교차로 - 교차로횡단보도내,개인형이동수단(PM),남,12세,기타불명,보행자,여,58세,중상
2021112500100569,2021년 11월 25일 19시,목요일,경기도 용인시 기흥구 보정동,경상사고,0,0,1,0,차대사람 - 횡단중,보행자보호의무위반,포장 - 건조,맑음,교차로 - 교차로횡단보도내,승용,남,59세,상해없음,보행자,남,22세,경상
2021112500100597,2021년 11월 25일 20시,목요일,경기도 시흥시 신천동,중상사고,0,1,0,0,차대사람 - 횡단중,보행자보호의무위반,포장 - 건조,맑음,교차로 - 교차로안,승용,여,52세,상해없음,보행자,여,64세,중상
2021112500100622,2021년 11월 25일 21시,목요일,경기도 용인시 수지구 죽전동,경상사고,0,0,1,0,차대사람 - 횡단중,교차로운행방법위반,포장 - 건조,맑음,교차로 - 교차로안,승용,남,54세,상해없음,보행자,여,39세,경상
2021112500100648,2021년 11월 25일 22시,목요일,경기도 시흥시 정왕동,중상사고,0,1,0,0,차대사람 - 횡단중,안전운전불이행,포장 - 건조,맑음,단일로 - 기타,승용,남,33세,상해없음,보행자,남,42세,중상
2021112500100662,2021년 11월 25일 22시,목요일,경기도 의정부시 의정부동,경상사고,0,0,2,0,차대사람 - 횡단중,보행자보호의무위반,포장 - 건조,맑음,교차로 - 교차로횡단보도내,승용,남,60세,상해없음,보행자,여,66세,경상
2021112600100047,2021년 11월 26일 05시,금요일,경기도 화성시 반월동,부상신고사고,0,0,0,1,차대사람 - 기타,기타,포장 - 건조,맑음,기타 - 기타,승합,남,58세,기타불명,보행자,남,55세,부상신고
2021112600100102,2021년 11월 26일 07시,금요일,경기도 고양시 덕양구 화정동,부상신고사고,0,0,0,1,차대사람 - 기타,기타,포장 - 기타,맑음,단일로 - 기타,승합,남,66세,상해없음,보행자,여,38세,부상신고
2021112600100113,2021년 11월 26일 08시,금요일,경기도 평택시 지산동,사망사고,1,0,0,0,차대사람 - 기타,안전운전불이행,포장 - 건조,맑음,교차로 - 교차로안,승용,여,50세,기타불명,보행자,남,94세,사망
2021112600100122,2021년 11월 26일 08시,금요일,경기도 화성시 산척동,경상사고,0,0,1,0,차대사람 - 횡단중,신호위반,포장 - 건조,맑음,교차로 - 교차로안,승용,여,55세,상해없음,보행자,남,13세,경상
2021112600100151,2021년 11월 26일 08시,금요일,경기도 의정부시 가능동,경상사고,0,0,1,0,차대사람 - 길가장자리구역통행중,안전운전불이행,포장 - 건조,맑음,단일로 - 기타,승용,남,52세,상해없음,보행자,남,18세,경상
2021112600100192,2021년 11월 26일 09시,금요일,경기도 파주시 광탄면,경상사고,0,0,1,0,차대사람 - 횡단중,보행자보호의무위반,포장 - 건조,맑음,교차로 - 교차로안,승용,남,75세,상해없음,보행자,여,43세,경상
2021112600100203,2021년 11월 26일 10시,금요일,경기도 부천시 송내동,경상사고,0,0,1,0,차대사람 - 기타,신호위반,포장 - 건조,맑음,교차로 - 교차로부근,승용,여,61세,상해없음,보행자,여,42세,경상
2021112600100260,2021년 11월 26일 12시,금요일,경기도 수원시 팔달구 화서동,경상사고,0,0,1,0,차대사람 - 길가장자리구역통행중,안전운전불이행,포장 - 건조,맑음,단일로 - 기타,승용,남,42세,상해없음,보행자,남,79세,경상
2021112600100262,2021년 11월 26일 12시,금요일,경기도 김포시 양촌읍,경상사고,0,0,1,0,차대사람 - 차도통행중,안전운전불이행,포장 - 건조,맑음,단일로 - 기타,승용,남,80세,상해없음,보행자,남,72세,경상
2021112600100265,2021년 11월 26일 12시,금요일,경기도 안산시 단원구 고잔동,경상사고,0,0,1,0,차대사람 - 보도통행중,안전운전불이행,포장 - 건조,맑음,교차로 - 교차로횡단보도내,화물,남,40세,상해없음,보행자,여,48세,경상
2021112600100311,2021년 11월 26일 13시,금요일,경기도 화성시 송동,경상사고,0,0,1,0,차대사람 - 횡단중,신호위반,포장 - 건조,맑음,교차로 - 교차로횡단보도내,이륜,남,46세,상해없음,보행자,남,5세,경상
2021112600100335,2021년 11월 26일 14시,금요일,경기도 광명시 하안동,경상사고,0,0,1,0,차대사람 - 보도통행중,기타,포장 - 건조,맑음,기타 - 기타,개인형이동수단(PM),남,20세,상해없음,보행자,여,8세,경상
2021112600100379,2021년 11월 26일 15시,금요일,경기도 부천시 춘의동,경상사고,0,0,1,0,차대사람 - 기타,안전운전불이행,포장 - 건조,맑음,단일로 - 터널,개인형이동수단(PM),남,80세,상해없음,보행자,여,51세,경상
2021112600100410,2021년 11월 26일 15시,금요일,경기도 포천시 소흘읍,경상사고,0,0,1,0,차대사람 - 보도통행중,기타,포장 - 건조,맑음,단일로 - 기타,자전거,여,11세,상해없음,보행자,남,57세,경상
2021112600100426,2021년 11월 26일 16시,금요일,경기도 부천시 삼정동,중상사고,0,1,0,0,차대사람 - 횡단중,신호위반,포장 - 건조,맑음,교차로 - 교차로횡단보도내,이륜,남,25세,상해없음,보행자,여,67세,중상
2021112600100453,2021년 11월 26일 16시,금요일,경기도 고양시 일산동구 마두동,부상신고사고,0,0,0,1,차대사람 - 기타,안전운전불이행,포장 - 건조,맑음,단일로 - 기타,승합,남,61세,기타불명,보행자,남,17세,부상신고
2021112600100474,2021년 11월 26일 17시,금요일,경기도 안성시 아양동,경상사고,0,0,1,0,차대사람 - 차도통행중,안전운전불이행,포장 - 건조,맑음,단일로 - 기타,승용,여,69세,상해없음,보행자,남,63세,경상
2021112600100478,2021년 11월 26일 17시,금요일,경기도 김포시 통진읍,경상사고,0,0,2,0,차대사람 - 횡단중,안전운전불이행,포장 - 건조,맑음,단일로 - 기타,이륜,남,25세,경상,보행자,여,18세,경상
2021112600100479,2021년 11월 26일 17시,금요일,경기도 양평군 양서면,중상사고,0,1,0,0,차대사람 - 횡단중,안전운전불이행,포장 - 건조,맑음,교차로 - 교차로안,화물,남,37세,상해없음,보행자,남,58세,중상
2021112600100480,2021년 11월 26일 17시,금요일,경기도 부천시 송내동,사망사고,1,0,0,0,차대사람 - 횡단중,보행자보호의무위반,포장 - 건조,맑음,교차로 - 교차로횡단보도내,화물,남,57세,상해없음,보행자,남,98세 이상,사망
2021112600100488,2021년 11월 26일 17시,금요일,경기도 화성시 반송동,중상사고,0,1,1,0,차대사람 - 기타,안전운전불이행,포장 - 건조,맑음,단일로 - 기타,개인형이동수단(PM),여,14세,경상,보행자,남,57세,중상
2021112600100549,2021년 11월 26일 18시,금요일,경기도 부천시 중동,부상신고사고,0,0,0,1,차대사람 - 횡단중,보행자보호의무위반,포장 - 건조,맑음,단일로 - 기타,승용,남,47세,상해없음,보행자,남,52세,부상신고
2021112600100553,2021년 11월 26일 18시,금요일,경기도 시흥시 하상동,경상사고,0,0,1,0,차대사람 - 차도통행중,안전운전불이행,포장 - 건조,맑음,교차로 - 교차로안,승용,여,57세,상해없음,보행자,여,59세,경상
2021112600100555,2021년 11월 26일 18시,금요일,경기도 수원시 권선구 평리동,중상사고,0,1,0,0,차대사람 - 횡단중,안전운전불이행,포장 - 건조,맑음,교차로 - 교차로안,승용,남,58세,상해없음,보행자,남,53세,중상
2021112600100594,2021년 11월 26일 18시,금요일,경기도 의정부시 장암동,중상사고,0,1,0,0,차대사람 - 기타,안전운전불이행,포장 - 건조,흐림,교차로 - 교차로부근,이륜,남,60세,상해없음,보행자,여,10세,중상
2021112600100596,2021년 11월 26일 18시,금요일,경기도 파주시 금촌동,중상사고,0,1,0,0,차대사람 - 횡단중,보행자보호의무위반,포장 - 건조,맑음,교차로 - 교차로부근,승용,여,42세,상해없음,보행자,여,59세,중상
2021112600100624,2021년 11월 26일 19시,금요일,경기도 부천시 오정동,부상신고사고,0,0,0,1,차대사람 - 길가장자리구역통행중,안전운전불이행,포장 - 건조,맑음,기타 - 기타,승용,여,34세,상해없음,보행자,남,57세,부상신고
2021112600100661,2021년 11월 26일 20시,금요일,경기도 시흥시 정왕동,경상사고,0,0,2,0,차대사람 - 횡단중,신호위반,포장 - 건조,맑음,단일로 - 기타,원동기,남,27세,상해없음,보행자,여,24세,경상
2021112600100679,2021년 11월 26일 20시,금요일,경기도 파주시 금촌동,중상사고,0,1,0,0,차대사람 - 횡단중,보행자보호의무위반,포장 - 건조,맑음,단일로 - 기타,이륜,남,20세,상해없음,보행자,남,42세,중상
2021112600100690,2021년 11월 26일 21시,금요일,경기도 시흥시 정왕동,경상사고,0,0,1,0,차대사람 - 기타,안전운전불이행,포장 - 건조,맑음,기타 - 기타,기타불명,기타불명,미분류,기타불명,보행자,여,39세,경상
2021112600100715,2021년 11월 26일 22시,금요일,경기도 성남시 중원구 성남동,중상사고,0,1,0,0,차대사람 - 기타,안전운전불이행,포장 - 건조,맑음,단일로 - 기타,이륜,남,53세,상해없음,보행자,여,63세,중상
2021112700100021,2021년 11월 27일 01시,토요일,경기도 하남시 하산곡동,경상사고,0,0,1,0,차대사람 - 기타,안전운전불이행,포장 - 건조,맑음,교차로 - 교차로안,승용,남,26세,상해없음,보행자,남,24세,경상
2021112700100050,2021년 11월 27일 05시,토요일,경기도 광명시 하안동,경상사고,0,0,1,0,차대사람 - 횡단중,보행자보호의무위반,포장 - 건조,맑음,단일로 - 기타,승용,남,62세,상해없음,보행자,여,54세,경상
2021112700100057,2021년 11월 27일 06시,토요일,경기도 부천시 심곡동,중상사고,0,1,0,0,차대사람 - 차도통행중,안전운전불이행,포장 - 건조,맑음,단일로 - 기타,승용,남,56세,상해없음,보행자,여,19세,중상
2021112700100133,2021년 11월 27일 10시,토요일,경기도 부천시 소사본동,중상사고,0,1,0,0,차대사람 - 기타,신호위반,포장 - 건조,맑음,단일로 - 기타,승용,남,42세,상해없음,보행자,남,72세,중상
2021112700100151,2021년 11월 27일 10시,토요일,경기도 의정부시 호원동,중상사고,0,1,0,0,차대사람 - 횡단중,안전운전불이행,포장 - 건조,맑음,단일로 - 기타,승용,여,27세,상해없음,보행자,여,80세,중상
2021112700100169,2021년 11월 27일 11시,토요일,경기도 수원시 팔달구 매산로1가,경상사고,0,0,1,0,차대사람 - 기타,안전운전불이행,포장 - 건조,맑음,교차로 - 교차로안,승용,남,20세,상해없음,보행자,남,55세,경상
2021112700100274,2021년 11월 27일 13시,토요일,경기도 고양시 덕양구 화정동,중상사고,0,1,0,0,차대사람 - 보도통행중,안전운전불이행,포장 - 건조,맑음,기타 - 기타,자전거,남,14세,상해없음,보행자,여,50세,중상
2021112700100283,2021년 11월 27일 14시,토요일,경기도 수원시 장안구 정자동,경상사고,0,0,1,0,차대사람 - 횡단중,보행자보호의무위반,포장 - 건조,맑음,교차로 - 교차로횡단보도내,승용,남,27세,상해없음,보행자,남,30세,경상
2021112700100284,2021년 11월 27일 14시,토요일,경기도 수원시 장안구 정자동,중상사고,0,1,0,0,차대사람 - 보도통행중,기타,포장 - 건조,맑음,단일로 - 기타,개인형이동수단(PM),남,18세,상해없음,보행자,여,77세,중상
2021112700100291,2021년 11월 27일 14시,토요일,경기도 안산시 단원구 선부동,경상사고,0,0,1,0,차대사람 - 기타,안전운전불이행,포장 - 건조,맑음,기타 - 기타,승용,남,28세,상해없음,보행자,여,44세,경상
2021112700100377,2021년 11월 27일 16시,토요일,경기도 용인시 기흥구 보정동,경상사고,0,0,1,0,차대사람 - 기타,안전운전불이행,포장 - 건조,맑음,단일로 - 기타,승용,여,36세,상해없음,보행자,남,73세,경상
2021112700100410,2021년 11월 27일 17시,토요일,경기도 이천시 마장면,중상사고,0,1,0,0,차대사람 - 길가장자리구역통행중,안전운전불이행,포장 - 건조,맑음,단일로 - 기타,승용,여,53세,상해없음,보행자,남,77세,중상
2021112700100540,2021년 11월 27일 20시,토요일,경기도 부천시 심곡동,경상사고,0,0,1,0,차대사람 - 기타,기타,포장 - 기타,맑음,기타 - 기타,자전거,남,47세,상해없음,보행자,여,20세,경상
2021112700100555,2021년 11월 27일 20시,토요일,경기도 고양시 덕양구 화정동,경상사고,0,0,1,0,차대사람 - 보도통행중,안전운전불이행,포장 - 건조,맑음,단일로 - 기타,승용,여,20세,상해없음,보행자,남,33세,경상
2021112700100560,2021년 11월 27일 21시,토요일,경기도 광주시 역동,중상사고,0,1,0,0,차대사람 - 차도통행중,안전운전불이행,포장 - 건조,맑음,단일로 - 기타,이륜,남,18세,상해없음,보행자,남,25세,중상
2021112700100580,2021년 11월 27일 22시,토요일,경기도 수원시 팔달구 인계동,경상사고,0,0,1,0,차대사람 - 기타,안전운전불이행,포장 - 건조,맑음,단일로 - 기타,승용,여,24세,상해없음,보행자,여,28세,경상
2021112700100594,2021년 11월 27일 23시,토요일,경기도 이천시 창전동,경상사고,0,0,1,0,차대사람 - 기타,안전운전불이행,포장 - 건조,맑음,교차로 - 교차로안,이륜,남,20세,상해없음,보행자,남,48세,경상
2021112700100596,2021년 11월 27일 23시,토요일,경기도 안산시 단원구 고잔동,부상신고사고,0,0,0,1,차대사람 - 기타,안전운전불이행,포장 - 건조,맑음,단일로 - 기타,승용,남,59세,상해없음,보행자,남,26세,부상신고
2021112800100031,2021년 11월 28일 01시,일요일,경기도 남양주시 수동면,경상사고,0,0,1,0,차대사람 - 기타,안전운전불이행,포장 - 건조,맑음,교차로 - 교차로안,승용,남,21세,상해없음,보행자,여,28세,경상
2021112800100061,2021년 11월 28일 06시,일요일,경기도 수원시 장안구 영화동,중상사고,0,1,0,0,차대사람 - 기타,신호위반,포장 - 건조,흐림,교차로 - 교차로안,승용,남,59세,상해없음,보행자,여,80세,중상
2021112800100087,2021년 11월 28일 09시,일요일,경기도 오산시 궐동,경상사고,0,0,1,0,차대사람 - 횡단중,안전운전불이행,포장 - 건조,맑음,교차로 - 교차로부근,승용,남,76세,상해없음,보행자,남,47세,경상
2021112800100108,2021년 11월 28일 10시,일요일,경기도 수원시 팔달구 영동,경상사고,0,0,1,0,차대사람 - 기타,보행자보호의무위반,포장 - 건조,맑음,교차로 - 교차로횡단보도내,승용,남,48세,상해없음,보행자,남,51세,경상
2021112800100161,2021년 11월 28일 12시,일요일,경기도 성남시 수정구 양지동,부상신고사고,0,0,0,1,차대사람 - 기타,안전운전불이행,포장 - 건조,맑음,단일로 - 기타,승용,남,38세,상해없음,보행자,남,76세,부상신고
2021112800100189,2021년 11월 28일 13시,일요일,경기도 평택시 평택동,중상사고,0,1,0,0,차대사람 - 기타,안전운전불이행,포장 - 건조,맑음,단일로 - 기타,승용,여,26세,상해없음,보행자,남,8세,중상
2021112800100193,2021년 11월 28일 13시,일요일,경기도 군포시 산본동,중상사고,0,1,0,0,차대사람 - 기타,안전운전불이행,포장 - 건조,맑음,단일로 - 기타,승용,여,44세,상해없음,보행자,여,79세,중상
2021112800100215,2021년 11월 28일 13시,일요일,경기도 고양시 덕양구 화정동,경상사고,0,0,1,0,차대사람 - 차도통행중,신호위반,포장 - 기타,맑음,단일로 - 기타,자전거,남,16세,상해없음,보행자,여,58세,경상
2021112800100216,2021년 11월 28일 13시,일요일,경기도 고양시 일산서구 가좌동,중상사고,0,1,0,0,차대사람 - 횡단중,보행자보호의무위반,포장 - 건조,맑음,교차로 - 교차로안,승합,남,59세,상해없음,보행자,여,65세,중상
2021112800100230,2021년 11월 28일 14시,일요일,경기도 안산시 단원구 원곡동,경상사고,0,0,1,0,차대사람 - 기타,안전운전불이행,포장 - 기타,기타,기타 - 기타,승용,남,31세,상해없음,보행자,여,64세,경상
2021112800100258,2021년 11월 28일 15시,일요일,경기도 수원시 팔달구 장안동,경상사고,0,0,1,0,차대사람 - 기타,안전운전불이행,포장 - 건조,맑음,단일로 - 기타,승용,여,24세,상해없음,보행자,여,72세,경상
2021112800100293,2021년 11월 28일 16시,일요일,경기도 부천시 오정동,경상사고,0,0,1,0,차대사람 - 보도통행중,안전운전불이행,포장 - 건조,맑음,단일로 - 기타,승용,남,58세,상해없음,보행자,남,23세,경상
2021112800100307,2021년 11월 28일 16시,일요일,경기도 파주시 문산읍,경상사고,0,0,1,0,차대사람 - 길가장자리구역통행중,안전운전불이행,포장 - 건조,맑음,기타 - 기타,승용,남,58세,상해없음,보행자,남,55세,경상
2021112800100350,2021년 11월 28일 18시,일요일,경기도 화성시 팔탄면,부상신고사고,0,0,0,1,차대사람 - 기타,안전운전불이행,포장 - 건조,맑음,주차장 - 주차장,승용,여,63세,상해없음,보행자,여,51세,부상신고
2021112800100381,2021년 11월 28일 19시,일요일,경기도 부천시 괴안동,중상사고,0,1,0,0,차대사람 - 기타,보행자보호의무위반,포장 - 기타,맑음,교차로 - 교차로횡단보도내,승용,여,58세,상해없음,보행자,여,56세,중상
2021112800100383,2021년 11월 28일 19시,일요일,경기도 부천시 상동,중상사고,0,1,0,0,차대사람 - 보도통행중,안전운전불이행,포장 - 건조,맑음,단일로 - 기타,이륜,남,55세,상해없음,보행자,여,72세,중상
2021112800100384,2021년 11월 28일 19시,일요일,경기도 안산시 단원구 고잔동,경상사고,0,0,1,0,차대사람 - 기타,안전운전불이행,포장 - 건조,맑음,단일로 - 기타,승용,여,19세,상해없음,보행자,여,28세,경상
2021112800100385,2021년 11월 28일 19시,일요일,경기도 시흥시 정왕동,경상사고,0,0,1,0,차대사람 - 길가장자리구역통행중,안전운전불이행,포장 - 건조,맑음,단일로 - 기타,승용,남,28세,상해없음,보행자,남,44세,경상
2021112800100416,2021년 11월 28일 20시,일요일,경기도 하남시 덕풍동,경상사고,0,0,1,0,차대사람 - 기타,안전운전불이행,포장 - 건조,맑음,교차로 - 교차로부근,화물,남,55세,상해없음,보행자,여,58세,경상
2021112800100433,2021년 11월 28일 20시,일요일,경기도 의정부시 금오동,중상사고,0,1,0,0,차대사람 - 횡단중,안전운전불이행,포장 - 젖음/습기,비,교차로 - 교차로횡단보도내,이륜,남,29세,기타불명,보행자,여,58세,중상
2021112800100434,2021년 11월 28일 20시,일요일,경기도 고양시 덕양구 향동동,중상사고,0,1,0,0,차대사람 - 기타,신호위반,포장 - 건조,맑음,교차로 - 교차로안,원동기,남,39세,상해없음,보행자,남,63세,중상
2021112800100443,2021년 11월 28일 21시,일요일,경기도 오산시 오산동,중상사고,0,2,0,0,차대사람 - 횡단중,안전운전불이행,포장 - 건조,맑음,단일로 - 기타,이륜,남,17세,중상,보행자,남,45세,중상
2021112800100444,2021년 11월 28일 21시,일요일,경기도 시흥시 정왕동,경상사고,0,0,1,0,차대사람 - 길가장자리구역통행중,안전운전불이행,포장 - 건조,맑음,단일로 - 기타,화물,남,35세,상해없음,보행자,남,58세,경상
2021112800100464,2021년 11월 28일 22시,일요일,경기도 시흥시 조남동,경상사고,0,0,1,0,차대사람 - 기타,기타,포장 - 건조,맑음,단일로 - 기타,자전거,남,12세,상해없음,보행자,남,39세,경상
2021112900100034,2021년 11월 29일 06시,월요일,경기도 광주시 곤지암읍,경상사고,0,0,1,0,차대사람 - 길가장자리구역통행중,안전운전불이행,포장 - 건조,맑음,단일로 - 기타,화물,남,52세,상해없음,보행자,남,74세,경상
2021112900100037,2021년 11월 29일 06시,월요일,경기도 수원시 권선구 곡반정동,부상신고사고,0,0,0,1,차대사람 - 횡단중,안전운전불이행,포장 - 건조,맑음,단일로 - 기타,화물,남,24세,상해없음,보행자,남,84세,부상신고
2021112900100040,2021년 11월 29일 06시,월요일,경기도 용인시 수지구 신봉동,중상사고,0,1,0,0,차대사람 - 기타,안전운전불이행,포장 - 건조,맑음,단일로 - 기타,승합,남,70세,상해없음,보행자,남,63세,중상
2021112900100057,2021년 11월 29일 06시,월요일,경기도 구리시 인창동,중상사고,0,1,0,0,차대사람 - 기타,보행자보호의무위반,포장 - 건조,맑음,단일로 - 기타,승용,남,64세,상해없음,보행자,여,65세,중상
2021112900100066,2021년 11월 29일 07시,월요일,경기도 양평군 양평읍,경상사고,0,0,1,0,차대사람 - 기타,안전운전불이행,포장 - 건조,맑음,단일로 - 기타,승용,여,44세,상해없음,보행자,남,45세,경상
2021112900100103,2021년 11월 29일 08시,월요일,경기도 광주시 태전동,경상사고,0,0,1,0,차대사람 - 기타,안전운전불이행,포장 - 건조,맑음,교차로 - 교차로안,승용,남,21세,상해없음,보행자,남,13세,경상
2021112900100168,2021년 11월 29일 09시,월요일,경기도 포천시 일동면,경상사고,0,0,1,0,차대사람 - 기타,안전운전불이행,포장 - 건조,맑음,교차로 - 교차로부근,화물,남,49세,상해없음,보행자,남,59세,경상
2021112900100179,2021년 11월 29일 10시,월요일,경기도 오산시 오산동,경상사고,0,0,1,0,차대사람 - 길가장자리구역통행중,안전운전불이행,포장 - 건조,맑음,기타 - 기타,승용,여,47세,상해없음,보행자,여,51세,경상
2021112900100205,2021년 11월 29일 11시,월요일,경기도 성남시 분당구 야탑동,경상사고,0,0,1,0,차대사람 - 기타,안전운전불이행,포장 - 건조,맑음,단일로 - 기타,승용,남,21세,상해없음,보행자,남,87세,경상
2021112900100228,2021년 11월 29일 11시,월요일,경기도 동두천시 동두천동,경상사고,0,0,1,0,차대사람 - 기타,기타,포장 - 건조,맑음,단일로 - 기타,승합,남,68세,기타불명,보행자,여,93세,경상
2021112900100257,2021년 11월 29일 12시,월요일,경기도 파주시 파주읍,경상사고,0,0,1,0,차대사람 - 기타,안전운전불이행,포장 - 건조,맑음,단일로 - 기타,승용,남,66세,상해없음,보행자,여,62세,경상
2021112900100269,2021년 11월 29일 13시,월요일,경기도 시흥시 신천동,중상사고,0,1,0,0,차대사람 - 보도통행중,신호위반,포장 - 건조,맑음,단일로 - 기타,이륜,남,17세,기타불명,보행자,남,73세,중상
2021112900100303,2021년 11월 29일 14시,월요일,경기도 광주시 곤지암읍,부상신고사고,0,0,0,1,차대사람 - 기타,안전운전불이행,포장 - 건조,흐림,단일로 - 기타,기타불명,기타불명,미분류,기타불명,보행자,남,15세,부상신고
2021112900100337,2021년 11월 29일 14시,월요일,경기도 파주시 문산읍,경상사고,0,0,1,0,차대사람 - 차도통행중,안전운전불이행,포장 - 건조,맑음,교차로 - 교차로안,화물,남,48세,상해없음,보행자,남,59세,경상
2021112900100352,2021년 11월 29일 15시,월요일,경기도 이천시 장호원읍,부상신고사고,0,0,0,1,차대사람 - 기타,안전운전불이행,포장 - 건조,맑음,기타 - 기타,승용,여,69세,상해없음,보행자,여,33세,부상신고
2021112900100383,2021년 11월 29일 15시,월요일,경기도 고양시 일산서구 일산동,경상사고,0,0,1,0,차대사람 - 차도통행중,안전운전불이행,포장 - 건조,맑음,단일로 - 기타,승용,남,58세,상해없음,보행자,여,75세,경상
2021112900100392,2021년 11월 29일 16시,월요일,경기도 수원시 장안구 정자동,경상사고,0,0,1,0,차대사람 - 보도통행중,보행자보호의무위반,포장 - 건조,맑음,단일로 - 기타,이륜,남,20세,상해없음,보행자,여,8세,경상