사고번호,사고일시,요일,시군구,사고내용,사망자수,중상자수,경상자수,부상신고자수,사고유형,법규위반,노면상태,기상상태,도로형태,가해운전자 차종,가해운전자 성별,가해운전자 연령,가해운전자 상해정도,피해운전자 차종,피해운전자 성별,피해운전자 연령,피해운전자 상해정도
2021120800100106,2021년 12월 8일 08시,수요일,경기도 의왕시 삼동,경상사고,0,0,1,0,차대사람 - 기타,안전운전불이행,포장 - 건조,맑음,단일로 - 기타,승용,여,42세,기타불명,보행자,여,16세,경상
2021120800100161,2021년 12월 8일 10시,수요일,경기도 오산시 금암동,경상사고,0,0,1,0,차대사람 - 횡단중,보행자보호의무위반,포장 - 건조,맑음,교차로 - 교차로안,승용,여,50세,상해없음,보행자,여,44세,경상
2021120800100183,2021년 12월 8일 10시,수요일,경기도 고양시 일산동구 백석동,경상사고,0,0,1,0,차대사람 - 횡단중,안전운전불이행,포장 - 건조,맑음,교차로 - 교차로안,승용,남,57세,상해없음,보행자,여,68세,경상
2021120800100193,2021년 12월 8일 11시,수요일,경기도 김포시 풍무동,경상사고,0,0,1,0,차대사람 - 기타,안전운전불이행,포장 - 건조,맑음,단일로 - 기타,승합,기타불명,미분류,기타불명,보행자,여,64세,경상
2021120800100219,2021년 12월 8일 12시,수요일,경기도 성남시 분당구 금곡동,경상사고,0,0,1,0,차대사람 - 횡단중,안전운전불이행,포장 - 건조,맑음,단일로 - 기타,승용,남,53세,상해없음,보행자,남,76세,경상
2021120800100258,2021년 12월 8일 13시,수요일,경기도 광주시 역동,중상사고,0,1,0,0,차대사람 - 횡단중,보행자보호의무위반,포장 - 건조,맑음,교차로 - 교차로횡단보도내,승용,여,55세,상해없음,보행자,여,78세,중상
2021120800100298,2021년 12월 8일 14시,수요일,경기도 부천시 원종동,경상사고,0,0,1,0,차대사람 - 기타,안전운전불이행,포장 - 건조,맑음,단일로 - 기타,승용,여,31세,상해없음,보행자,여,55세,경상
2021120800100318,2021년 12월 8일 14시,수요일,경기도 양주시 광사동,중상사고,0,1,0,0,차대사람 - 횡단중,보행자보호의무위반,포장 - 건조,맑음,교차로 - 교차로안,승용,여,47세,상해없음,보행자,남,58세,중상
2021120800100328,2021년 12월 8일 15시,수요일,경기도 김포시 월곶면,경상사고,0,0,1,0,차대사람 - 횡단중,보행자보호의무위반,포장 - 건조,맑음,단일로 - 기타,승합,남,25세,상해없음,보행자,여,25세,경상
2021120800100331,2021년 12월 8일 15시,수요일,경기도 안산시 상록구 본오동,경상사고,0,0,2,0,차대사람 - 횡단중,보행자보호의무위반,포장 - 건조,맑음,교차로 - 교차로횡단보도내,이륜,남,23세,상해없음,보행자,남,9세,경상
2021120800100368,2021년 12월 8일 16시,수요일,경기도 안산시 단원구 고잔동,부상신고사고,0,0,0,1,차대사람 - 기타,안전운전불이행,포장 - 건조,맑음,기타 - 기타,승용,남,57세,상해없음,보행자,남,83세,부상신고
2021120800100395,2021년 12월 8일 16시,수요일,경기도 의정부시 민락동,경상사고,0,0,1,0,차대사람 - 기타,기타,포장 - 건조,맑음,단일로 - 기타,승합,남,43세,상해없음,보행자,여,82세,경상
2021120800100460,2021년 12월 8일 18시,수요일,경기도 수원시 장안구 송죽동,경상사고,0,0,1,0,차대사람 - 기타,안전운전불이행,포장 - 건조,맑음,교차로 - 교차로안,승합,남,58세,상해없음,보행자,남,47세,경상
2021120800100462,2021년 12월 8일 18시,수요일,경기도 광주시 오포읍,사망사고,1,0,0,0,차대사람 - 차도통행중,안전운전불이행,포장 - 건조,맑음,기타 - 기타,승용,남,55세,상해없음,보행자,남,88세,사망
2021120800100464,2021년 12월 8일 18시,수요일,경기도 수원시 영통구 매탄동,경상사고,0,0,1,0,차대사람 - 보도통행중,기타,포장 - 건조,맑음,기타 - 기타,이륜,남,58세,상해없음,보행자,여,5세,경상
2021120800100517,2021년 12월 8일 19시,수요일,경기도 부천시 괴안동,경상사고,0,0,1,0,차대사람 - 횡단중,보행자보호의무위반,포장 - 건조,맑음,단일로 - 기타,승용,남,53세,상해없음,보행자,남,22세,경상
2021120800100550,2021년 12월 8일 20시,수요일,경기도 평택시 진위면,경상사고,0,0,1,0,차대사람 - 기타,안전운전불이행,포장 - 건조,맑음,교차로 - 교차로부근,승용,여,50세,상해없음,보행자,남,59세,경상
2021120800100572,2021년 12월 8일 21시,수요일,경기도 광명시 소하동,중상사고,0,1,1,0,차대사람 - 횡단중,신호위반,포장 - 건조,맑음,교차로 - 교차로횡단보도내,원동기,남,21세,상해없음,보행자,여,52세,경상
2021120900100039,2021년 12월 9일 06시,목요일,경기도 평택시 비전동,중상사고,0,1,0,0,차대사람 - 기타,안전운전불이행,포장 - 건조,맑음,단일로 - 기타,승용,남,51세,기타불명,보행자,남,28세,중상
2021120900100040,2021년 12월 9일 06시,목요일,경기도 광주시 오포읍,경상사고,0,0,1,0,차대사람 - 차도통행중,안전운전불이행,포장 - 건조,맑음,교차로 - 교차로부근,화물,남,60세,상해없음,보행자,남,50세,경상
2021120900100081,2021년 12월 9일 08시,목요일,경기도 평택시 신장동,경상사고,0,0,1,0,차대사람 - 기타,안전운전불이행,포장 - 건조,맑음,주차장 - 주차장,승용,남,29세,상해없음,보행자,남,75세,경상
2021120900100084,2021년 12월 9일 08시,목요일,경기도 광주시 오포읍,경상사고,0,0,1,0,차대사람 - 기타,안전운전불이행,포장 - 건조,맑음,기타 - 기타,승용,여,26세,상해없음,보행자,남,34세,경상
2021120900100085,2021년 12월 9일 08시,목요일,경기도 김포시 걸포동,중상사고,0,1,0,0,차대사람 - 횡단중,보행자보호의무위반,포장 - 건조,맑음,교차로 - 교차로안,승합,남,25세,상해없음,보행자,남,75세,중상
2021120900100089,2021년 12월 9일 08시,목요일,경기도 용인시 수지구 풍덕천동,중상사고,0,1,0,0,차대사람 - 보도통행중,기타,포장 - 건조,맑음,교차로 - 교차로부근,승용,여,43세,상해없음,보행자,남,54세,중상
2021120900100145,2021년 12월 9일 10시,목요일,경기도 안양시 동안구 호계동,경상사고,0,0,1,0,차대사람 - 차도통행중,안전운전불이행,포장 - 건조,맑음,단일로 - 기타,승용,여,59세,상해없음,보행자,남,52세,경상
2021120900100161,2021년 12월 9일 11시,목요일,경기도 성남시 수정구 복정동,중상사고,0,1,0,0,차대사람 - 기타,안전운전불이행,포장 - 건조,맑음,교차로 - 교차로안,승용,여,31세,상해없음,보행자,남,63세,중상
2021120900100199,2021년 12월 9일 12시,목요일,경기도 남양주시 다산동,경상사고,0,0,1,0,차대사람 - 기타,안전운전불이행,포장 - 건조,맑음,교차로 - 교차로부근,승용,남,77세,상해없음,보행자,남,60세,경상
2021120900100237,2021년 12월 9일 14시,목요일,경기도 안산시 단원구 초지동,중상사고,0,1,0,0,차대사람 - 횡단중,보행자보호의무위반,포장 - 기타,기타,교차로 - 교차로횡단보도내,화물,남,52세,상해없음,보행자,남,63세,중상
2021120900100253,2021년 12월 9일 14시,목요일,경기도 구리시 수택동,경상사고,0,0,1,0,차대사람 - 기타,안전운전불이행,포장 - 건조,맑음,교차로 - 교차로부근,이륜,남,30세,경상,보행자,남,11세,상해없음
2021120900100260,2021년 12월 9일 15시,목요일,경기도 이천시 대월면,중상사고,0,1,0,0,차대사람 - 길가장자리구역통행중,안전운전불이행,포장 - 건조,맑음,단일로 - 기타,건설기계,남,45세,상해없음,보행자,여,47세,중상
2021120900100261,2021년 12월 9일 15시,목요일,경기도 안산시 상록구 부곡동,중상사고,0,1,1,0,차대사람 - 횡단중,안전운전불이행,포장 - 건조,맑음,교차로 - 교차로안,승합,남,52세,상해없음,보행자,여,9세,중상
2021120900100287,2021년 12월 9일 16시,목요일,경기도 안성시 인지동,경상사고,0,0,1,0,차대사람 - 기타,안전운전불이행,포장 - 건조,맑음,단일로 - 기타,승용,남,70세,상해없음,보행자,남,25세,경상
2021120900100304,2021년 12월 9일 16시,목요일,경기도 남양주시 다산동,경상사고,0,0,1,0,차대사람 - 차도통행중,안전운전불이행,포장 - 건조,맑음,단일로 - 기타,승용,여,33세,상해없음,보행자,남,8세,경상
2021120900100323,2021년 12월 9일 17시,목요일,경기도 하남시 망월동,경상사고,0,0,1,0,차대사람 - 기타,안전운전불이행,포장 - 건조,맑음,기타 - 기타,승용,남,27세,상해없음,보행자,여,21세,경상
2021120900100370,2021년 12월 9일 18시,목요일,경기도 용인시 처인구 역북동,경상사고,0,0,1,0,차대사람 - 횡단중,신호위반,포장 - 건조,맑음,단일로 - 기타,이륜,남,34세,상해없음,보행자,남,12세,경상
2021120900100376,2021년 12월 9일 18시,목요일,경기도 안산시 상록구 일동,경상사고,0,0,1,0,차대사람 - 차도통행중,안전운전불이행,포장 - 건조,맑음,단일로 - 기타,이륜,남,22세,기타불명,보행자,여,73세,경상
2021120900100377,2021년 12월 9일 18시,목요일,경기도 안산시 상록구 사동,중상사고,0,1,0,0,차대사람 - 차도통행중,안전운전불이행,포장 - 건조,맑음,교차로 - 교차로안,화물,남,57세,상해없음,보행자,남,39세,중상
2021120900100419,2021년 12월 9일 18시,목요일,경기도 고양시 일산서구 대화동,부상신고사고,0,0,0,1,차대사람 - 기타,안전운전불이행,포장 - 건조,맑음,교차로 - 교차로안,승용,여,48세,상해없음,보행자,여,37세,부상신고
2021120900100426,2021년 12월 9일 19시,목요일,경기도 부천시 심곡본동,경상사고,0,0,1,0,차대사람 - 기타,안전운전불이행,포장 - 건조,맑음,단일로 - 기타,승용,남,63세,상해없음,보행자,남,62세,경상
2021120900100448,2021년 12월 9일 19시,목요일,경기도 고양시 덕양구 신원동,중상사고,0,1,0,0,차대사람 - 보도통행중,보행자보호의무위반,포장 - 건조,맑음,단일로 - 기타,승용,여,42세,상해없음,보행자,여,75세,중상
2021120900100450,2021년 12월 9일 19시,목요일,경기도 고양시 일산서구 일산동,부상신고사고,0,0,0,1,차대사람 - 기타,안전운전불이행,포장 - 건조,맑음,단일로 - 기타,이륜,남,36세,부상신고,보행자,남,48세,상해없음
2021120900100508,2021년 12월 9일 22시,목요일,경기도 광명시 철산동,경상사고,0,0,1,0,차대사람 - 기타,안전운전불이행,포장 - 건조,맑음,단일로 - 기타,승용,여,24세,상해없음,보행자,남,39세,경상
2021120900100520,2021년 12월 9일 22시,목요일,경기도 고양시 덕양구 토당동,경상사고,0,0,1,0,차대사람 - 횡단중,안전운전불이행,포장 - 건조,맑음,단일로 - 기타,개인형이동수단(PM),남,14세,상해없음,보행자,남,22세,경상
2021120900100521,2021년 12월 9일 22시,목요일,경기도 구리시 수택동,경상사고,0,0,1,0,차대사람 - 기타,안전운전불이행,포장 - 건조,맑음,교차로 - 교차로부근,승용,여,59세,상해없음,보행자,남,54세,경상
2021121000100039,2021년 12월 10일 05시,금요일,경기도 평택시 고덕면,경상사고,0,0,1,0,차대사람 - 횡단중,안전운전불이행,포장 - 건조,맑음,교차로 - 교차로횡단보도내,승용,남,53세,상해없음,보행자,남,30세,경상
2021121000100052,2021년 12월 10일 06시,금요일,경기도 안산시 단원구 성곡동,경상사고,0,0,1,0,차대사람 - 횡단중,신호위반,포장 - 건조,맑음,교차로 - 교차로횡단보도내,승용,여,58세,상해없음,보행자,여,25세,경상
2021121000100053,2021년 12월 10일 06시,금요일,경기도 시흥시 정왕동,사망사고,1,0,0,0,차대사람 - 기타,안전운전불이행,포장 - 젖음/습기,흐림,단일로 - 기타,승합,남,49세,상해없음,보행자,남,67세,사망
2021121000100054,2021년 12월 10일 06시,금요일,경기도 안산시 상록구 본오동,경상사고,0,0,1,0,차대사람 - 기타,안전운전불이행,포장 - 건조,맑음,교차로 - 교차로부근,승용,여,45세,상해없음,보행자,남,54세,경상
2021121000100069,2021년 12월 10일 06시,금요일,경기도 구리시 수택동,경상사고,0,0,1,0,차대사람 - 기타,기타,포장 - 건조,맑음,단일로 - 기타,자전거,남,61세,상해없음,보행자,여,73세,경상
2021121000100077,2021년 12월 10일 07시,금요일,경기도 김포시 사우동,경상사고,0,0,1,0,차대사람 - 횡단중,보행자보호의무위반,포장 - 건조,맑음,교차로 - 교차로횡단보도내,승용,남,63세,상해없음,보행자,여,54세,경상
2021121000100106,2021년 12월 10일 08시,금요일,경기도 수원시 장안구 조원동,경상사고,0,0,1,0,차대사람 - 횡단중,안전운전불이행,포장 - 건조,맑음,교차로 - 교차로안,승용,남,39세,상해없음,보행자,남,54세,경상
2021121000100110,2021년 12월 10일 08시,금요일,경기도 수원시 권선구 권선동,경상사고,0,0,1,0,차대사람 - 횡단중,보행자보호의무위반,포장 - 건조,맑음,단일로 - 기타,원동기,남,38세,상해없음,보행자,여,41세,경상
2021121000100111,2021년 12월 10일 08시,금요일,경기도 군포시 당동,경상사고,0,0,1,0,차대사람 - 기타,안전운전불이행,포장 - 건조,맑음,교차로 - 교차로안,승용,남,60세,상해없음,보행자,남,24세,경상
2021121000100158,2021년 12월 10일 09시,금요일,경기도 파주시 와동동,중상사고,0,1,0,0,차대사람 - 횡단중,안전운전불이행,포장 - 건조,맑음,단일로 - 기타,승용,여,26세,상해없음,보행자,남,75세,중상
2021121000100164,2021년 12월 10일 10시,금요일,경기도 평택시 비전동,경상사고,0,0,1,0,차대사람 - 횡단중,안전운전불이행,포장 - 젖음/습기,비,교차로 - 교차로안,승용,여,60세,상해없음,보행자,여,40세,경상
2021121000100248,2021년 12월 10일 12시,금요일,경기도 고양시 덕양구 화정동,중상사고,0,1,0,0,차대사람 - 보도통행중,안전운전불이행,포장 - 건조,맑음,단일로 - 기타,승용,여,74세,상해없음,보행자,여,75세,중상
2021121000100249,2021년 12월 10일 12시,금요일,경기도 고양시 일산동구 성석동,중상사고,0,1,0,0,차대사람 - 차도통행중,보행자보호의무위반,포장 - 건조,맑음,교차로 - 교차로횡단보도내,승용,여,47세,상해없음,보행자,남,71세,중상
2021121000100259,2021년 12월 10일 13시,금요일,경기도 광주시 경안동,경상사고,0,0,1,0,차대사람 - 기타,중앙선침범,포장 - 건조,맑음,교차로 - 교차로부근,승용,남,60세,상해없음,보행자,남,24세,경상
2021121000100299,2021년 12월 10일 14시,금요일,경기도 화성시 병점동,경상사고,0,0,1,0,차대사람 - 기타,보행자보호의무위반,포장 - 건조,맑음,교차로 - 교차로안,승용,남,29세,상해없음,보행자,여,39세,경상
2021121000100313,2021년 12월 10일 14시,금요일,경기도 남양주시 화도읍,경상사고,0,0,1,0,차대사람 - 길가장자리구역통행중,기타,포장 - 건조,맑음,단일로 - 기타,화물,남,58세,상해없음,보행자,여,10세,경상
2021121000100316,2021년 12월 10일 14시,금요일,경기도 동두천시 지행동,경상사고,0,0,1,0,차대사람 - 횡단중,보행자보호의무위반,포장 - 젖음/습기,비,교차로 - 교차로횡단보도내,승용,여,50세,상해없음,보행자,여,79세,경상
2021121000100361,2021년 12월 10일 16시,금요일,경기도 오산시 궐동,경상사고,0,0,1,0,차대사람 - 횡단중,교차로운행방법위반,포장 - 건조,맑음,교차로 - 교차로안,승합,남,65세,상해없음,보행자,여,84세,경상
2021121000100378,2021년 12월 10일 16시,금요일,경기도 의정부시 신곡동,경상사고,0,0,1,0,차대사람 - 기타,안전운전불이행,포장 - 건조,맑음,교차로 - 교차로안,승용,여,60세,상해없음,보행자,여,44세,경상
2021121000100396,2021년 12월 10일 17시,금요일,경기도 부천시 내동,중상사고,0,1,0,0,차대사람 - 차도통행중,보행자보호의무위반,포장 - 건조,흐림,교차로 - 교차로안,화물,남,38세,상해없음,보행자,남,5세,중상
2021121000100449,2021년 12월 10일 18시,금요일,경기도 광명시 철산동,중상사고,0,1,0,0,차대사람 - 기타,기타,포장 - 건조,맑음,기타 - 기타,자전거,남,13세,상해없음,보행자,여,53세,중상
2021121000100454,2021년 12월 10일 18시,금요일,경기도 군포시 금정동,경상사고,0,0,1,0,차대사람 - 기타,안전운전불이행,포장 - 건조,맑음,교차로 - 교차로부근,승용,남,64세,기타불명,보행자,여,61세,경상
2021121000100502,2021년 12월 10일 18시,금요일,경기도 의정부시 신곡동,경상사고,0,0,1,0,차대사람 - 횡단중,보행자보호의무위반,포장 - 건조,맑음,교차로 - 교차로횡단보도내,이륜,남,25세,상해없음,보행자,여,51세,경상
2021121000100507,2021년 12월 10일 18시,금요일,경기도 남양주시 진접읍,경상사고,0,0,1,0,차대사람 - 차도통행중,안전운전불이행,포장 - 건조,맑음,기타 - 기타,기타불명,기타불명,미분류,기타불명,보행자,남,22세,경상
2021121000100523,2021년 12월 10일 19시,금요일,경기도 김포시 대곶면,중상사고,0,1,0,0,차대사람 - 기타,중앙선침범,포장 - 건조,맑음,단일로 - 기타,승용,여,59세,상해없음,보행자,남,57세,중상
2021121000100524,2021년 12월 10일 19시,금요일,경기도 안산시 단원구 선부동,경상사고,0,0,1,0,차대사람 - 기타,안전운전불이행,포장 - 건조,맑음,단일로 - 기타,이륜,남,49세,상해없음,보행자,남,64세,경상
2021121000100569,2021년 12월 10일 20시,금요일,경기도 광명시 하안동,중상사고,0,1,0,0,차대사람 - 기타,안전운전불이행,포장 - 젖음/습기,흐림,교차로 - 교차로안,승용,남,46세,상해없음,보행자,여,44세,중상
2021121000100573,2021년 12월 10일 20시,금요일,경기도 부천시 원종동,경상사고,0,0,1,0,차대사람 - 기타,안전운전불이행,포장 - 건조,맑음,단일로 - 기타,승용,남,39세,상해없음,보행자,남,10세,경상
2021121000100587,2021년 12월 10일 20시,금요일,경기도 양주시 옥정동,경상사고,0,0,1,0,차대사람 - 횡단중,안전운전불이행,포장 - 기타,안개,교차로 - 교차로안,승용,여,34세,상해없음,보행자,여,61세,경상
2021121000100588,2021년 12월 10일 20시,금요일,경기도 포천시 소흘읍,경상사고,0,0,1,0,차대사람 - 횡단중,안전운전불이행,포장 - 건조,맑음,교차로 - 교차로횡단보도내,승합,남,49세,상해없음,보행자,여,63세,경상
2021121000100608,2021년 12월 10일 21시,금요일,경기도 의정부시 의정부동,경상사고,0,0,1,0,차대사람 - 기타,안전운전불이행,포장 - 건조,맑음,교차로 - 교차로안,승용,남,20세,상해없음,보행자,남,24세,경상
2021121000100642,2021년 12월 10일 23시,금요일,경기도 용인시 수지구 죽전동,경상사고,0,0,1,0,차대사람 - 기타,안전운전불이행,포장 - 건조,기타,단일로 - 기타,승용,남,28세,상해없음,보행자,남,36세,경상
2021121100100013,2021년 12월 11일 00시,토요일,경기도 김포시 풍무동,중상사고,0,1,0,0,차대사람 - 횡단중,안전운전불이행,포장 - 건조,맑음,교차로 - 교차로안,승용,남,37세,상해없음,보행자,남,46세,중상
2021121100100051,2021년 12월 11일 04시,토요일,경기도 평택시 신장동,경상사고,0,0,1,0,차대사람 - 기타,안전운전불이행,포장 - 건조,맑음,단일로 - 기타,승용,여,51세,상해없음,보행자,남,28세,경상
2021121100100068,2021년 12월 11일 06시,토요일,경기도 수원시 팔달구 우만동,중상사고,0,1,0,0,차대사람 - 횡단중,보행자보호의무위반,포장 - 건조,맑음,교차로 - 교차로횡단보도내,승용,남,36세,상해없음,보행자,여,51세,중상
2021121100100126,2021년 12월 11일 10시,토요일,경기도 성남시 수정구 수진동,부상신고사고,0,0,0,1,차대사람 - 기타,안전운전불이행,포장 - 건조,맑음,단일로 - 기타,기타불명,기타불명,미분류,기타불명,보행자,여,65세,부상신고
2021121100100157,2021년 12월 11일 11시,토요일,경기도 수원시 장안구 영화동,중상사고,0,1,0,0,차대사람 - 횡단중,보행자보호의무위반,포장 - 건조,맑음,교차로 - 교차로횡단보도내,이륜,남,44세,상해없음,보행자,여,60세,중상
2021121100100178,2021년 12월 11일 11시,토요일,경기도 고양시 일산서구 일산동,중상사고,0,1,0,0,차대사람 - 횡단중,신호위반,포장 - 건조,맑음,교차로 - 교차로횡단보도내,이륜,남,41세,상해없음,보행자,여,73세,중상
2021121100100185,2021년 12월 11일 12시,토요일,경기도 수원시 장안구 연무동,경상사고,0,0,1,0,차대사람 - 기타,안전운전불이행,포장 - 건조,맑음,교차로 - 교차로안,승용,남,45세,상해없음,보행자,여,79세,경상
2021121100100187,2021년 12월 11일 12시,토요일,경기도 평택시 안중읍,경상사고,0,0,1,0,차대사람 - 기타,안전운전불이행,포장 - 건조,맑음,단일로 - 기타,승용,여,20세,상해없음,보행자,남,39세,경상
2021121100100224,2021년 12월 11일 13시,토요일,경기도 평택시 평택동,경상사고,0,0,1,0,차대사람 - 기타,안전운전불이행,포장 - 건조,맑음,교차로 - 교차로부근,승용,여,24세,상해없음,보행자,여,13세,경상
2021121100100252,2021년 12월 11일 14시,토요일,경기도 성남시 중원구 상대원동,부상신고사고,0,0,0,1,차대사람 - 길가장자리구역통행중,안전운전불이행,포장 - 건조,맑음,교차로 - 교차로안,승용,남,50세,상해없음,보행자,남,7세,부상신고
2021121100100333,2021년 12월 11일 16시,토요일,경기도 의정부시 녹양동,중상사고,0,1,0,0,차대사람 - 차도통행중,교차로운행방법위반,포장 - 건조,맑음,교차로 - 교차로부근,승용,남,49세,상해없음,보행자,남,56세,중상
2021121100100335,2021년 12월 11일 16시,토요일,경기도 의정부시 의정부동,경상사고,0,0,1,0,차대사람 - 보도통행중,신호위반,포장 - 건조,맑음,교차로 - 교차로안,이륜,남,53세,상해없음,보행자,남,18세,경상
2021121100100347,2021년 12월 11일 17시,토요일,경기도 광주시 오포읍,경상사고,0,0,1,0,차대사람 - 횡단중,안전운전불이행,포장 - 건조,맑음,단일로 - 기타,승용,여,38세,상해없음,보행자,남,36세,경상
2021121100100351,2021년 12월 11일 17시,토요일,경기도 부천시 춘의동,중상사고,0,1,1,0,차대사람 - 횡단중,보행자보호의무위반,포장 - 건조,맑음,교차로 - 교차로안,화물,남,66세,상해없음,보행자,여,60세,중상
2021121100100400,2021년 12월 11일 18시,토요일,경기도 하남시 천현동,중상사고,0,1,0,0,차대사람 - 기타,안전운전불이행,포장 - 건조,맑음,기타 - 기타,승용,남,70세,기타불명,보행자,여,46세,중상
2021121100100401,2021년 12월 11일 18시,토요일,경기도 용인시 수지구 죽전동,경상사고,0,0,1,0,차대사람 - 횡단중,신호위반,포장 - 건조,맑음,교차로 - 교차로안,이륜,남,28세,상해없음,보행자,여,17세,경상
2021121100100446,2021년 12월 11일 19시,토요일,경기도 용인시 기흥구 청덕동,중상사고,0,1,0,0,차대사람 - 횡단중,안전운전불이행,포장 - 건조,맑음,단일로 - 기타,승용,여,53세,상해없음,보행자,여,17세,중상
2021121100100461,2021년 12월 11일 19시,토요일,경기도 남양주시 오남읍,중상사고,0,1,0,0,차대사람 - 기타,안전운전불이행,포장 - 건조,맑음,교차로 - 교차로안,승용,남,58세,상해없음,보행자,여,61세,중상
2021121100100470,2021년 12월 11일 20시,토요일,경기도 안양시 만안구 안양동,중상사고,0,1,0,0,차대사람 - 횡단중,보행자보호의무위반,포장 - 건조,맑음,단일로 - 기타,승용,남,58세,상해없음,보행자,여,45세,중상
2021121100100482,2021년 12월 11일 20시,토요일,경기도 의정부시 의정부동,사망사고,1,0,0,0,차대사람 - 기타,안전운전불이행,포장 - 건조,맑음,단일로 - 기타,승용,여,51세,상해없음,보행자,남,69세,사망
2021121100100494,2021년 12월 11일 21시,토요일,경기도 광명시 광명동,경상사고,0,0,2,0,차대사람 - 기타,안전운전불이행,포장 - 건조,맑음,단일로 - 기타,이륜,남,27세,경상,보행자,여,43세,경상
2021121100100496,2021년 12월 11일 21시,토요일,경기도 수원시 권선구 탑동,경상사고,0,0,1,0,차대사람 - 기타,안전운전불이행,포장 - 건조,맑음,단일로 - 기타,승용,여,52세,상해없음,보행자,남,29세,경상
2021121100100512,2021년 12월 11일 22시,토요일,경기도 용인시 수지구 신봉동,경상사고,0,0,1,0,차대사람 - 횡단중,안전운전불이행,포장 - 건조,맑음,단일로 - 기타,기타불명,기타불명,미분류,기타불명,보행자,남,17세,경상
2021121100100524,2021년 12월 11일 23시,토요일,경기도 시흥시 정왕동,경상사고,0,0,1,0,차대사람 - 횡단중,보행자보호의무위반,포장 - 건조,맑음,교차로 - 교차로횡단보도내,승용,남,23세,상해없음,보행자,남,35세,경상
2021121200100008,2021년 12월 12일 00시,일요일,경기도 수원시 권선구 세류동,경상사고,0,0,1,0,차대사람 - 보도통행중,안전운전불이행,포장 - 건조,맑음,단일로 - 기타,승용,남,60세,상해없음,보행자,여,27세,경상
2021121200100075,2021년 12월 12일 09시,일요일,경기도 군포시 당정동,경상사고,0,0,3,0,차대사람 - 보도통행중,기타,포장 - 건조,맑음,단일로 - 기타,승용,여,49세,상해없음,보행자,여,57세,경상
2021121200100107,2021년 12월 12일 11시,일요일,경기도 안산시 상록구 일동,부상신고사고,0,0,0,1,차대사람 - 횡단중,안전운전불이행,포장 - 건조,맑음,교차로 - 교차로부근,승용,남,44세,기타불명,보행자,남,20세,부상신고
2021121200100177,2021년 12월 12일 14시,일요일,경기도 안산시 단원구 선부동,중상사고,0,1,0,0,차대사람 - 횡단중,보행자보호의무위반,포장 - 건조,맑음,교차로 - 교차로횡단보도내,승용,여,63세,상해없음,보행자,여,21세,중상
2021121200100205,2021년 12월 12일 15시,일요일,경기도 용인시 기흥구 보라동,경상사고,0,0,1,0,차대사람 - 횡단중,안전운전불이행,포장 - 건조,맑음,단일로 - 기타,기타불명,기타불명,미분류,기타불명,보행자,남,26세,경상
2021121200100206,2021년 12월 12일 15시,일요일,경기도 부천시 상동,경상사고,0,0,1,0,차대사람 - 기타,안전운전불이행,포장 - 건조,맑음,단일로 - 기타,승용,남,67세,상해없음,보행자,남,29세,경상
2021121200100229,2021년 12월 12일 15시,일요일,경기도 남양주시 화도읍,경상사고,0,0,1,0,차대사람 - 횡단중,신호위반,포장 - 건조,맑음,교차로 - 교차로안,이륜,남,25세,상해없음,보행자,여,15세,경상
2021121200100292,2021년 12월 12일 18시,일요일,경기도 광주시 퇴촌면,경상사고,0,0,1,0,차대사람 - 길가장자리구역통행중,안전운전불이행,포장 - 건조,맑음,단일로 - 기타,승용,남,67세,상해없음,보행자,남,46세,경상
2021121200100296,2021년 12월 12일 18시,일요일,경기도 안산시 상록구 이동,경상사고,0,0,1,0,차대사람 - 횡단중,기타,포장 - 건조,맑음,교차로 - 교차로부근,이륜,남,25세,기타불명,보행자,여,28세,경상
2021121200100324,2021년 12월 12일 19시,일요일,경기도 성남시 수정구 태평동,경상사고,0,0,1,0,차대사람 - 횡단중,안전운전불이행,포장 - 건조,맑음,교차로 - 교차로부근,기타불명,기타불명,미분류,기타불명,보행자,남,67세,경상
2021121200100325,2021년 12월 12일 19시,일요일,경기도 안성시 공도읍,중상사고,0,1,0,0,차대사람 - 기타,안전운전불이행,포장 - 건조,맑음,단일로 - 기타,승용,남,62세,상해없음,보행자,남,62세,중상
2021121200100345,2021년 12월 12일 19시,일요일,경기도 고양시 일산서구 일산동,경상사고,0,0,1,0,차대사람 - 기타,기타,포장 - 건조,맑음,단일로 - 기타,승합,남,26세,상해없음,보행자,여,73세,경상
2021121200100389,2021년 12월 12일 22시,일요일,경기도 안양시 동안구 호계동,중상사고,0,1,0,0,차대사람 - 횡단중,안전운전불이행,포장 - 건조,맑음,교차로 - 교차로횡단보도내,승용,여,50세,상해없음,보행자,남,23세,중상
2021121300100022,2021년 12월 13일 04시,월요일,경기도 안산시 상록구 부곡동,사망사고,1,0,0,0,차대사람 - 기타,과속,포장 - 건조,맑음,단일로 - 기타,승용,남,58세,기타불명,보행자,남,24세,사망
2021121300100030,2021년 12월 13일 05시,월요일,경기도 성남시 중원구 금광동,중상사고,0,1,0,0,차대사람 - 횡단중,보행자보호의무위반,포장 - 젖음/습기,맑음,단일로 - 기타,승합,남,45세,상해없음,보행자,남,69세,중상