사고번호,사고일시,요일,시군구,사고내용,사망자수,중상자수,경상자수,부상신고자수,사고유형,법규위반,노면상태,기상상태,도로형태,가해운전자 차종,가해운전자 성별,가해운전자 연령,가해운전자 상해정도,피해운전자 차종,피해운전자 성별,피해운전자 연령,피해운전자 상해정도
2021121300100097,2021년 12월 13일 08시,월요일,경기도 부천시 소사본동,중상사고,0,1,0,0,차대사람 - 기타,안전운전불이행,포장 - 건조,맑음,교차로 - 교차로안,화물,남,55세,상해없음,보행자,여,4세,중상
2021121300100101,2021년 12월 13일 08시,월요일,경기도 안산시 상록구 본오동,경상사고,0,0,1,0,차대사람 - 횡단중,보행자보호의무위반,포장 - 건조,맑음,교차로 - 교차로안,승용,남,34세,상해없음,보행자,여,26세,경상
2021121300100170,2021년 12월 13일 09시,월요일,경기도 파주시 문산읍,경상사고,0,0,1,0,차대사람 - 길가장자리구역통행중,안전운전불이행,포장 - 건조,맑음,단일로 - 지하차도(도로)내,기타불명,기타불명,미분류,기타불명,보행자,남,66세,경상
2021121300100171,2021년 12월 13일 09시,월요일,경기도 포천시 가산면,경상사고,0,0,1,0,차대사람 - 기타,안전운전불이행,포장 - 건조,맑음,단일로 - 기타,승용,남,46세,상해없음,보행자,여,86세,경상
2021121300100181,2021년 12월 13일 10시,월요일,경기도 부천시 소사본동,경상사고,0,0,1,0,차대사람 - 기타,보행자보호의무위반,포장 - 기타,맑음,교차로 - 교차로부근,승용,여,33세,상해없음,보행자,남,83세,경상
2021121300100182,2021년 12월 13일 10시,월요일,경기도 시흥시 신천동,중상사고,0,1,0,0,차대사람 - 횡단중,보행자보호의무위반,포장 - 건조,맑음,단일로 - 기타,이륜,남,27세,상해없음,보행자,여,57세,중상
2021121300100208,2021년 12월 13일 10시,월요일,경기도 고양시 덕양구 선유동,경상사고,0,0,1,0,차대사람 - 기타,안전운전불이행,포장 - 건조,맑음,기타 - 기타,건설기계,남,30세,상해없음,보행자,남,25세,경상
2021121300100228,2021년 12월 13일 11시,월요일,경기도 시흥시 정왕동,경상사고,0,0,1,0,차대사람 - 차도통행중,안전운전불이행,포장 - 건조,맑음,교차로 - 교차로안,승용,여,27세,상해없음,보행자,남,41세,경상
2021121300100277,2021년 12월 13일 12시,월요일,경기도 남양주시 별내동,중상사고,0,1,1,0,차대사람 - 횡단중,신호위반,포장 - 건조,맑음,기타 - 기타,화물,남,46세,상해없음,보행자,남,48세,경상
2021121300100307,2021년 12월 13일 13시,월요일,경기도 고양시 일산서구 덕이동,경상사고,0,0,1,0,차대사람 - 횡단중,보행자보호의무위반,포장 - 건조,맑음,교차로 - 교차로횡단보도내,승용,남,41세,상해없음,보행자,여,81세,경상
2021121300100318,2021년 12월 13일 14시,월요일,경기도 수원시 장안구 영화동,경상사고,0,0,1,0,차대사람 - 기타,안전운전불이행,포장 - 건조,맑음,단일로 - 기타,승용,남,63세,상해없음,보행자,남,10세,경상
2021121300100380,2021년 12월 13일 16시,월요일,경기도 부천시 소사본동,경상사고,0,0,1,0,차대사람 - 기타,안전운전불이행,포장 - 건조,맑음,교차로 - 교차로안,승용,남,35세,상해없음,보행자,여,77세,경상
2021121300100385,2021년 12월 13일 16시,월요일,경기도 용인시 기흥구 마북동,경상사고,0,0,1,0,차대사람 - 기타,안전운전불이행,포장 - 건조,맑음,교차로 - 교차로부근,승용,여,64세,상해없음,보행자,여,23세,경상
2021121300100403,2021년 12월 13일 16시,월요일,경기도 남양주시 화도읍,경상사고,0,0,3,0,차대사람 - 기타,안전운전불이행,포장 - 건조,맑음,단일로 - 기타,화물,남,50세,상해없음,보행자,남,63세,경상
2021121300100414,2021년 12월 13일 17시,월요일,경기도 평택시 비전동,경상사고,0,0,1,0,차대사람 - 횡단중,안전운전불이행,포장 - 건조,맑음,단일로 - 기타,개인형이동수단(PM),남,21세,상해없음,보행자,여,71세,경상
2021121300100446,2021년 12월 13일 18시,월요일,경기도 용인시 기흥구 구갈동,경상사고,0,0,2,0,차대사람 - 횡단중,안전운전불이행,포장 - 건조,맑음,단일로 - 기타,이륜,남,41세,경상,보행자,남,69세,경상
2021121300100488,2021년 12월 13일 18시,월요일,경기도 가평군 조종면,경상사고,0,0,1,0,차대사람 - 기타,안전운전불이행,포장 - 건조,맑음,교차로 - 교차로안,승용,여,42세,상해없음,보행자,여,67세,경상
2021121300100508,2021년 12월 13일 19시,월요일,경기도 군포시 산본동,경상사고,0,0,2,0,차대사람 - 횡단중,보행자보호의무위반,포장 - 건조,맑음,교차로 - 교차로안,승용,남,72세,상해없음,보행자,여,71세,경상
2021121300100509,2021년 12월 13일 19시,월요일,경기도 성남시 중원구 성남동,경상사고,0,0,1,0,차대사람 - 기타,안전운전불이행,포장 - 건조,맑음,교차로 - 교차로부근,승용,여,50세,상해없음,보행자,여,42세,경상
2021121300100560,2021년 12월 13일 21시,월요일,경기도 부천시 소사동,경상사고,0,0,1,0,차대사람 - 기타,안전운전불이행,포장 - 건조,맑음,단일로 - 기타,승용,여,47세,상해없음,보행자,남,52세,경상
2021121300100575,2021년 12월 13일 22시,월요일,경기도 성남시 중원구 상대원동,경상사고,0,0,1,0,차대사람 - 기타,안전운전불이행,포장 - 건조,흐림,기타 - 기타,승용,남,62세,상해없음,보행자,남,46세,경상
2021121400100013,2021년 12월 14일 01시,화요일,경기도 수원시 팔달구 인계동,중상사고,0,1,0,0,차대사람 - 기타,안전운전불이행,포장 - 건조,맑음,교차로 - 교차로안,이륜,남,24세,상해없음,보행자,남,45세,중상
2021121400100026,2021년 12월 14일 05시,화요일,경기도 용인시 기흥구 동백동,중상사고,0,1,0,0,차대사람 - 횡단중,안전운전불이행,포장 - 건조,맑음,단일로 - 기타,승합,남,59세,상해없음,보행자,남,43세,중상
2021121400100058,2021년 12월 14일 07시,화요일,경기도 군포시 당동,경상사고,0,0,1,0,차대사람 - 횡단중,신호위반,포장 - 건조,맑음,교차로 - 교차로횡단보도내,승용,남,44세,상해없음,보행자,여,17세,경상
2021121400100087,2021년 12월 14일 08시,화요일,경기도 군포시 금정동,경상사고,0,0,1,0,차대사람 - 기타,안전운전불이행,포장 - 건조,맑음,단일로 - 기타,승용,남,37세,상해없음,보행자,남,51세,경상
2021121400100114,2021년 12월 14일 09시,화요일,경기도 화성시 반월동,경상사고,0,0,1,0,차대사람 - 기타,안전운전불이행,포장 - 건조,맑음,단일로 - 기타,승용,여,45세,상해없음,보행자,여,35세,경상
2021121400100129,2021년 12월 14일 09시,화요일,경기도 고양시 일산서구 주엽동,경상사고,0,0,1,0,차대사람 - 기타,안전운전불이행,포장 - 건조,맑음,단일로 - 기타,승용,여,32세,상해없음,보행자,여,54세,경상
2021121400100157,2021년 12월 14일 11시,화요일,경기도 수원시 팔달구 인계동,경상사고,0,0,1,0,차대사람 - 기타,보행자보호의무위반,포장 - 건조,맑음,교차로 - 교차로횡단보도내,승합,남,37세,상해없음,보행자,남,50세,경상
2021121400100158,2021년 12월 14일 11시,화요일,경기도 성남시 분당구 서현동,중상사고,0,1,0,0,차대사람 - 횡단중,신호위반,포장 - 기타,맑음,교차로 - 교차로안,승용,여,67세,상해없음,보행자,남,84세,중상
2021121400100208,2021년 12월 14일 13시,화요일,경기도 평택시 이충동,경상사고,0,0,1,0,차대사람 - 기타,안전운전불이행,포장 - 건조,맑음,교차로 - 교차로횡단보도내,기타불명,기타불명,미분류,기타불명,보행자,여,53세,경상
2021121400100210,2021년 12월 14일 13시,화요일,경기도 부천시 상동,경상사고,0,0,1,0,차대사람 - 차도통행중,안전운전불이행,포장 - 건조,맑음,단일로 - 기타,승용,남,69세,상해없음,보행자,남,40세,경상
2021121400100229,2021년 12월 14일 14시,화요일,경기도 성남시 중원구 여수동,중상사고,0,1,0,0,차대사람 - 횡단중,보행자보호의무위반,포장 - 건조,맑음,단일로 - 기타,승용,여,33세,상해없음,보행자,여,65세,중상
2021121400100243,2021년 12월 14일 14시,화요일,경기도 고양시 일산서구 대화동,경상사고,0,0,1,0,차대사람 - 횡단중,보행자보호의무위반,포장 - 건조,맑음,교차로 - 교차로횡단보도내,화물,남,46세,상해없음,보행자,남,34세,경상
2021121400100254,2021년 12월 14일 15시,화요일,경기도 광주시 중대동,경상사고,0,0,1,0,차대사람 - 기타,안전운전불이행,포장 - 건조,맑음,기타 - 기타,승용,남,57세,상해없음,보행자,남,54세,경상
2021121400100288,2021년 12월 14일 16시,화요일,경기도 광주시 경안동,중상사고,0,2,0,0,차대사람 - 횡단중,보행자보호의무위반,포장 - 건조,맑음,교차로 - 교차로안,이륜,남,21세,상해없음,보행자,여,14세,중상
2021121400100292,2021년 12월 14일 16시,화요일,경기도 화성시 송산면,경상사고,0,0,1,0,차대사람 - 횡단중,안전운전불이행,포장 - 젖음/습기,비,단일로 - 기타,승용,남,54세,상해없음,보행자,남,10세,경상
2021121400100329,2021년 12월 14일 17시,화요일,경기도 평택시 세교동,경상사고,0,0,1,0,차대사람 - 횡단중,보행자보호의무위반,포장 - 젖음/습기,흐림,교차로 - 교차로안,승용,남,34세,상해없음,보행자,여,70세,경상
2021121400100334,2021년 12월 14일 17시,화요일,경기도 이천시 마장면,경상사고,0,0,1,0,차대사람 - 횡단중,보행자보호의무위반,포장 - 젖음/습기,비,교차로 - 교차로안,승용,남,43세,상해없음,보행자,여,15세,경상
2021121400100337,2021년 12월 14일 17시,화요일,경기도 용인시 기흥구 구갈동,부상신고사고,0,0,0,1,차대사람 - 기타,안전운전불이행,포장 - 건조,맑음,단일로 - 기타,이륜,남,25세,상해없음,보행자,남,78세,부상신고
2021121400100341,2021년 12월 14일 17시,화요일,경기도 용인시 기흥구 보정동,중상사고,0,1,0,0,차대사람 - 횡단중,신호위반,포장 - 젖음/습기,비,교차로 - 교차로횡단보도내,승용,여,41세,상해없음,보행자,여,65세,중상
2021121400100369,2021년 12월 14일 17시,화요일,경기도 고양시 덕양구 오금동,중상사고,0,1,0,0,차대사람 - 기타,안전운전불이행,포장 - 젖음/습기,비,단일로 - 기타,승용,남,53세,상해없음,보행자,남,79세,중상
2021121400100389,2021년 12월 14일 18시,화요일,경기도 성남시 수정구 수진동,중상사고,0,1,0,0,차대사람 - 횡단중,안전운전불이행,포장 - 젖음/습기,비,단일로 - 기타,화물,남,53세,상해없음,보행자,여,58세,중상
2021121400100390,2021년 12월 14일 18시,화요일,경기도 평택시 지산동,경상사고,0,0,1,0,차대사람 - 기타,안전운전불이행,포장 - 젖음/습기,비,기타 - 기타,승용,여,35세,상해없음,보행자,남,66세,경상
2021121400100396,2021년 12월 14일 18시,화요일,경기도 용인시 처인구 포곡읍,부상신고사고,0,0,0,1,차대사람 - 차도통행중,안전운전불이행,포장 - 건조,흐림,단일로 - 교량,기타불명,기타불명,미분류,기타불명,보행자,여,20세,부상신고
2021121400100397,2021년 12월 14일 18시,화요일,경기도 부천시 괴안동,경상사고,0,0,1,0,차대사람 - 기타,안전운전불이행,포장 - 건조,맑음,단일로 - 기타,승합,남,67세,상해없음,보행자,남,23세,경상
2021121400100403,2021년 12월 14일 18시,화요일,경기도 성남시 분당구 야탑동,중상사고,0,1,0,0,차대사람 - 횡단중,신호위반,포장 - 건조,맑음,교차로 - 교차로횡단보도내,이륜,남,25세,상해없음,보행자,남,98세 이상,중상
2021121400100406,2021년 12월 14일 18시,화요일,경기도 수원시 권선구 오목천동,중상사고,0,1,0,0,차대사람 - 기타,중앙선침범,포장 - 젖음/습기,비,교차로 - 교차로안,승용,여,63세,상해없음,보행자,여,62세,중상
2021121400100448,2021년 12월 14일 19시,화요일,경기도 김포시 통진읍,부상신고사고,0,0,0,1,차대사람 - 차도통행중,안전운전불이행,포장 - 젖음/습기,비,교차로 - 교차로안,승용,여,38세,상해없음,보행자,여,49세,부상신고
2021121400100453,2021년 12월 14일 19시,화요일,경기도 수원시 영통구 매탄동,중상사고,0,1,0,0,차대사람 - 횡단중,보행자보호의무위반,포장 - 젖음/습기,비,교차로 - 교차로안,승용,남,32세,상해없음,보행자,남,66세,중상
2021121400100459,2021년 12월 14일 19시,화요일,경기도 용인시 수지구 죽전동,경상사고,0,0,1,0,차대사람 - 기타,안전운전불이행,포장 - 건조,기타,기타 - 기타,승합,남,46세,상해없음,보행자,여,43세,경상
2021121400100473,2021년 12월 14일 19시,화요일,경기도 고양시 덕양구 행신동,중상사고,0,1,0,0,차대사람 - 기타,안전운전불이행,포장 - 건조,맑음,단일로 - 기타,자전거,남,58세,상해없음,보행자,여,68세,중상
2021121400100483,2021년 12월 14일 20시,화요일,경기도 안산시 상록구 부곡동,부상신고사고,0,0,0,1,차대사람 - 횡단중,보행자보호의무위반,포장 - 젖음/습기,흐림,교차로 - 교차로부근,승용,남,58세,상해없음,보행자,남,54세,부상신고
2021121400100485,2021년 12월 14일 20시,화요일,경기도 화성시 송산면,경상사고,0,0,1,0,차대사람 - 횡단중,안전운전불이행,포장 - 기타,비,단일로 - 기타,승용,남,37세,상해없음,보행자,여,46세,경상
2021121400100508,2021년 12월 14일 21시,화요일,경기도 광주시 오포읍,중상사고,0,1,0,0,차대사람 - 횡단중,신호위반,포장 - 젖음/습기,비,단일로 - 기타,이륜,남,18세,상해없음,보행자,남,56세,중상
2021121400100516,2021년 12월 14일 21시,화요일,경기도 안양시 만안구 석수동,경상사고,0,0,1,0,차대사람 - 기타,신호위반,포장 - 젖음/습기,비,기타 - 기타,승용,남,29세,기타불명,보행자,남,60세,경상
2021121400100533,2021년 12월 14일 22시,화요일,경기도 성남시 분당구 서현동,중상사고,0,1,0,0,차대사람 - 차도통행중,안전운전불이행,포장 - 건조,맑음,단일로 - 기타,승용,남,48세,상해없음,보행자,남,45세,중상
2021121400100549,2021년 12월 14일 23시,화요일,경기도 파주시 야동동,중상사고,0,1,0,0,차대사람 - 횡단중,신호위반,포장 - 젖음/습기,비,교차로 - 교차로횡단보도내,특수,남,35세,상해없음,보행자,여,64세,중상
2021121500100018,2021년 12월 15일 01시,수요일,경기도 화성시 진안동,중상사고,0,1,0,0,차대사람 - 기타,불법유턴,포장 - 건조,맑음,단일로 - 기타,승용,남,38세,상해없음,보행자,남,64세,중상
2021121500100052,2021년 12월 15일 05시,수요일,경기도 남양주시 다산동,경상사고,0,0,1,0,차대사람 - 횡단중,보행자보호의무위반,포장 - 건조,맑음,기타 - 기타,승용,남,38세,상해없음,보행자,남,60세,경상
2021121500100059,2021년 12월 15일 06시,수요일,경기도 용인시 처인구 모현읍,경상사고,0,0,1,0,차대사람 - 기타,안전운전불이행,포장 - 젖음/습기,비,단일로 - 기타,기타불명,기타불명,미분류,기타불명,보행자,남,39세,경상
2021121500100063,2021년 12월 15일 06시,수요일,경기도 화성시 정남면,경상사고,0,0,1,0,차대사람 - 횡단중,보행자보호의무위반,포장 - 건조,맑음,교차로 - 교차로부근,승용,남,24세,상해없음,보행자,여,37세,경상
2021121500100118,2021년 12월 15일 08시,수요일,경기도 김포시 장기동,경상사고,0,0,1,0,차대사람 - 횡단중,보행자보호의무위반,포장 - 건조,맑음,교차로 - 교차로횡단보도내,승용,남,68세,상해없음,보행자,남,13세,경상
2021121500100171,2021년 12월 15일 09시,수요일,경기도 연천군 군남면,중상사고,0,1,0,0,차대사람 - 횡단중,보행자보호의무위반,포장 - 건조,맑음,교차로 - 교차로횡단보도내,화물,남,76세,상해없음,보행자,여,76세,중상
2021121500100202,2021년 12월 15일 11시,수요일,경기도 광주시 퇴촌면,중상사고,0,1,0,0,차대사람 - 횡단중,안전운전불이행,포장 - 건조,맑음,단일로 - 기타,승용,여,73세,상해없음,보행자,여,69세,중상
2021121500100205,2021년 12월 15일 11시,수요일,경기도 부천시 심곡본동,중상사고,0,1,0,0,차대사람 - 길가장자리구역통행중,안전운전불이행,포장 - 건조,맑음,단일로 - 기타,승용,여,41세,상해없음,보행자,여,80세,중상
2021121500100237,2021년 12월 15일 12시,수요일,경기도 시흥시 정왕동,경상사고,0,0,1,0,차대사람 - 기타,안전운전불이행,포장 - 건조,맑음,단일로 - 기타,승용,여,45세,상해없음,보행자,남,42세,경상
2021121500100238,2021년 12월 15일 12시,수요일,경기도 용인시 기흥구 보정동,경상사고,0,0,1,0,차대사람 - 횡단중,안전운전불이행,포장 - 건조,맑음,교차로 - 교차로부근,승용,여,68세,상해없음,보행자,여,86세,경상
2021121500100239,2021년 12월 15일 12시,수요일,경기도 화성시 장지동,경상사고,0,0,1,0,차대사람 - 보도통행중,기타,포장 - 건조,흐림,기타 - 기타,이륜,남,49세,상해없음,보행자,남,7세,경상
2021121500100268,2021년 12월 15일 13시,수요일,경기도 화성시 영천동,경상사고,0,0,1,0,차대사람 - 기타,안전운전불이행,포장 - 건조,맑음,교차로 - 교차로안,승용,여,55세,상해없음,보행자,여,27세,경상
2021121500100290,2021년 12월 15일 14시,수요일,경기도 이천시 창전동,경상사고,0,0,1,0,차대사람 - 기타,안전운전불이행,포장 - 건조,맑음,단일로 - 기타,승용,남,58세,상해없음,보행자,남,25세,경상
2021121500100291,2021년 12월 15일 14시,수요일,경기도 김포시 장기동,경상사고,0,0,2,0,차대사람 - 횡단중,신호위반,포장 - 건조,맑음,교차로 - 교차로횡단보도내,이륜,남,20세,상해없음,보행자,여,41세,경상
2021121500100295,2021년 12월 15일 14시,수요일,경기도 성남시 분당구 서현동,경상사고,0,0,1,0,차대사람 - 횡단중,안전운전불이행,포장 - 건조,맑음,교차로 - 교차로안,화물,남,51세,상해없음,보행자,남,62세,경상
2021121500100323,2021년 12월 15일 15시,수요일,경기도 수원시 권선구 구운동,경상사고,0,0,1,0,차대사람 - 보도통행중,안전운전불이행,포장 - 건조,맑음,기타 - 기타,자전거,여,25세,기타불명,보행자,여,15세,경상
2021121500100347,2021년 12월 15일 16시,수요일,경기도 오산시 원동,부상신고사고,0,0,0,1,차대사람 - 횡단중,안전운전불이행,포장 - 건조,맑음,교차로 - 교차로안,승합,남,71세,상해없음,보행자,남,13세,부상신고
2021121500100358,2021년 12월 15일 16시,수요일,경기도 고양시 덕양구 대장동,경상사고,0,0,1,0,차대사람 - 기타,안전운전불이행,포장 - 건조,맑음,단일로 - 기타,승용,남,62세,상해없음,보행자,남,33세,경상
2021121500100371,2021년 12월 15일 17시,수요일,경기도 김포시 구래동,중상사고,0,1,0,0,차대사람 - 기타,안전운전불이행,포장 - 기타,맑음,기타 - 기타,자전거,남,68세,상해없음,보행자,여,63세,중상
2021121500100372,2021년 12월 15일 17시,수요일,경기도 부천시 중동,경상사고,0,0,1,0,차대사람 - 횡단중,안전운전불이행,포장 - 건조,맑음,교차로 - 교차로안,승합,남,59세,상해없음,보행자,남,22세,경상
2021121500100373,2021년 12월 15일 17시,수요일,경기도 부천시 심곡동,경상사고,0,0,1,0,차대사람 - 기타,보행자보호의무위반,포장 - 건조,맑음,교차로 - 교차로안,승용,남,57세,상해없음,보행자,남,10세,경상
2021121500100380,2021년 12월 15일 17시,수요일,경기도 화성시 병점동,중상사고,0,1,0,0,차대사람 - 보도통행중,신호위반,포장 - 건조,맑음,단일로 - 기타,승용,남,61세,상해없음,보행자,여,6세,중상
2021121500100496,2021년 12월 15일 19시,수요일,경기도 수원시 팔달구 인계동,중상사고,0,1,0,0,차대사람 - 횡단중,보행자보호의무위반,포장 - 건조,맑음,교차로 - 교차로횡단보도내,승용,남,65세,상해없음,보행자,여,21세,중상
2021121500100530,2021년 12월 15일 19시,수요일,경기도 남양주시 진접읍,경상사고,0,0,1,0,차대사람 - 횡단중,보행자보호의무위반,포장 - 건조,맑음,교차로 - 교차로횡단보도내,승용,남,47세,상해없음,보행자,여,49세,경상
2021121500100541,2021년 12월 15일 20시,수요일,경기도 용인시 처인구 역북동,중상사고,0,1,0,0,차대사람 - 횡단중,보행자보호의무위반,포장 - 건조,맑음,교차로 - 교차로횡단보도내,승용,남,42세,상해없음,보행자,여,24세,중상
2021121500100567,2021년 12월 15일 21시,수요일,경기도 수원시 권선구 세류동,경상사고,0,0,1,0,차대사람 - 기타,안전운전불이행,포장 - 건조,맑음,단일로 - 기타,승용,남,56세,상해없음,보행자,남,55세,경상
2021121500100588,2021년 12월 15일 22시,수요일,경기도 평택시 비전동,경상사고,0,0,1,0,차대사람 - 기타,안전운전불이행,포장 - 젖음/습기,안개,단일로 - 기타,승용,여,45세,상해없음,보행자,남,34세,경상
2021121500100590,2021년 12월 15일 22시,수요일,경기도 안성시 대덕면,부상신고사고,0,0,0,1,차대사람 - 기타,안전운전불이행,포장 - 건조,맑음,기타 - 기타,기타불명,기타불명,미분류,기타불명,보행자,남,63세,부상신고
2021121600100008,2021년 12월 16일 00시,목요일,경기도 광주시 오포읍,중상사고,0,1,0,0,차대사람 - 기타,안전운전불이행,포장 - 젖음/습기,안개,단일로 - 기타,승용,남,42세,상해없음,보행자,남,63세,중상
2021121600100018,2021년 12월 16일 00시,목요일,경기도 의정부시 의정부동,경상사고,0,0,1,0,차대사람 - 횡단중,안전운전불이행,포장 - 건조,맑음,단일로 - 기타,승용,남,27세,상해없음,보행자,남,43세,경상
2021121600100033,2021년 12월 16일 05시,목요일,경기도 안산시 단원구 원곡동,경상사고,0,0,1,0,차대사람 - 기타,안전운전불이행,포장 - 건조,맑음,교차로 - 교차로안,승용,남,48세,상해없음,보행자,남,41세,경상
2021121600100042,2021년 12월 16일 06시,목요일,경기도 여주시 홍문동,중상사고,0,1,0,0,차대사람 - 기타,안전운전불이행,포장 - 젖음/습기,안개,단일로 - 기타,승용,남,40세,상해없음,보행자,여,63세,중상
2021121600100085,2021년 12월 16일 08시,목요일,경기도 성남시 수정구 태평동,경상사고,0,0,1,0,차대사람 - 차도통행중,안전운전불이행,포장 - 건조,맑음,교차로 - 교차로안,승용,여,59세,상해없음,보행자,남,57세,경상
2021121600100092,2021년 12월 16일 08시,목요일,경기도 안양시 만안구 안양동,부상신고사고,0,0,0,1,차대사람 - 횡단중,신호위반,포장 - 건조,맑음,교차로 - 교차로횡단보도내,이륜,남,77세,상해없음,보행자,여,8세,부상신고
2021121600100143,2021년 12월 16일 10시,목요일,경기도 안산시 단원구 고잔동,경상사고,0,0,1,0,차대사람 - 횡단중,신호위반,포장 - 건조,맑음,기타 - 기타,승용,여,58세,상해없음,보행자,남,3세,경상
2021121600100162,2021년 12월 16일 10시,목요일,경기도 의정부시 의정부동,경상사고,0,0,1,0,차대사람 - 기타,안전운전불이행,포장 - 건조,맑음,단일로 - 기타,화물,남,29세,상해없음,보행자,남,25세,경상
2021121600100203,2021년 12월 16일 12시,목요일,경기도 성남시 중원구 상대원동,경상사고,0,0,1,0,차대사람 - 기타,안전운전불이행,포장 - 건조,맑음,기타 - 기타,화물,남,28세,상해없음,보행자,여,76세,경상
2021121600100255,2021년 12월 16일 14시,목요일,경기도 하남시 덕풍동,경상사고,0,0,1,0,차대사람 - 기타,안전운전불이행,포장 - 건조,맑음,단일로 - 기타,승용,남,59세,상해없음,보행자,여,69세,경상
2021121600100284,2021년 12월 16일 15시,목요일,경기도 성남시 분당구 서현동,경상사고,0,0,1,0,차대사람 - 기타,안전운전불이행,포장 - 건조,기타,기타 - 기타,승용,남,61세,상해없음,보행자,여,22세,경상
2021121600100298,2021년 12월 16일 15시,목요일,경기도 고양시 일산동구 백석동,경상사고,0,0,1,0,차대사람 - 차도통행중,안전운전불이행,포장 - 건조,맑음,단일로 - 기타,승용,여,47세,상해없음,보행자,여,8세,경상
2021121600100338,2021년 12월 16일 17시,목요일,경기도 광주시 초월읍,부상신고사고,0,0,0,1,차대사람 - 기타,안전운전불이행,포장 - 건조,맑음,단일로 - 기타,화물,남,58세,상해없음,보행자,남,56세,부상신고
2021121600100387,2021년 12월 16일 18시,목요일,경기도 평택시 지산동,중상사고,0,1,0,0,차대사람 - 횡단중,안전운전불이행,포장 - 건조,맑음,교차로 - 교차로부근,승용,여,22세,상해없음,보행자,남,70세,중상
2021121600100391,2021년 12월 16일 18시,목요일,경기도 의왕시 삼동,중상사고,0,1,0,0,차대사람 - 보도통행중,안전운전불이행,포장 - 건조,맑음,교차로 - 교차로안,승용,남,51세,상해없음,보행자,여,70세,중상
2021121600100418,2021년 12월 16일 18시,목요일,경기도 동두천시 지행동,중상사고,0,1,0,0,차대사람 - 기타,안전운전불이행,포장 - 건조,맑음,단일로 - 기타,자전거,남,13세,상해없음,보행자,여,54세,중상
2021121600100447,2021년 12월 16일 19시,목요일,경기도 파주시 문산읍,경상사고,0,0,1,0,차대사람 - 횡단중,기타,포장 - 건조,맑음,단일로 - 지하차도(도로)내,승용,남,63세,상해없음,보행자,여,28세,경상
2021121600100448,2021년 12월 16일 19시,목요일,경기도 고양시 일산서구 탄현동,경상사고,0,0,1,0,차대사람 - 횡단중,신호위반,포장 - 건조,맑음,단일로 - 기타,이륜,남,24세,상해없음,보행자,남,43세,경상
2021121600100456,2021년 12월 16일 20시,목요일,경기도 이천시 창전동,경상사고,0,0,1,0,차대사람 - 기타,신호위반,포장 - 건조,맑음,단일로 - 기타,이륜,남,75세,상해없음,보행자,여,63세,경상
2021121600100474,2021년 12월 16일 20시,목요일,경기도 구리시 수택동,경상사고,0,0,1,0,차대사람 - 횡단중,안전운전불이행,포장 - 건조,맑음,교차로 - 교차로안,승용,여,64세,상해없음,보행자,남,35세,경상
2021121600100490,2021년 12월 16일 21시,목요일,경기도 파주시 아동동,경상사고,0,0,1,0,차대사람 - 기타,안전운전불이행,포장 - 건조,맑음,단일로 - 기타,이륜,남,18세,상해없음,보행자,남,34세,경상
2021121600100515,2021년 12월 16일 23시,목요일,경기도 부천시 소사본동,경상사고,0,0,2,0,차대사람 - 차도통행중,안전운전불이행,포장 - 건조,맑음,교차로 - 교차로안,화물,남,66세,상해없음,보행자,여,48세,경상
2021121600100516,2021년 12월 16일 23시,목요일,경기도 수원시 팔달구 인계동,중상사고,0,1,0,0,차대사람 - 횡단중,신호위반,포장 - 건조,맑음,단일로 - 기타,승용,남,50세,상해없음,보행자,남,23세,중상
2021121600100527,2021년 12월 16일 23시,목요일,경기도 남양주시 화도읍,경상사고,0,0,1,0,차대사람 - 횡단중,신호위반,포장 - 건조,맑음,교차로 - 교차로안,이륜,남,50세,상해없음,보행자,남,20세,경상
2021121700100006,2021년 12월 17일 00시,금요일,경기도 부천시 중동,경상사고,0,0,1,0,차대사람 - 기타,안전운전불이행,포장 - 건조,맑음,단일로 - 기타,승용,남,45세,상해없음,보행자,남,64세,경상
2021121700100124,2021년 12월 17일 09시,금요일,경기도 하남시 창우동,중상사고,0,1,0,0,차대사람 - 횡단중,신호위반,포장 - 건조,맑음,교차로 - 교차로안,승용,여,36세,상해없음,보행자,여,65세,중상
2021121700100165,2021년 12월 17일 10시,금요일,경기도 의정부시 의정부동,경상사고,0,0,1,0,차대사람 - 횡단중,신호위반,포장 - 건조,맑음,교차로 - 교차로횡단보도내,승용,남,57세,상해없음,보행자,남,28세,경상
2021121700100166,2021년 12월 17일 10시,금요일,경기도 고양시 일산동구 풍동,경상사고,0,0,1,0,차대사람 - 기타,안전운전불이행,포장 - 건조,맑음,단일로 - 기타,승용,여,64세,상해없음,보행자,여,24세,경상
2021121700100203,2021년 12월 17일 11시,금요일,경기도 의정부시 가능동,중상사고,0,1,0,0,차대사람 - 보도통행중,보행자보호의무위반,포장 - 건조,맑음,교차로 - 교차로안,승용,여,67세,상해없음,보행자,여,72세,중상
2021121700100219,2021년 12월 17일 12시,금요일,경기도 광주시 오포읍,경상사고,0,0,1,0,차대사람 - 기타,안전운전불이행,포장 - 건조,맑음,주차장 - 주차장,승용,여,56세,상해없음,보행자,여,14세,경상