사고번호,사고일시,요일,시군구,사고내용,사망자수,중상자수,경상자수,부상신고자수,사고유형,법규위반,노면상태,기상상태,도로형태,가해운전자 차종,가해운전자 성별,가해운전자 연령,가해운전자 상해정도,피해운전자 차종,피해운전자 성별,피해운전자 연령,피해운전자 상해정도
2021121700100239,2021년 12월 17일 12시,금요일,경기도 의정부시 의정부동,중상사고,0,1,0,0,차대사람 - 차도통행중,안전운전불이행,포장 - 건조,맑음,단일로 - 기타,승용,남,35세,상해없음,보행자,남,59세,중상
2021121700100248,2021년 12월 17일 13시,금요일,경기도 안산시 단원구 선부동,경상사고,0,0,1,0,차대사람 - 기타,안전운전불이행,포장 - 건조,맑음,기타 - 기타,승용,여,68세,상해없음,보행자,여,18세,경상
2021121700100279,2021년 12월 17일 14시,금요일,경기도 평택시 고덕동,경상사고,0,0,1,0,차대사람 - 기타,안전운전불이행,포장 - 건조,맑음,단일로 - 기타,개인형이동수단(PM),남,55세,상해없음,보행자,여,38세,경상
2021121700100285,2021년 12월 17일 14시,금요일,경기도 수원시 팔달구 인계동,경상사고,0,0,1,0,차대사람 - 기타,안전운전불이행,포장 - 건조,맑음,단일로 - 기타,승용,남,56세,상해없음,보행자,여,29세,경상
2021121700100317,2021년 12월 17일 15시,금요일,경기도 이천시 창전동,경상사고,0,0,1,0,차대사람 - 기타,안전운전불이행,포장 - 건조,맑음,교차로 - 교차로안,승용,남,73세,상해없음,보행자,여,31세,경상
2021121700100345,2021년 12월 17일 15시,금요일,경기도 고양시 일산동구 풍동,경상사고,0,0,1,0,차대사람 - 차도통행중,안전운전불이행,포장 - 건조,맑음,교차로 - 교차로안,승용,남,77세,상해없음,보행자,여,32세,경상
2021121700100362,2021년 12월 17일 16시,금요일,경기도 용인시 기흥구 구갈동,중상사고,0,1,0,0,차대사람 - 차도통행중,안전운전불이행,포장 - 건조,맑음,단일로 - 기타,승용,남,83세,상해없음,보행자,남,64세,중상
2021121700100369,2021년 12월 17일 16시,금요일,경기도 안양시 만안구 안양동,경상사고,0,0,1,0,차대사람 - 기타,보행자보호의무위반,포장 - 건조,맑음,교차로 - 교차로횡단보도내,승용,남,44세,상해없음,보행자,남,46세,경상
2021121700100399,2021년 12월 17일 17시,금요일,경기도 수원시 장안구 영화동,중상사고,0,1,0,0,차대사람 - 기타,보행자보호의무위반,포장 - 건조,맑음,교차로 - 교차로안,승용,여,27세,상해없음,보행자,여,58세,중상
2021121700100404,2021년 12월 17일 17시,금요일,경기도 평택시 비전동,부상신고사고,0,0,0,1,차대사람 - 횡단중,기타,포장 - 건조,맑음,교차로 - 교차로부근,승용,남,30세,상해없음,보행자,남,26세,부상신고
2021121700100407,2021년 12월 17일 17시,금요일,경기도 부천시 중동,중상사고,0,1,0,0,차대사람 - 기타,안전운전불이행,포장 - 건조,맑음,교차로 - 교차로부근,승용,남,61세,상해없음,보행자,여,11세,중상
2021121700100473,2021년 12월 17일 18시,금요일,경기도 평택시 세교동,중상사고,0,1,0,0,차대사람 - 기타,안전운전불이행,포장 - 건조,맑음,단일로 - 기타,승용,여,32세,상해없음,보행자,남,71세,중상
2021121700100475,2021년 12월 17일 18시,금요일,경기도 이천시 부발읍,중상사고,0,1,1,0,차대사람 - 횡단중,보행자보호의무위반,포장 - 건조,맑음,교차로 - 교차로안,승용,여,51세,상해없음,보행자,여,12세,중상
2021121700100483,2021년 12월 17일 18시,금요일,경기도 시흥시 대야동,중상사고,0,1,0,0,차대사람 - 횡단중,안전운전불이행,포장 - 건조,맑음,단일로 - 기타,승용,여,46세,상해없음,보행자,여,72세,중상
2021121700100586,2021년 12월 17일 20시,금요일,경기도 안산시 단원구 초지동,중상사고,0,1,0,0,차대사람 - 기타,안전운전불이행,포장 - 건조,맑음,교차로 - 교차로부근,승용,남,39세,상해없음,보행자,남,45세,중상
2021121700100620,2021년 12월 17일 21시,금요일,경기도 평택시 모곡동,부상신고사고,0,0,0,1,차대사람 - 기타,안전운전불이행,포장 - 건조,맑음,기타 - 기타,승합,남,38세,상해없음,보행자,남,32세,부상신고
2021121700100654,2021년 12월 17일 22시,금요일,경기도 안양시 동안구 관양동,경상사고,0,0,1,0,차대사람 - 길가장자리구역통행중,안전운전불이행,포장 - 건조,맑음,기타 - 기타,승용,남,62세,상해없음,보행자,남,25세,경상
2021121700100683,2021년 12월 17일 23시,금요일,경기도 안산시 단원구 와동,중상사고,0,1,1,0,차대사람 - 횡단중,안전운전불이행,포장 - 건조,맑음,교차로 - 교차로횡단보도내,이륜,남,37세,경상,보행자,남,54세,중상
2021121800100066,2021년 12월 18일 03시,토요일,경기도 고양시 일산서구 탄현동,중상사고,0,1,0,0,차대사람 - 횡단중,신호위반,포장 - 서리/결빙,눈,교차로 - 교차로부근,승용,여,47세,상해없음,보행자,여,13세,중상
2021121800100072,2021년 12월 18일 05시,토요일,경기도 수원시 팔달구 매산로3가,중상사고,0,1,0,0,차대사람 - 횡단중,안전운전불이행,포장 - 건조,맑음,단일로 - 기타,승용,남,47세,상해없음,보행자,여,77세,중상
2021121800100081,2021년 12월 18일 06시,토요일,경기도 광명시 하안동,중상사고,0,1,0,0,차대사람 - 횡단중,안전운전불이행,포장 - 건조,맑음,교차로 - 교차로부근,화물,남,43세,상해없음,보행자,여,53세,중상
2021121800100166,2021년 12월 18일 11시,토요일,경기도 부천시 역곡동,경상사고,0,0,1,0,차대사람 - 기타,안전운전불이행,포장 - 건조,맑음,교차로 - 교차로부근,승용,남,59세,상해없음,보행자,남,46세,경상
2021121800100197,2021년 12월 18일 12시,토요일,경기도 수원시 팔달구 우만동,중상사고,0,1,0,0,차대사람 - 기타,안전운전불이행,포장 - 건조,맑음,교차로 - 교차로안,승용,남,43세,상해없음,보행자,여,76세,중상
2021121800100224,2021년 12월 18일 13시,토요일,경기도 안성시 석정동,경상사고,0,0,1,0,차대사람 - 기타,안전운전불이행,포장 - 건조,맑음,기타 - 기타,승용,남,71세,상해없음,보행자,남,21세,경상
2021121800100230,2021년 12월 18일 13시,토요일,경기도 성남시 중원구 상대원동,경상사고,0,0,1,0,차대사람 - 차도통행중,안전운전불이행,포장 - 건조,맑음,기타 - 기타,화물,남,44세,상해없음,보행자,남,51세,경상
2021121800100260,2021년 12월 18일 14시,토요일,경기도 부천시 상동,경상사고,0,0,1,0,차대사람 - 차도통행중,안전운전불이행,포장 - 적설,눈,단일로 - 기타,승용,여,52세,상해없음,보행자,남,8세,경상
2021121800100269,2021년 12월 18일 14시,토요일,경기도 안산시 상록구 본오동,경상사고,0,0,1,0,차대사람 - 기타,안전운전불이행,포장 - 젖음/습기,비,단일로 - 기타,승용,남,64세,상해없음,보행자,남,25세,경상
2021121800100300,2021년 12월 18일 14시,토요일,경기도 동두천시 생연동,경상사고,0,0,1,0,차대사람 - 보도통행중,보행자보호의무위반,포장 - 건조,맑음,교차로 - 교차로안,승용,여,76세,기타불명,보행자,여,64세,경상
2021121800100316,2021년 12월 18일 15시,토요일,경기도 안양시 동안구 관양동,중상사고,0,1,0,0,차대사람 - 기타,안전운전불이행,포장 - 서리/결빙,눈,기타 - 기타,승용,남,31세,상해없음,보행자,남,79세,중상
2021121800100321,2021년 12월 18일 15시,토요일,경기도 용인시 기흥구 구갈동,중상사고,0,1,0,0,차대사람 - 보도통행중,안전운전불이행,포장 - 적설,눈,교차로 - 교차로횡단보도내,승합,남,60세,상해없음,보행자,여,13세,중상
2021121800100323,2021년 12월 18일 15시,토요일,경기도 김포시 양촌읍,경상사고,0,0,1,0,차대사람 - 기타,안전운전불이행,포장 - 서리/결빙,눈,단일로 - 기타,승용,남,24세,상해없음,보행자,여,30세,경상
2021121800100332,2021년 12월 18일 15시,토요일,경기도 안산시 상록구 팔곡일동,경상사고,0,0,1,0,차대사람 - 길가장자리구역통행중,안전운전불이행,포장 - 젖음/습기,비,단일로 - 기타,승합,남,63세,상해없음,보행자,남,31세,경상
2021121800100352,2021년 12월 18일 15시,토요일,경기도 의정부시 낙양동,경상사고,0,0,1,0,차대사람 - 기타,안전운전불이행,포장 - 적설,눈,단일로 - 기타,승합,남,58세,상해없음,보행자,남,77세,경상
2021121800100353,2021년 12월 18일 15시,토요일,경기도 고양시 덕양구 화정동,경상사고,0,0,1,0,차대사람 - 횡단중,신호위반,포장 - 적설,눈,교차로 - 교차로안,승용,남,65세,상해없음,보행자,여,55세,경상
2021121800100372,2021년 12월 18일 16시,토요일,경기도 광주시 경안동,경상사고,0,0,1,0,차대사람 - 기타,안전운전불이행,포장 - 적설,눈,단일로 - 기타,승합,남,45세,상해없음,보행자,여,22세,경상
2021121800100382,2021년 12월 18일 16시,토요일,경기도 화성시 비봉면,사망사고,1,0,0,0,차대사람 - 차도통행중,안전운전불이행,포장 - 적설,눈,기타 - 기타,건설기계,남,69세,상해없음,보행자,남,77세,사망
2021121800100448,2021년 12월 18일 17시,토요일,경기도 고양시 덕양구 성사동,중상사고,0,1,0,0,차대사람 - 횡단중,보행자보호의무위반,포장 - 서리/결빙,눈,교차로 - 교차로안,승용,남,26세,상해없음,보행자,여,49세,중상
2021121900100053,2021년 12월 19일 08시,일요일,경기도 남양주시 화도읍,중상사고,0,1,0,0,차대사람 - 기타,안전운전불이행,포장 - 서리/결빙,눈,단일로 - 기타,승용,남,75세,상해없음,보행자,여,74세,중상
2021121900100190,2021년 12월 19일 15시,일요일,경기도 오산시 오산동,경상사고,0,0,1,0,차대사람 - 기타,기타,포장 - 건조,맑음,기타 - 기타,개인형이동수단(PM),남,16세,상해없음,보행자,여,45세,경상
2021121900100197,2021년 12월 19일 15시,일요일,경기도 연천군 전곡읍,경상사고,0,0,1,0,차대사람 - 횡단중,안전운전불이행,포장 - 건조,맑음,단일로 - 기타,승용,남,23세,상해없음,보행자,여,32세,경상
2021121900100245,2021년 12월 19일 18시,일요일,경기도 수원시 장안구 영화동,중상사고,0,1,0,0,차대사람 - 기타,안전운전불이행,포장 - 건조,맑음,단일로 - 기타,승용,남,64세,상해없음,보행자,남,31세,중상
2021121900100246,2021년 12월 19일 18시,일요일,경기도 평택시 지산동,경상사고,0,0,1,0,차대사람 - 횡단중,보행자보호의무위반,포장 - 건조,맑음,교차로 - 교차로횡단보도내,승용,남,32세,상해없음,보행자,남,28세,경상
2021121900100247,2021년 12월 19일 18시,일요일,경기도 평택시 서정동,경상사고,0,0,1,0,차대사람 - 기타,안전운전불이행,포장 - 건조,맑음,단일로 - 기타,개인형이동수단(PM),남,20세,상해없음,보행자,남,18세,경상
2021121900100251,2021년 12월 19일 18시,일요일,경기도 부천시 작동,중상사고,0,1,0,0,차대사람 - 횡단중,안전운전불이행,포장 - 젖음/습기,흐림,단일로 - 기타,승용,여,27세,상해없음,보행자,남,69세,중상
2021121900100275,2021년 12월 19일 19시,일요일,경기도 화성시 향남읍,경상사고,0,0,1,0,차대사람 - 기타,안전운전불이행,포장 - 건조,맑음,교차로 - 교차로안,승용,남,38세,상해없음,보행자,남,52세,경상
2021121900100292,2021년 12월 19일 19시,일요일,경기도 파주시 야당동,중상사고,0,1,0,0,차대사람 - 횡단중,안전운전불이행,포장 - 건조,맑음,단일로 - 지하차도(도로)내,승용,남,53세,상해없음,보행자,남,56세,중상
2021121900100301,2021년 12월 19일 20시,일요일,경기도 안성시 공도읍,경상사고,0,0,1,0,차대사람 - 기타,기타,포장 - 건조,맑음,단일로 - 기타,승용,남,56세,상해없음,보행자,남,10세,경상
2021121900100328,2021년 12월 19일 21시,일요일,경기도 수원시 팔달구 북수동,중상사고,0,1,0,0,차대사람 - 기타,안전운전불이행,포장 - 건조,맑음,단일로 - 기타,승용,남,26세,상해없음,보행자,여,60세,중상
2021121900100335,2021년 12월 19일 21시,일요일,경기도 수원시 팔달구 매산로3가,경상사고,0,0,1,0,차대사람 - 횡단중,보행자보호의무위반,포장 - 건조,맑음,교차로 - 교차로횡단보도내,승용,남,55세,상해없음,보행자,남,60세,경상
2021121900100336,2021년 12월 19일 21시,일요일,경기도 용인시 수지구 죽전동,경상사고,0,0,1,0,차대사람 - 기타,신호위반,포장 - 건조,맑음,교차로 - 교차로횡단보도내,승용,남,66세,상해없음,보행자,여,28세,경상
2021122000100018,2021년 12월 20일 06시,월요일,경기도 광주시 오포읍,경상사고,0,0,1,0,차대사람 - 보도통행중,신호위반,포장 - 건조,흐림,교차로 - 교차로안,승용,남,48세,상해없음,보행자,남,39세,경상
2021122000100041,2021년 12월 20일 07시,월요일,경기도 광주시 경안동,사망사고,1,0,0,0,차대사람 - 횡단중,보행자보호의무위반,포장 - 건조,맑음,교차로 - 교차로안,승용,여,38세,상해없음,보행자,남,83세,사망
2021122000100042,2021년 12월 20일 07시,월요일,경기도 부천시 심곡동,경상사고,0,0,1,0,차대사람 - 횡단중,교차로운행방법위반,포장 - 건조,맑음,교차로 - 교차로안,화물,남,49세,상해없음,보행자,여,53세,경상
2021122000100045,2021년 12월 20일 07시,월요일,경기도 시흥시 정왕동,경상사고,0,0,1,0,차대사람 - 횡단중,보행자보호의무위반,포장 - 건조,맑음,교차로 - 교차로부근,승용,남,54세,상해없음,보행자,남,34세,경상
2021122000100056,2021년 12월 20일 07시,월요일,경기도 남양주시 화도읍,경상사고,0,0,1,0,차대사람 - 길가장자리구역통행중,안전운전불이행,포장 - 건조,흐림,교차로 - 교차로부근,승용,남,69세,상해없음,보행자,남,59세,경상
2021122000100064,2021년 12월 20일 08시,월요일,경기도 안성시 영동,경상사고,0,0,1,0,차대사람 - 기타,안전운전불이행,포장 - 건조,맑음,단일로 - 기타,승용,여,71세,상해없음,보행자,여,51세,경상
2021122000100072,2021년 12월 20일 08시,월요일,경기도 용인시 수지구 풍덕천동,경상사고,0,0,1,0,차대사람 - 보도통행중,기타,포장 - 건조,맑음,기타 - 기타,승용,여,36세,상해없음,보행자,남,23세,경상
2021122000100092,2021년 12월 20일 08시,월요일,경기도 동두천시 지행동,경상사고,0,0,1,0,차대사람 - 횡단중,안전운전불이행,포장 - 건조,맑음,교차로 - 교차로횡단보도내,승합,남,39세,상해없음,보행자,여,68세,경상
2021122000100102,2021년 12월 20일 09시,월요일,경기도 광주시 초월읍,경상사고,0,0,1,0,차대사람 - 기타,안전운전불이행,포장 - 서리/결빙,맑음,기타 - 기타,승용,남,51세,상해없음,보행자,남,84세,경상
2021122000100144,2021년 12월 20일 10시,월요일,경기도 고양시 일산동구 마두동,중상사고,0,1,0,1,차대사람 - 기타,안전운전불이행,포장 - 건조,맑음,단일로 - 기타,승합,여,55세,상해없음,보행자,남,43세,중상
2021122000100156,2021년 12월 20일 11시,월요일,경기도 양평군 옥천면,중상사고,0,1,0,0,차대사람 - 기타,안전운전불이행,포장 - 건조,맑음,기타 - 기타,승용,남,68세,상해없음,보행자,여,62세,중상
2021122000100157,2021년 12월 20일 11시,월요일,경기도 수원시 팔달구 지동,중상사고,0,1,0,0,차대사람 - 차도통행중,신호위반,포장 - 건조,맑음,교차로 - 교차로부근,원동기,남,72세,상해없음,보행자,여,72세,중상
2021122000100299,2021년 12월 20일 15시,월요일,경기도 수원시 장안구 영화동,경상사고,0,0,1,0,차대사람 - 기타,안전운전불이행,포장 - 건조,맑음,단일로 - 기타,승용,남,60세,상해없음,보행자,남,50세,경상
2021122000100300,2021년 12월 20일 15시,월요일,경기도 안성시 서인동,경상사고,0,0,1,0,차대사람 - 기타,안전운전불이행,포장 - 건조,맑음,단일로 - 기타,승용,남,31세,상해없음,보행자,여,53세,경상
2021122000100301,2021년 12월 20일 15시,월요일,경기도 이천시 장호원읍,중상사고,0,1,0,0,차대사람 - 차도통행중,안전운전불이행,포장 - 건조,맑음,단일로 - 기타,화물,남,56세,상해없음,보행자,여,73세,중상
2021122000100344,2021년 12월 20일 16시,월요일,경기도 평택시 서정동,경상사고,0,0,1,0,차대사람 - 기타,안전운전불이행,포장 - 건조,맑음,교차로 - 교차로안,이륜,남,24세,상해없음,보행자,남,22세,경상
2021122000100345,2021년 12월 20일 16시,월요일,경기도 부천시 심곡동,경상사고,0,0,1,0,차대사람 - 기타,안전운전불이행,포장 - 건조,맑음,교차로 - 교차로부근,승용,남,37세,상해없음,보행자,남,41세,경상
2021122000100395,2021년 12월 20일 17시,월요일,경기도 의왕시 삼동,중상사고,0,1,1,0,차대사람 - 횡단중,보행자보호의무위반,포장 - 건조,맑음,기타 - 기타,원동기,남,61세,상해없음,보행자,여,11세,경상
2021122000100426,2021년 12월 20일 17시,월요일,경기도 남양주시 진건읍,경상사고,0,0,1,0,차대사람 - 횡단중,안전운전불이행,포장 - 건조,맑음,교차로 - 교차로횡단보도내,승용,여,49세,상해없음,보행자,남,17세,경상
2021122000100442,2021년 12월 20일 18시,월요일,경기도 수원시 장안구 파장동,경상사고,0,0,1,0,차대사람 - 기타,안전운전불이행,포장 - 건조,맑음,교차로 - 교차로안,승용,여,28세,상해없음,보행자,여,55세,경상
2021122000100448,2021년 12월 20일 18시,월요일,경기도 수원시 팔달구 인계동,경상사고,0,0,1,0,차대사람 - 횡단중,신호위반,포장 - 건조,맑음,교차로 - 교차로안,승용,남,49세,상해없음,보행자,여,26세,경상
2021122000100496,2021년 12월 20일 18시,월요일,경기도 남양주시 화도읍,경상사고,0,0,2,0,차대사람 - 기타,보행자보호의무위반,포장 - 건조,맑음,교차로 - 교차로안,승용,여,26세,상해없음,보행자,여,13세,경상
2021122000100510,2021년 12월 20일 19시,월요일,경기도 성남시 수정구 고등동,중상사고,0,1,0,0,차대사람 - 기타,안전운전불이행,포장 - 건조,흐림,단일로 - 교량,승용,남,40세,상해없음,보행자,남,56세,중상
2021122000100511,2021년 12월 20일 19시,월요일,경기도 평택시 서정동,경상사고,0,0,1,0,차대사람 - 기타,보행자보호의무위반,포장 - 건조,맑음,단일로 - 기타,이륜,남,44세,기타불명,보행자,남,57세,경상
2021122000100536,2021년 12월 20일 19시,월요일,경기도 고양시 덕양구 토당동,경상사고,0,0,1,0,차대사람 - 길가장자리구역통행중,안전운전불이행,포장 - 건조,맑음,단일로 - 지하차도(도로)내,승용,여,59세,상해없음,보행자,여,32세,경상
2021122000100539,2021년 12월 20일 19시,월요일,경기도 포천시 소흘읍,중상사고,0,1,0,0,차대사람 - 횡단중,보행자보호의무위반,포장 - 건조,맑음,단일로 - 기타,승용,남,68세,상해없음,보행자,남,54세,중상
2021122000100541,2021년 12월 20일 19시,월요일,경기도 포천시 이동면,중상사고,0,1,0,0,차대사람 - 기타,안전운전불이행,포장 - 건조,맑음,단일로 - 기타,승용,남,86세,상해없음,보행자,여,86세,중상
2021122000100586,2021년 12월 20일 21시,월요일,경기도 수원시 팔달구 인계동,경상사고,0,0,1,0,차대사람 - 기타,안전운전불이행,포장 - 건조,맑음,단일로 - 기타,승용,남,40세,상해없음,보행자,남,48세,경상
2021122000100587,2021년 12월 20일 21시,월요일,경기도 성남시 분당구 서현동,경상사고,0,0,1,0,차대사람 - 횡단중,보행자보호의무위반,포장 - 건조,맑음,단일로 - 기타,승용,남,52세,상해없음,보행자,여,18세,경상
2021122000100588,2021년 12월 20일 21시,월요일,경기도 시흥시 정왕동,중상사고,0,1,0,0,차대사람 - 기타,안전운전불이행,포장 - 건조,맑음,교차로 - 교차로횡단보도내,승용,남,51세,상해없음,보행자,남,64세,상해없음
2021122000100589,2021년 12월 20일 21시,월요일,경기도 부천시 고강동,경상사고,0,0,1,0,차대사람 - 기타,보행자보호의무위반,포장 - 젖음/습기,흐림,기타 - 기타,화물,남,43세,상해없음,보행자,남,27세,경상
2021122000100631,2021년 12월 20일 23시,월요일,경기도 수원시 권선구 구운동,중상사고,0,1,0,0,차대사람 - 기타,안전운전불이행,포장 - 건조,흐림,단일로 - 기타,승용,남,56세,상해없음,보행자,남,66세,중상
2021122100100014,2021년 12월 21일 05시,화요일,경기도 평택시 고덕동,경상사고,0,0,1,0,차대사람 - 기타,안전운전불이행,포장 - 건조,맑음,기타 - 기타,개인형이동수단(PM),남,58세,상해없음,보행자,남,35세,경상
2021122100100026,2021년 12월 21일 06시,화요일,경기도 평택시 지제동,경상사고,0,0,1,0,차대사람 - 기타,안전운전불이행,포장 - 건조,맑음,단일로 - 기타,화물,남,64세,기타불명,보행자,남,28세,경상
2021122100100029,2021년 12월 21일 06시,화요일,경기도 시흥시 신천동,중상사고,0,1,0,0,차대사람 - 횡단중,보행자보호의무위반,포장 - 건조,맑음,단일로 - 기타,승용,남,60세,상해없음,보행자,남,50세,중상
2021122100100089,2021년 12월 21일 08시,화요일,경기도 안양시 만안구 안양동,경상사고,0,0,1,0,차대사람 - 기타,안전운전불이행,포장 - 건조,맑음,기타 - 기타,승용,남,47세,기타불명,보행자,여,22세,경상
2021122100100171,2021년 12월 21일 11시,화요일,경기도 수원시 팔달구 교동,경상사고,0,0,1,0,차대사람 - 길가장자리구역통행중,기타,포장 - 건조,맑음,교차로 - 교차로부근,화물,남,50세,상해없음,보행자,남,50세,경상
2021122100100196,2021년 12월 21일 12시,화요일,경기도 부천시 원미동,경상사고,0,0,1,0,차대사람 - 기타,교차로운행방법위반,포장 - 건조,맑음,교차로 - 교차로안,화물,남,68세,상해없음,보행자,남,73세,경상
2021122100100246,2021년 12월 21일 14시,화요일,경기도 오산시 수청동,경상사고,0,0,1,0,차대사람 - 횡단중,보행자보호의무위반,포장 - 건조,맑음,교차로 - 교차로횡단보도내,승용,여,35세,상해없음,보행자,남,10세,경상
2021122100100267,2021년 12월 21일 14시,화요일,경기도 파주시 금촌동,중상사고,0,1,0,0,차대사람 - 차도통행중,안전운전불이행,포장 - 젖음/습기,눈,단일로 - 기타,건설기계,남,66세,상해없음,보행자,여,71세,중상
2021122100100371,2021년 12월 21일 18시,화요일,경기도 용인시 기흥구 보라동,경상사고,0,0,2,0,차대사람 - 횡단중,보행자보호의무위반,포장 - 건조,맑음,교차로 - 교차로안,이륜,남,53세,상해없음,보행자,여,37세,경상
2021122100100420,2021년 12월 21일 18시,화요일,경기도 의정부시 신곡동,중상사고,0,1,0,0,차대사람 - 횡단중,안전운전불이행,포장 - 건조,맑음,단일로 - 기타,승용,남,71세,상해없음,보행자,여,64세,중상
2021122100100475,2021년 12월 21일 20시,화요일,경기도 시흥시 배곧동,중상사고,0,1,0,0,차대사람 - 횡단중,신호위반,포장 - 건조,맑음,단일로 - 기타,승용,남,28세,상해없음,보행자,남,26세,중상
2021122100100489,2021년 12월 21일 20시,화요일,경기도 남양주시 진접읍,중상사고,0,1,0,0,차대사람 - 횡단중,안전운전불이행,포장 - 건조,맑음,교차로 - 교차로안,승용,남,73세,상해없음,보행자,여,61세,중상
2021122100100503,2021년 12월 21일 21시,화요일,경기도 여주시 하동,경상사고,0,0,1,0,차대사람 - 기타,안전운전불이행,포장 - 건조,맑음,단일로 - 기타,승용,여,58세,상해없음,보행자,남,52세,경상
2021122100100525,2021년 12월 21일 21시,화요일,경기도 파주시 금촌동,중상사고,0,1,0,0,차대사람 - 차도통행중,안전운전불이행,포장 - 건조,맑음,교차로 - 교차로안,화물,남,59세,상해없음,보행자,남,58세,중상
2021122100100526,2021년 12월 21일 21시,화요일,경기도 파주시 목동동,중상사고,0,1,0,0,차대사람 - 횡단중,보행자보호의무위반,포장 - 건조,맑음,교차로 - 교차로안,승용,남,27세,상해없음,보행자,여,54세,중상
2021122200100028,2021년 12월 22일 06시,수요일,경기도 동두천시 생연동,중상사고,0,1,0,0,차대사람 - 횡단중,신호위반,포장 - 건조,맑음,교차로 - 교차로부근,승용,남,71세,기타불명,보행자,여,74세,중상
2021122200100073,2021년 12월 22일 08시,수요일,경기도 김포시 고촌읍,사망사고,1,0,0,0,차대사람 - 기타,안전운전불이행,포장 - 건조,맑음,단일로 - 기타,승용,남,51세,상해없음,보행자,남,58세,사망
2021122200100148,2021년 12월 22일 10시,수요일,경기도 용인시 기흥구 중동,중상사고,0,1,0,0,차대사람 - 기타,안전운전불이행,포장 - 건조,맑음,기타 - 기타,화물,남,65세,상해없음,보행자,남,76세,중상
2021122200100192,2021년 12월 22일 11시,수요일,경기도 의정부시 의정부동,경상사고,0,0,1,1,차대사람 - 기타,안전운전불이행,포장 - 건조,맑음,교차로 - 교차로부근,개인형이동수단(PM),여,46세,부상신고,보행자,남,77세,경상
2021122200100205,2021년 12월 22일 12시,수요일,경기도 이천시 백사면,중상사고,0,1,0,0,차대사람 - 횡단중,중앙선침범,포장 - 건조,맑음,교차로 - 교차로부근,승용,남,66세,상해없음,보행자,여,60세,중상
2021122200100206,2021년 12월 22일 12시,수요일,경기도 광명시 하안동,중상사고,0,1,1,0,차대사람 - 기타,안전운전불이행,포장 - 건조,맑음,단일로 - 기타,승용,여,58세,경상,보행자,남,45세,중상
2021122200100211,2021년 12월 22일 12시,수요일,경기도 화성시 우정읍,경상사고,0,0,1,0,차대사람 - 기타,안전운전불이행,포장 - 건조,맑음,단일로 - 기타,승용,남,35세,상해없음,보행자,여,73세,경상
2021122200100241,2021년 12월 22일 13시,수요일,경기도 광주시 송정동,경상사고,0,0,1,0,차대사람 - 기타,안전운전불이행,포장 - 건조,맑음,기타 - 기타,승용,남,63세,상해없음,보행자,여,66세,경상
2021122200100266,2021년 12월 22일 13시,수요일,경기도 파주시 금촌동,중상사고,0,1,0,0,차대사람 - 횡단중,보행자보호의무위반,포장 - 건조,맑음,단일로 - 기타,승용,여,46세,상해없음,보행자,여,49세,중상
2021122200100434,2021년 12월 22일 18시,수요일,경기도 용인시 기흥구 신갈동,중상사고,0,1,0,0,차대사람 - 기타,안전운전불이행,포장 - 건조,흐림,교차로 - 교차로부근,승용,남,28세,상해없음,보행자,남,77세,중상
2021122200100435,2021년 12월 22일 18시,수요일,경기도 용인시 처인구 마평동,경상사고,0,0,1,0,차대사람 - 횡단중,보행자보호의무위반,포장 - 건조,맑음,교차로 - 교차로안,승용,남,60세,상해없음,보행자,남,45세,경상
2021122200100436,2021년 12월 22일 18시,수요일,경기도 광명시 철산동,경상사고,0,0,1,0,차대사람 - 기타,보행자보호의무위반,포장 - 건조,맑음,교차로 - 교차로안,승용,남,35세,상해없음,보행자,남,49세,경상
2021122200100439,2021년 12월 22일 18시,수요일,경기도 시흥시 정왕동,중상사고,0,1,0,0,차대사람 - 횡단중,기타,포장 - 건조,맑음,교차로 - 교차로횡단보도내,승용,남,25세,상해없음,보행자,남,41세,중상
2021122200100478,2021년 12월 22일 18시,수요일,경기도 파주시 광탄면,경상사고,0,0,1,0,차대사람 - 기타,안전운전불이행,포장 - 건조,맑음,교차로 - 교차로안,건설기계,남,54세,상해없음,보행자,여,67세,경상
2021122200100501,2021년 12월 22일 19시,수요일,경기도 성남시 분당구 금곡동,부상신고사고,0,0,0,1,차대사람 - 기타,안전운전불이행,포장 - 기타,맑음,교차로 - 교차로안,승용,남,35세,상해없음,보행자,남,67세,부상신고
2021122200100502,2021년 12월 22일 19시,수요일,경기도 시흥시 정왕동,중상사고,0,1,0,0,차대사람 - 횡단중,안전운전불이행,포장 - 건조,맑음,단일로 - 기타,승용,남,51세,상해없음,보행자,남,78세,중상
2021122200100505,2021년 12월 22일 19시,수요일,경기도 안양시 만안구 안양동,중상사고,0,1,0,0,차대사람 - 차도통행중,안전운전불이행,포장 - 건조,맑음,단일로 - 기타,자전거,여,64세,상해없음,보행자,여,69세,중상
2021122200100535,2021년 12월 22일 20시,수요일,경기도 성남시 분당구 구미동,경상사고,0,0,1,0,차대사람 - 차도통행중,안전운전불이행,포장 - 건조,맑음,교차로 - 교차로안,승용,남,32세,상해없음,보행자,남,74세,경상
2021122200100548,2021년 12월 22일 20시,수요일,경기도 의정부시 의정부동,경상사고,0,0,1,0,차대사람 - 길가장자리구역통행중,안전운전불이행,포장 - 건조,맑음,단일로 - 기타,이륜,남,26세,상해없음,보행자,여,16세,경상