사고번호,사고일시,요일,시군구,사고내용,사망자수,중상자수,경상자수,부상신고자수,사고유형,법규위반,노면상태,기상상태,도로형태,가해운전자 차종,가해운전자 성별,가해운전자 연령,가해운전자 상해정도,피해운전자 차종,피해운전자 성별,피해운전자 연령,피해운전자 상해정도
2021122200100552,2021년 12월 22일 20시,수요일,경기도 구리시 수택동,경상사고,0,0,1,0,차대사람 - 횡단중,보행자보호의무위반,포장 - 건조,맑음,교차로 - 교차로횡단보도내,승용,남,31세,상해없음,보행자,여,28세,경상
2021122200100571,2021년 12월 22일 21시,수요일,경기도 시흥시 조남동,경상사고,0,0,1,0,차대사람 - 기타,안전운전불이행,포장 - 건조,맑음,단일로 - 기타,화물,남,60세,상해없음,보행자,여,61세,경상
2021122200100603,2021년 12월 22일 22시,수요일,경기도 평택시 서정동,경상사고,0,0,1,0,차대사람 - 기타,안전운전불이행,포장 - 건조,맑음,단일로 - 기타,승합,남,59세,상해없음,보행자,남,22세,경상
2021122200100605,2021년 12월 22일 22시,수요일,경기도 김포시 걸포동,중상사고,0,1,0,0,차대사람 - 횡단중,안전운전불이행,포장 - 건조,맑음,교차로 - 교차로안,승용,남,64세,상해없음,보행자,여,45세,중상
2021122200100607,2021년 12월 22일 22시,수요일,경기도 부천시 심곡동,경상사고,0,0,1,0,차대사람 - 기타,안전운전불이행,포장 - 건조,맑음,교차로 - 교차로안,승용,남,64세,상해없음,보행자,여,63세,경상
2021122200100611,2021년 12월 22일 22시,수요일,경기도 하남시 신장동,경상사고,0,0,1,0,차대사람 - 기타,안전운전불이행,포장 - 건조,맑음,기타 - 기타,승용,남,26세,기타불명,보행자,여,54세,경상
2021122300100010,2021년 12월 23일 03시,목요일,경기도 오산시 누읍동,중상사고,0,1,0,0,차대사람 - 차도통행중,안전운전불이행,포장 - 건조,맑음,단일로 - 기타,화물,남,39세,상해없음,보행자,남,66세,중상
2021122300100030,2021년 12월 23일 06시,목요일,경기도 광주시 역동,중상사고,0,1,0,0,차대사람 - 기타,보행자보호의무위반,포장 - 건조,맑음,교차로 - 교차로부근,승용,여,61세,상해없음,보행자,여,69세,중상
2021122300100031,2021년 12월 23일 06시,목요일,경기도 용인시 처인구 유방동,중상사고,0,1,0,0,차대사람 - 기타,안전운전불이행,포장 - 건조,맑음,교차로 - 교차로부근,승용,남,39세,상해없음,보행자,여,65세,중상
2021122300100064,2021년 12월 23일 07시,목요일,경기도 남양주시 화도읍,경상사고,0,0,1,0,차대사람 - 기타,안전운전불이행,포장 - 건조,맑음,단일로 - 기타,화물,남,27세,상해없음,보행자,여,58세,경상
2021122300100160,2021년 12월 23일 11시,목요일,경기도 안성시 공도읍,경상사고,0,0,1,0,차대사람 - 기타,안전운전불이행,포장 - 건조,맑음,기타 - 기타,건설기계,남,59세,상해없음,보행자,남,60세,경상
2021122300100161,2021년 12월 23일 11시,목요일,경기도 광명시 노온사동,경상사고,0,0,1,0,차대사람 - 기타,보행자보호의무위반,포장 - 건조,맑음,교차로 - 교차로횡단보도내,화물,남,54세,상해없음,보행자,여,35세,경상
2021122300100189,2021년 12월 23일 12시,목요일,경기도 용인시 처인구 김량장동,경상사고,0,0,1,0,차대사람 - 차도통행중,안전운전불이행,포장 - 건조,맑음,단일로 - 기타,승용,여,48세,상해없음,보행자,여,36세,경상
2021122300100193,2021년 12월 23일 12시,목요일,경기도 수원시 권선구 권선동,경상사고,0,0,1,0,차대사람 - 기타,안전운전불이행,포장 - 건조,맑음,기타 - 기타,승합,남,47세,상해없음,보행자,여,73세,경상
2021122300100211,2021년 12월 23일 12시,목요일,경기도 의정부시 장암동,중상사고,0,1,0,0,차대사람 - 기타,안전운전불이행,포장 - 건조,맑음,단일로 - 기타,기타불명,기타불명,미분류,기타불명,보행자,여,70세,중상
2021122300100221,2021년 12월 23일 13시,목요일,경기도 안산시 상록구 사동,경상사고,0,0,1,0,차대사람 - 기타,안전운전불이행,포장 - 건조,맑음,단일로 - 기타,승용,남,24세,상해없음,보행자,남,8세,경상
2021122300100245,2021년 12월 23일 14시,목요일,경기도 성남시 수정구 수진동,경상사고,0,0,1,0,차대사람 - 기타,안전운전불이행,포장 - 건조,맑음,교차로 - 교차로부근,승용,남,38세,상해없음,보행자,남,7세,경상
2021122300100248,2021년 12월 23일 14시,목요일,경기도 안산시 단원구 원곡동,중상사고,0,1,0,0,차대사람 - 횡단중,안전운전불이행,포장 - 건조,맑음,교차로 - 교차로부근,승용,여,32세,상해없음,보행자,여,68세,중상
2021122300100272,2021년 12월 23일 14시,목요일,경기도 파주시 아동동,경상사고,0,0,1,0,차대사람 - 횡단중,안전운전불이행,포장 - 건조,맑음,단일로 - 기타,승용,여,72세,상해없음,보행자,여,19세,경상
2021122300100274,2021년 12월 23일 14시,목요일,경기도 남양주시 진접읍,중상사고,0,1,0,0,차대사람 - 기타,안전운전불이행,포장 - 건조,맑음,교차로 - 교차로안,승용,남,62세,상해없음,보행자,여,24세,중상
2021122300100349,2021년 12월 23일 17시,목요일,경기도 김포시 하성면,경상사고,0,0,1,0,차대사람 - 기타,안전운전불이행,포장 - 건조,맑음,기타 - 기타,화물,남,69세,상해없음,보행자,남,15세,경상
2021122300100350,2021년 12월 23일 17시,목요일,경기도 부천시 심곡본동,경상사고,0,0,1,0,차대사람 - 횡단중,보행자보호의무위반,포장 - 건조,맑음,교차로 - 교차로안,화물,남,34세,상해없음,보행자,남,34세,경상
2021122300100441,2021년 12월 23일 18시,목요일,경기도 의정부시 가능동,경상사고,0,0,1,0,차대사람 - 횡단중,안전운전불이행,포장 - 건조,맑음,교차로 - 교차로안,승용,남,36세,상해없음,보행자,남,26세,경상
2021122300100442,2021년 12월 23일 18시,목요일,경기도 고양시 덕양구 화정동,중상사고,0,1,0,0,차대사람 - 기타,안전운전불이행,포장 - 건조,맑음,단일로 - 기타,승용,남,53세,상해없음,보행자,여,28세,중상
2021122300100462,2021년 12월 23일 19시,목요일,경기도 수원시 권선구 고색동,중상사고,0,1,0,0,차대사람 - 기타,중앙선침범,포장 - 건조,맑음,단일로 - 기타,승용,남,30세,상해없음,보행자,남,50세,중상
2021122300100496,2021년 12월 23일 20시,목요일,경기도 성남시 분당구 구미동,경상사고,0,0,1,0,차대사람 - 기타,신호위반,포장 - 건조,맑음,교차로 - 교차로횡단보도내,승용,남,71세,상해없음,보행자,여,50세,경상
2021122300100497,2021년 12월 23일 20시,목요일,경기도 시흥시 정왕동,경상사고,0,0,1,0,차대사람 - 횡단중,신호위반,포장 - 건조,맑음,단일로 - 기타,승용,여,42세,상해없음,보행자,남,17세,경상
2021122300100549,2021년 12월 23일 22시,목요일,경기도 수원시 장안구 천천동,부상신고사고,0,0,0,1,차대사람 - 기타,안전운전불이행,포장 - 건조,맑음,교차로 - 교차로부근,승용,남,52세,상해없음,보행자,남,45세,부상신고
2021122400100053,2021년 12월 24일 07시,금요일,경기도 안성시 금산동,경상사고,0,0,1,0,차대사람 - 기타,안전운전불이행,포장 - 건조,맑음,교차로 - 교차로안,화물,남,52세,상해없음,보행자,남,78세,경상
2021122400100084,2021년 12월 24일 08시,금요일,경기도 이천시 관고동,경상사고,0,0,1,0,차대사람 - 기타,안전운전불이행,포장 - 건조,맑음,단일로 - 기타,승용,여,34세,기타불명,보행자,남,40세,경상
2021122400100085,2021년 12월 24일 08시,금요일,경기도 성남시 중원구 성남동,경상사고,0,0,1,0,차대사람 - 기타,안전운전불이행,포장 - 건조,맑음,기타 - 기타,승용,여,61세,상해없음,보행자,남,45세,경상
2021122400100101,2021년 12월 24일 08시,금요일,경기도 의정부시 의정부동,경상사고,0,0,1,0,차대사람 - 횡단중,보행자보호의무위반,포장 - 건조,맑음,교차로 - 교차로횡단보도내,승용,남,32세,상해없음,보행자,여,26세,경상
2021122400100113,2021년 12월 24일 09시,금요일,경기도 군포시 당동,경상사고,0,0,1,0,차대사람 - 보도통행중,보행자보호의무위반,포장 - 건조,맑음,교차로 - 교차로안,승용,남,67세,상해없음,보행자,여,31세,경상
2021122400100132,2021년 12월 24일 10시,금요일,경기도 수원시 장안구 영화동,경상사고,0,0,1,0,차대사람 - 기타,안전운전불이행,포장 - 건조,맑음,단일로 - 기타,화물,남,62세,상해없음,보행자,남,58세,경상
2021122400100136,2021년 12월 24일 10시,금요일,경기도 용인시 기흥구 보정동,중상사고,0,1,0,0,차대사람 - 기타,안전운전불이행,포장 - 건조,맑음,교차로 - 교차로안,승용,여,71세,상해없음,보행자,남,57세,중상
2021122400100148,2021년 12월 24일 10시,금요일,경기도 고양시 일산동구 장항동,중상사고,0,1,0,0,차대사람 - 횡단중,보행자보호의무위반,포장 - 건조,맑음,교차로 - 교차로횡단보도내,승용,남,51세,상해없음,보행자,남,36세,중상
2021122400100220,2021년 12월 24일 13시,금요일,경기도 성남시 분당구 금곡동,경상사고,0,0,1,0,차대사람 - 차도통행중,안전운전불이행,포장 - 건조,맑음,기타 - 기타,이륜,남,30세,상해없음,보행자,여,67세,경상
2021122400100222,2021년 12월 24일 13시,금요일,경기도 안양시 만안구 박달동,중상사고,0,1,0,0,차대사람 - 길가장자리구역통행중,안전운전불이행,포장 - 건조,맑음,단일로 - 기타,이륜,남,38세,상해없음,보행자,여,9세,중상
2021122400100242,2021년 12월 24일 14시,금요일,경기도 양평군 양서면,경상사고,0,0,1,0,차대사람 - 기타,기타,포장 - 건조,맑음,교차로 - 교차로안,승용,남,70세,상해없음,보행자,여,50세,경상
2021122400100243,2021년 12월 24일 14시,금요일,경기도 하남시 덕풍동,경상사고,0,0,1,0,차대사람 - 기타,안전운전불이행,포장 - 건조,맑음,교차로 - 교차로부근,승용,여,32세,상해없음,보행자,남,47세,경상
2021122400100276,2021년 12월 24일 15시,금요일,경기도 용인시 처인구 남사읍,경상사고,0,0,1,0,차대사람 - 횡단중,안전운전불이행,포장 - 건조,맑음,단일로 - 기타,승용,여,56세,상해없음,보행자,남,72세,경상
2021122400100282,2021년 12월 24일 15시,금요일,경기도 수원시 팔달구 매산로2가,경상사고,0,0,1,0,차대사람 - 보도통행중,안전운전불이행,포장 - 건조,맑음,교차로 - 교차로부근,기타불명,기타불명,미분류,기타불명,보행자,여,28세,경상
2021122400100296,2021년 12월 24일 15시,금요일,경기도 의정부시 금오동,부상신고사고,0,0,0,1,차대사람 - 기타,안전운전불이행,포장 - 건조,맑음,단일로 - 기타,승합,남,59세,상해없음,보행자,여,9세,부상신고
2021122400100297,2021년 12월 24일 15시,금요일,경기도 의정부시 의정부동,부상신고사고,0,0,0,1,차대사람 - 횡단중,안전운전불이행,포장 - 건조,맑음,교차로 - 교차로부근,화물,남,40세,상해없음,보행자,여,90세,부상신고
2021122400100308,2021년 12월 24일 16시,금요일,경기도 수원시 장안구 영화동,경상사고,0,0,1,0,차대사람 - 기타,안전운전불이행,포장 - 건조,맑음,단일로 - 기타,승용,남,58세,상해없음,보행자,남,70세,경상
2021122400100332,2021년 12월 24일 16시,금요일,경기도 남양주시 화도읍,중상사고,0,1,0,0,차대사람 - 횡단중,안전운전불이행,포장 - 건조,맑음,교차로 - 교차로안,승용,남,55세,상해없음,보행자,남,74세,중상
2021122400100357,2021년 12월 24일 17시,금요일,경기도 안산시 단원구 와동,중상사고,0,1,0,0,차대사람 - 차도통행중,안전운전불이행,포장 - 건조,맑음,단일로 - 기타,승용,남,55세,상해없음,보행자,여,71세,중상
2021122400100414,2021년 12월 24일 18시,금요일,경기도 하남시 덕풍동,사망사고,1,0,0,0,차대사람 - 기타,안전운전불이행,포장 - 건조,맑음,단일로 - 기타,승용,남,30세,상해없음,보행자,남,61세,사망
2021122400100474,2021년 12월 24일 19시,금요일,경기도 성남시 분당구 정자동,경상사고,0,0,1,0,차대사람 - 기타,기타,포장 - 건조,맑음,단일로 - 기타,승합,남,59세,상해없음,보행자,여,41세,경상
2021122400100512,2021년 12월 24일 19시,금요일,경기도 구리시 수택동,경상사고,0,0,2,0,차대사람 - 횡단중,신호위반,포장 - 건조,맑음,단일로 - 기타,승용,여,52세,상해없음,보행자,여,11세,경상
2021122400100527,2021년 12월 24일 20시,금요일,경기도 수원시 장안구 정자동,중상사고,0,1,0,0,차대사람 - 기타,안전운전불이행,포장 - 건조,맑음,기타 - 기타,자전거,남,41세,상해없음,보행자,남,47세,중상
2021122400100599,2021년 12월 24일 21시,금요일,경기도 남양주시 화도읍,중상사고,0,1,0,0,차대사람 - 기타,안전운전불이행,포장 - 건조,기타,기타 - 기타,승용,남,43세,상해없음,보행자,남,34세,중상
2021122400100613,2021년 12월 24일 22시,금요일,경기도 화성시 반송동,경상사고,0,0,1,0,차대사람 - 횡단중,신호위반,포장 - 건조,맑음,교차로 - 교차로횡단보도내,승용,남,73세,상해없음,보행자,남,18세,경상
2021122400100634,2021년 12월 24일 23시,금요일,경기도 평택시 고덕면,중상사고,0,1,1,0,차대사람 - 기타,안전운전불이행,포장 - 건조,맑음,교차로 - 교차로부근,승용,남,31세,상해없음,보행자,남,28세,경상
2021122500100034,2021년 12월 25일 05시,토요일,경기도 고양시 덕양구 삼송동,중상사고,0,1,0,0,차대사람 - 기타,보행자보호의무위반,포장 - 건조,맑음,단일로 - 기타,승용,남,55세,상해없음,보행자,남,66세,중상
2021122500100048,2021년 12월 25일 08시,토요일,경기도 성남시 분당구 구미동,경상사고,0,0,1,0,차대사람 - 기타,안전운전불이행,포장 - 건조,맑음,단일로 - 기타,개인형이동수단(PM),남,26세,상해없음,보행자,남,50세,경상
2021122500100055,2021년 12월 25일 08시,토요일,경기도 남양주시 평내동,중상사고,0,1,0,0,차대사람 - 횡단중,보행자보호의무위반,포장 - 건조,맑음,교차로 - 교차로횡단보도내,건설기계,남,66세,상해없음,보행자,남,48세,중상
2021122500100070,2021년 12월 25일 09시,토요일,경기도 의정부시 의정부동,중상사고,0,1,0,0,차대사람 - 횡단중,안전운전불이행,포장 - 건조,맑음,교차로 - 교차로횡단보도내,승용,여,40세,상해없음,보행자,남,59세,중상
2021122500100092,2021년 12월 25일 11시,토요일,경기도 성남시 수정구 태평동,중상사고,0,1,0,0,차대사람 - 횡단중,신호위반,포장 - 건조,맑음,교차로 - 교차로횡단보도내,승용,여,69세,상해없음,보행자,남,79세,중상
2021122500100093,2021년 12월 25일 11시,토요일,경기도 성남시 중원구 상대원동,경상사고,0,0,1,0,차대사람 - 기타,보행자보호의무위반,포장 - 건조,맑음,단일로 - 기타,화물,남,60세,상해없음,보행자,남,43세,경상
2021122500100105,2021년 12월 25일 11시,토요일,경기도 의정부시 장암동,중상사고,0,1,0,0,차대사람 - 기타,안전운전불이행,포장 - 건조,맑음,단일로 - 기타,승용,여,52세,상해없음,보행자,여,65세,중상
2021122500100137,2021년 12월 25일 12시,토요일,경기도 남양주시 오남읍,경상사고,0,0,1,0,차대사람 - 기타,안전운전불이행,포장 - 건조,맑음,단일로 - 기타,승합,남,69세,상해없음,보행자,여,69세,경상
2021122500100147,2021년 12월 25일 13시,토요일,경기도 용인시 기흥구 신갈동,경상사고,0,0,1,0,차대사람 - 기타,안전운전불이행,포장 - 건조,맑음,단일로 - 기타,건설기계,남,59세,상해없음,보행자,남,41세,경상
2021122500100148,2021년 12월 25일 13시,토요일,경기도 부천시 상동,경상사고,0,0,1,0,차대사람 - 차도통행중,신호위반,포장 - 건조,맑음,교차로 - 교차로부근,이륜,남,51세,기타불명,보행자,남,26세,경상
2021122500100166,2021년 12월 25일 13시,토요일,경기도 파주시 적성면,경상사고,0,0,1,0,차대사람 - 기타,안전운전불이행,포장 - 건조,맑음,단일로 - 기타,승용,남,72세,상해없음,보행자,남,63세,경상
2021122500100176,2021년 12월 25일 14시,토요일,경기도 군포시 도마교동,경상사고,0,0,1,0,차대사람 - 횡단중,신호위반,포장 - 건조,맑음,교차로 - 교차로안,화물,남,66세,상해없음,보행자,남,9세,경상
2021122500100177,2021년 12월 25일 14시,토요일,경기도 하남시 신장동,중상사고,0,1,0,0,차대사람 - 기타,신호위반,포장 - 건조,맑음,교차로 - 교차로안,승용,남,48세,기타불명,보행자,여,72세,중상
2021122500100226,2021년 12월 25일 16시,토요일,경기도 성남시 수정구 신흥동,경상사고,0,0,1,0,차대사람 - 기타,안전운전불이행,포장 - 건조,맑음,단일로 - 기타,승용,여,59세,기타불명,보행자,남,58세,경상
2021122500100244,2021년 12월 25일 16시,토요일,경기도 의정부시 가능동,경상사고,0,0,1,0,차대사람 - 횡단중,보행자보호의무위반,포장 - 건조,맑음,교차로 - 교차로횡단보도내,승용,여,66세,상해없음,보행자,남,42세,경상
2021122500100273,2021년 12월 25일 17시,토요일,경기도 양주시 덕정동,경상사고,0,0,1,0,차대사람 - 기타,안전운전불이행,포장 - 건조,맑음,단일로 - 기타,승합,남,50세,상해없음,보행자,여,79세,경상
2021122500100283,2021년 12월 25일 18시,토요일,경기도 평택시 포승읍,경상사고,0,0,1,0,차대사람 - 기타,안전운전불이행,포장 - 건조,맑음,기타 - 기타,승용,남,21세,상해없음,보행자,남,29세,경상
2021122500100284,2021년 12월 25일 18시,토요일,경기도 안성시 미양면,경상사고,0,0,1,0,차대사람 - 기타,안전운전불이행,포장 - 건조,기타,단일로 - 기타,승용,남,21세,상해없음,보행자,남,37세,경상
2021122500100287,2021년 12월 25일 18시,토요일,경기도 부천시 중동,경상사고,0,0,1,0,차대사람 - 횡단중,보행자보호의무위반,포장 - 건조,맑음,교차로 - 교차로횡단보도내,승용,여,53세,기타불명,보행자,남,33세,경상
2021122500100288,2021년 12월 25일 18시,토요일,경기도 수원시 영통구 영통동,경상사고,0,0,1,0,차대사람 - 차도통행중,안전운전불이행,포장 - 건조,맑음,단일로 - 기타,승용,남,58세,상해없음,보행자,남,43세,경상
2021122500100316,2021년 12월 25일 19시,토요일,경기도 김포시 풍무동,경상사고,0,0,1,0,차대사람 - 횡단중,보행자보호의무위반,포장 - 건조,맑음,교차로 - 교차로횡단보도내,승용,남,40세,상해없음,보행자,남,29세,경상
2021122500100318,2021년 12월 25일 19시,토요일,경기도 수원시 권선구 호매실동,경상사고,0,0,1,0,차대사람 - 기타,안전운전불이행,포장 - 건조,맑음,단일로 - 기타,승용,남,44세,상해없음,보행자,남,35세,경상
2021122500100342,2021년 12월 25일 20시,토요일,경기도 용인시 처인구 이동읍,중상사고,0,1,0,0,차대사람 - 기타,안전운전불이행,포장 - 건조,맑음,교차로 - 교차로안,승용,남,54세,상해없음,보행자,여,41세,중상
2021122500100368,2021년 12월 25일 21시,토요일,경기도 부천시 심곡동,경상사고,0,0,1,0,차대사람 - 기타,안전운전불이행,포장 - 건조,맑음,단일로 - 기타,승용,남,21세,상해없음,보행자,남,27세,경상
2021122500100391,2021년 12월 25일 21시,토요일,경기도 고양시 덕양구 화정동,중상사고,0,1,0,0,차대사람 - 횡단중,보행자보호의무위반,포장 - 건조,맑음,교차로 - 교차로횡단보도내,승용,남,85세,상해없음,보행자,여,68세,중상
2021122500100392,2021년 12월 25일 21시,토요일,경기도 구리시 수택동,경상사고,0,0,1,0,차대사람 - 기타,안전운전불이행,포장 - 건조,맑음,단일로 - 기타,승용,남,19세,상해없음,보행자,여,28세,경상
2021122600100003,2021년 12월 26일 00시,일요일,경기도 평택시 이충동,경상사고,0,0,1,0,차대사람 - 기타,안전운전불이행,포장 - 건조,맑음,기타 - 기타,승용,남,27세,상해없음,보행자,남,42세,경상
2021122600100028,2021년 12월 26일 08시,일요일,경기도 여주시 하동,중상사고,0,1,0,0,차대사람 - 횡단중,보행자보호의무위반,포장 - 건조,맑음,교차로 - 교차로횡단보도내,승용,남,61세,상해없음,보행자,남,61세,중상
2021122600100055,2021년 12월 26일 10시,일요일,경기도 양주시 백석읍,경상사고,0,0,1,0,차대사람 - 횡단중,신호위반,포장 - 건조,맑음,교차로 - 교차로안,승용,남,67세,상해없음,보행자,여,21세,경상
2021122600100058,2021년 12월 26일 11시,일요일,경기도 이천시 백사면,중상사고,0,1,0,0,차대사람 - 횡단중,안전운전불이행,포장 - 건조,맑음,교차로 - 교차로부근,승용,남,36세,상해없음,보행자,여,73세,중상
2021122600100099,2021년 12월 26일 13시,일요일,경기도 김포시 감정동,경상사고,0,0,1,0,차대사람 - 기타,안전운전불이행,포장 - 건조,맑음,교차로 - 교차로부근,승합,남,58세,상해없음,보행자,남,49세,경상
2021122600100105,2021년 12월 26일 13시,일요일,경기도 안양시 만안구 안양동,중상사고,0,1,0,0,차대사람 - 횡단중,신호위반,포장 - 건조,맑음,교차로 - 교차로횡단보도내,승합,남,56세,상해없음,보행자,여,42세,중상
2021122600100120,2021년 12월 26일 13시,일요일,경기도 파주시 금촌동,경상사고,0,0,1,0,차대사람 - 횡단중,안전운전불이행,포장 - 건조,맑음,교차로 - 교차로안,승용,남,66세,상해없음,보행자,남,51세,경상
2021122600100128,2021년 12월 26일 14시,일요일,경기도 이천시 중리동,경상사고,0,0,1,0,차대사람 - 기타,기타,포장 - 건조,맑음,단일로 - 기타,승합,남,55세,상해없음,보행자,여,60세,경상
2021122600100129,2021년 12월 26일 14시,일요일,경기도 화성시 봉담읍,경상사고,0,0,1,0,차대사람 - 기타,안전운전불이행,포장 - 건조,맑음,교차로 - 교차로부근,승합,남,46세,상해없음,보행자,남,43세,경상
2021122600100161,2021년 12월 26일 15시,일요일,경기도 수원시 권선구 권선동,중상사고,0,1,0,0,차대사람 - 기타,안전운전불이행,포장 - 건조,맑음,기타 - 기타,승용,남,49세,상해없음,보행자,남,38세,중상
2021122600100206,2021년 12월 26일 17시,일요일,경기도 오산시 궐동,경상사고,0,0,1,0,차대사람 - 기타,안전운전불이행,포장 - 건조,맑음,교차로 - 교차로안,승용,남,48세,상해없음,보행자,남,29세,경상
2021122600100246,2021년 12월 26일 18시,일요일,경기도 용인시 수지구 성복동,중상사고,0,1,0,0,차대사람 - 기타,안전운전불이행,포장 - 건조,맑음,단일로 - 기타,승용,남,66세,상해없음,보행자,남,32세,중상
2021122600100264,2021년 12월 26일 18시,일요일,경기도 고양시 일산동구 장항동,중상사고,0,1,1,0,차대사람 - 기타,기타,포장 - 건조,맑음,단일로 - 기타,이륜,남,31세,경상,보행자,남,40세,중상
2021122600100269,2021년 12월 26일 19시,일요일,경기도 평택시 지산동,경상사고,0,0,1,0,차대사람 - 기타,안전운전불이행,포장 - 건조,맑음,단일로 - 기타,승용,남,31세,상해없음,보행자,남,31세,경상
2021122600100270,2021년 12월 26일 19시,일요일,경기도 안양시 동안구 비산동,경상사고,0,0,1,0,차대사람 - 기타,안전운전불이행,포장 - 건조,맑음,기타 - 기타,자전거,여,39세,상해없음,보행자,여,28세,경상
2021122600100301,2021년 12월 26일 20시,일요일,경기도 하남시 덕풍동,경상사고,0,0,1,0,차대사람 - 보도통행중,보행자보호의무위반,포장 - 건조,맑음,교차로 - 교차로횡단보도내,승용,남,51세,상해없음,보행자,남,38세,경상
2021122600100322,2021년 12월 26일 21시,일요일,경기도 안산시 단원구 신길동,중상사고,0,1,0,0,차대사람 - 기타,보행자보호의무위반,포장 - 기타,기타,기타 - 기타,이륜,남,16세,상해없음,보행자,남,71세,중상
2021122600100338,2021년 12월 26일 21시,일요일,경기도 파주시 탄현면,사망사고,1,0,0,0,차대사람 - 횡단중,신호위반,포장 - 건조,맑음,교차로 - 교차로안,승용,남,41세,상해없음,보행자,남,26세,사망
2021122600100344,2021년 12월 26일 22시,일요일,경기도 이천시 부발읍,경상사고,0,0,1,0,차대사람 - 차도통행중,안전운전불이행,포장 - 건조,맑음,단일로 - 기타,승용,여,70세,상해없음,보행자,남,51세,경상
2021122700100009,2021년 12월 27일 04시,월요일,경기도 안양시 동안구 관양동,중상사고,0,1,0,0,차대사람 - 횡단중,보행자보호의무위반,포장 - 건조,맑음,교차로 - 교차로횡단보도내,승합,남,59세,상해없음,보행자,여,74세,중상
2021122700100015,2021년 12월 27일 05시,월요일,경기도 양평군 양서면,중상사고,0,1,0,0,차대사람 - 기타,안전운전불이행,포장 - 건조,맑음,교차로 - 교차로부근,승용,남,44세,상해없음,보행자,남,56세,중상
2021122700100044,2021년 12월 27일 07시,월요일,경기도 시흥시 목감동,중상사고,0,1,0,0,차대사람 - 횡단중,보행자보호의무위반,포장 - 건조,맑음,교차로 - 교차로횡단보도내,승용,남,28세,상해없음,보행자,여,49세,중상
2021122700100063,2021년 12월 27일 08시,월요일,경기도 시흥시 정왕동,중상사고,0,1,0,0,차대사람 - 횡단중,안전운전불이행,포장 - 건조,맑음,단일로 - 기타,승용,여,60세,상해없음,보행자,남,9세,중상
2021122700100066,2021년 12월 27일 08시,월요일,경기도 부천시 원종동,경상사고,0,0,1,0,차대사람 - 차도통행중,안전운전불이행,포장 - 건조,맑음,교차로 - 교차로안,화물,남,55세,상해없음,보행자,남,51세,경상
2021122700100102,2021년 12월 27일 09시,월요일,경기도 평택시 진위면,중상사고,0,1,0,0,차대사람 - 길가장자리구역통행중,교차로운행방법위반,포장 - 건조,맑음,교차로 - 교차로부근,승용,남,57세,상해없음,보행자,여,75세,중상
2021122700100119,2021년 12월 27일 09시,월요일,경기도 포천시 소흘읍,경상사고,0,0,1,0,차대사람 - 기타,안전운전불이행,포장 - 건조,맑음,기타 - 기타,화물,남,55세,상해없음,보행자,여,34세,경상
2021122700100130,2021년 12월 27일 10시,월요일,경기도 이천시 단월동,부상신고사고,0,0,0,1,차대사람 - 기타,안전운전불이행,포장 - 건조,맑음,단일로 - 기타,승합,남,57세,기타불명,보행자,여,84세,부상신고
2021122700100240,2021년 12월 27일 13시,월요일,경기도 남양주시 퇴계원읍,경상사고,0,0,1,0,차대사람 - 기타,안전운전불이행,포장 - 건조,맑음,단일로 - 기타,자전거,남,11세,상해없음,보행자,여,80세,경상
2021122700100257,2021년 12월 27일 14시,월요일,경기도 수원시 권선구 평동,사망사고,1,0,0,0,차대사람 - 기타,안전운전불이행,포장 - 건조,흐림,단일로 - 기타,승용,남,41세,상해없음,보행자,여,86세,사망
2021122700100291,2021년 12월 27일 15시,월요일,경기도 용인시 기흥구 신갈동,중상사고,0,1,0,0,차대사람 - 보도통행중,안전운전불이행,포장 - 건조,맑음,교차로 - 교차로부근,승용,여,35세,상해없음,보행자,여,75세,중상
2021122700100299,2021년 12월 27일 15시,월요일,경기도 여주시 가남읍,경상사고,0,0,1,0,차대사람 - 기타,안전운전불이행,포장 - 젖음/습기,눈,주차장 - 주차장,화물,남,45세,상해없음,보행자,여,65세,경상
2021122700100357,2021년 12월 27일 17시,월요일,경기도 성남시 수정구 신흥동,경상사고,0,0,1,0,차대사람 - 기타,신호위반,포장 - 건조,맑음,단일로 - 기타,화물,남,57세,상해없음,보행자,남,48세,경상
2021122700100402,2021년 12월 27일 18시,월요일,경기도 수원시 장안구 정자동,중상사고,0,1,1,0,차대사람 - 기타,안전운전불이행,포장 - 건조,맑음,교차로 - 교차로안,승용,여,62세,상해없음,보행자,남,75세,중상
2021122700100405,2021년 12월 27일 18시,월요일,경기도 성남시 수정구 단대동,중상사고,0,1,0,0,차대사람 - 횡단중,안전운전불이행,포장 - 건조,맑음,교차로 - 교차로안,이륜,남,42세,상해없음,보행자,남,55세,중상
2021122700100406,2021년 12월 27일 18시,월요일,경기도 평택시 비전동,경상사고,0,0,1,0,차대사람 - 횡단중,안전운전불이행,포장 - 건조,맑음,교차로 - 교차로안,승용,남,33세,상해없음,보행자,여,60세,경상