사고번호,사고일시,요일,시군구,사고내용,사망자수,중상자수,경상자수,부상신고자수,사고유형,법규위반,노면상태,기상상태,도로형태,가해운전자 차종,가해운전자 성별,가해운전자 연령,가해운전자 상해정도,피해운전자 차종,피해운전자 성별,피해운전자 연령,피해운전자 상해정도
2021122700100409,2021년 12월 27일 18시,월요일,경기도 용인시 처인구 남사읍,경상사고,0,0,1,0,차대사람 - 횡단중,안전운전불이행,포장 - 건조,맑음,교차로 - 교차로안,승용,여,54세,상해없음,보행자,남,29세,경상
2021122700100411,2021년 12월 27일 18시,월요일,경기도 수원시 영통구 이의동,경상사고,0,0,1,0,차대사람 - 횡단중,보행자보호의무위반,포장 - 건조,맑음,교차로 - 교차로횡단보도내,승용,여,27세,상해없음,보행자,남,49세,경상
2021122700100413,2021년 12월 27일 18시,월요일,경기도 용인시 수지구 풍덕천동,중상사고,0,1,0,0,차대사람 - 횡단중,보행자보호의무위반,포장 - 건조,맑음,교차로 - 교차로안,승용,남,61세,상해없음,보행자,남,44세,중상
2021122700100445,2021년 12월 27일 19시,월요일,경기도 평택시 고덕동,부상신고사고,0,0,0,1,차대사람 - 횡단중,안전운전불이행,포장 - 서리/결빙,흐림,단일로 - 기타,개인형이동수단(PM),남,40세,부상신고,보행자,남,47세,상해없음
2021122700100446,2021년 12월 27일 19시,월요일,경기도 시흥시 능곡동,부상신고사고,0,0,0,1,차대사람 - 횡단중,안전운전불이행,포장 - 건조,맑음,교차로 - 교차로횡단보도내,이륜,남,50세,부상신고,보행자,남,83세,상해없음
2021122700100449,2021년 12월 27일 19시,월요일,경기도 부천시 여월동,중상사고,0,1,0,0,차대사람 - 횡단중,안전운전불이행,포장 - 건조,맑음,교차로 - 교차로안,승용,남,49세,상해없음,보행자,여,58세,중상
2021122700100450,2021년 12월 27일 19시,월요일,경기도 화성시 신동,경상사고,0,0,1,0,차대사람 - 보도통행중,보행자보호의무위반,포장 - 건조,맑음,교차로 - 교차로안,승용,남,42세,상해없음,보행자,남,52세,경상
2021122700100486,2021년 12월 27일 20시,월요일,경기도 수원시 팔달구 매산로3가,사망사고,1,0,0,0,차대사람 - 기타,보행자보호의무위반,포장 - 건조,맑음,교차로 - 교차로부근,승합,남,57세,상해없음,보행자,남,71세,사망
2021122700100518,2021년 12월 27일 21시,월요일,경기도 시흥시 정왕동,중상사고,0,1,0,0,차대사람 - 횡단중,안전운전불이행,포장 - 건조,맑음,교차로 - 교차로횡단보도내,승용,남,51세,상해없음,보행자,남,24세,중상
2021122700100550,2021년 12월 27일 22시,월요일,경기도 안양시 동안구 호계동,경상사고,0,0,1,0,차대사람 - 기타,보행자보호의무위반,포장 - 건조,기타,교차로 - 교차로부근,승용,남,27세,상해없음,보행자,남,30세,경상
2021122800100009,2021년 12월 28일 00시,화요일,경기도 파주시 목동동,중상사고,0,1,0,0,차대사람 - 횡단중,안전운전불이행,포장 - 건조,맑음,교차로 - 교차로안,승용,남,71세,상해없음,보행자,남,44세,중상
2021122800100010,2021년 12월 28일 01시,화요일,경기도 평택시 서정동,경상사고,0,0,1,0,차대사람 - 차도통행중,안전운전불이행,포장 - 건조,맑음,단일로 - 기타,승용,남,83세,상해없음,보행자,여,54세,경상
2021122800100059,2021년 12월 28일 07시,화요일,경기도 광주시 곤지암읍,경상사고,0,0,1,0,차대사람 - 횡단중,안전운전불이행,포장 - 건조,맑음,교차로 - 교차로안,승용,남,27세,상해없음,보행자,남,70세,경상
2021122800100060,2021년 12월 28일 07시,화요일,경기도 안산시 단원구 고잔동,중상사고,0,1,0,0,차대사람 - 기타,안전운전불이행,포장 - 건조,맑음,단일로 - 기타,승용,여,54세,상해없음,보행자,남,17세,중상
2021122800100201,2021년 12월 28일 12시,화요일,경기도 평택시 동삭동,부상신고사고,0,0,0,1,차대사람 - 기타,안전운전불이행,포장 - 건조,맑음,기타 - 기타,기타불명,기타불명,미분류,기타불명,보행자,남,4세,부상신고
2021122800100238,2021년 12월 28일 13시,화요일,경기도 의정부시 가능동,중상사고,0,1,0,0,차대사람 - 차도통행중,안전운전불이행,포장 - 건조,맑음,단일로 - 기타,자전거,여,57세,상해없음,보행자,여,62세,중상
2021122800100239,2021년 12월 28일 13시,화요일,경기도 남양주시 다산동,경상사고,0,0,1,0,차대사람 - 기타,안전운전불이행,포장 - 건조,맑음,교차로 - 교차로안,승용,남,64세,상해없음,보행자,남,22세,경상
2021122800100247,2021년 12월 28일 14시,화요일,경기도 용인시 처인구 양지면,중상사고,0,1,0,0,차대사람 - 기타,안전운전불이행,포장 - 건조,맑음,단일로 - 기타,승용,남,48세,상해없음,보행자,여,98세 이상,중상
2021122800100249,2021년 12월 28일 14시,화요일,경기도 오산시 원동,경상사고,0,0,1,0,차대사람 - 차도통행중,기타,포장 - 건조,맑음,단일로 - 기타,승용,남,48세,상해없음,보행자,남,57세,경상
2021122800100271,2021년 12월 28일 15시,화요일,경기도 용인시 수지구 성복동,중상사고,0,1,0,0,차대사람 - 횡단중,교차로운행방법위반,포장 - 건조,맑음,교차로 - 교차로안,승용,여,59세,상해없음,보행자,여,35세,중상
2021122800100301,2021년 12월 28일 16시,화요일,경기도 부천시 삼정동,중상사고,0,1,0,0,차대사람 - 기타,안전운전불이행,포장 - 건조,맑음,단일로 - 기타,승용,여,62세,상해없음,보행자,여,64세,중상
2021122800100317,2021년 12월 28일 16시,화요일,경기도 고양시 일산동구 식사동,경상사고,0,0,2,0,차대사람 - 기타,안전운전불이행,포장 - 건조,맑음,주차장 - 주차장,승용,남,39세,상해없음,보행자,여,30세,경상
2021122800100372,2021년 12월 28일 18시,화요일,경기도 부천시 심곡동,중상사고,0,1,0,0,차대사람 - 차도통행중,안전운전불이행,포장 - 건조,맑음,단일로 - 기타,승용,여,38세,상해없음,보행자,여,54세,중상
2021122800100406,2021년 12월 28일 18시,화요일,경기도 파주시 적성면,중상사고,0,2,0,0,차대사람 - 기타,과속,포장 - 건조,맑음,단일로 - 기타,승용,남,67세,상해없음,보행자,남,58세,중상
2021122800100417,2021년 12월 28일 19시,화요일,경기도 오산시 원동,경상사고,0,0,1,0,차대사람 - 기타,안전운전불이행,포장 - 건조,맑음,기타 - 기타,승합,남,61세,상해없음,보행자,여,42세,경상
2021122800100420,2021년 12월 28일 19시,화요일,경기도 군포시 산본동,중상사고,0,1,0,0,차대사람 - 기타,안전운전불이행,포장 - 건조,맑음,기타 - 기타,이륜,남,42세,상해없음,보행자,남,40세,중상
2021122800100483,2021년 12월 28일 21시,화요일,경기도 수원시 장안구 영화동,경상사고,0,0,1,0,차대사람 - 기타,안전운전불이행,포장 - 건조,맑음,단일로 - 기타,승용,남,51세,상해없음,보행자,남,32세,경상
2021122800100523,2021년 12월 28일 22시,화요일,경기도 성남시 수정구 태평동,경상사고,0,0,1,0,차대사람 - 길가장자리구역통행중,안전운전불이행,포장 - 건조,맑음,교차로 - 교차로부근,화물,남,50세,상해없음,보행자,여,75세,경상
2021122800100525,2021년 12월 28일 22시,화요일,경기도 광주시 오포읍,중상사고,0,1,0,0,차대사람 - 기타,안전운전불이행,포장 - 건조,맑음,기타 - 기타,화물,남,35세,상해없음,보행자,남,68세,중상
2021122800100526,2021년 12월 28일 22시,화요일,경기도 안산시 단원구 고잔동,경상사고,0,0,1,0,차대사람 - 기타,안전운전불이행,포장 - 건조,맑음,단일로 - 기타,화물,남,51세,상해없음,보행자,남,35세,경상
2021122800100541,2021년 12월 28일 23시,화요일,경기도 용인시 수지구 풍덕천동,부상신고사고,0,0,0,1,차대사람 - 기타,기타,포장 - 건조,맑음,기타 - 기타,승합,남,46세,상해없음,보행자,남,50세,부상신고
2021122800100550,2021년 12월 28일 23시,화요일,경기도 의정부시 민락동,경상사고,0,0,1,0,차대사람 - 기타,안전운전불이행,포장 - 건조,맑음,단일로 - 기타,화물,남,28세,상해없음,보행자,남,49세,경상
2021122900100018,2021년 12월 29일 04시,수요일,경기도 부천시 오정동,경상사고,0,0,1,0,차대사람 - 횡단중,안전운전불이행,포장 - 건조,맑음,기타 - 기타,화물,남,54세,상해없음,보행자,남,45세,경상
2021122900100022,2021년 12월 29일 05시,수요일,경기도 평택시 평택동,경상사고,0,0,1,0,차대사람 - 기타,안전운전불이행,포장 - 건조,맑음,단일로 - 기타,기타불명,기타불명,미분류,기타불명,보행자,남,63세,경상
2021122900100030,2021년 12월 29일 06시,수요일,경기도 광주시 오포읍,중상사고,0,1,0,0,차대사람 - 차도통행중,안전운전불이행,포장 - 건조,흐림,교차로 - 교차로부근,승용,남,42세,상해없음,보행자,여,27세,중상
2021122900100043,2021년 12월 29일 07시,수요일,경기도 군포시 산본동,중상사고,0,1,0,0,차대사람 - 기타,안전운전불이행,포장 - 건조,맑음,단일로 - 기타,승용,여,47세,기타불명,보행자,남,22세,중상
2021122900100067,2021년 12월 29일 08시,수요일,경기도 김포시 통진읍,중상사고,0,1,0,0,차대사람 - 차도통행중,안전운전불이행,포장 - 건조,맑음,교차로 - 교차로안,승용,남,58세,상해없음,보행자,여,47세,중상
2021122900100069,2021년 12월 29일 08시,수요일,경기도 성남시 분당구 수내동,중상사고,0,1,0,0,차대사람 - 횡단중,안전운전불이행,포장 - 건조,맑음,단일로 - 기타,승용,남,63세,상해없음,보행자,남,72세,중상
2021122900100071,2021년 12월 29일 08시,수요일,경기도 안산시 상록구 부곡동,경상사고,0,0,1,0,차대사람 - 횡단중,안전운전불이행,포장 - 건조,맑음,교차로 - 교차로안,승용,여,52세,상해없음,보행자,여,74세,경상
2021122900100072,2021년 12월 29일 08시,수요일,경기도 안양시 만안구 석수동,중상사고,0,1,0,0,차대사람 - 기타,신호위반,포장 - 건조,흐림,교차로 - 교차로횡단보도내,승용,여,52세,상해없음,보행자,여,18세,중상
2021122900100165,2021년 12월 29일 11시,수요일,경기도 의정부시 금오동,경상사고,0,0,1,0,차대사람 - 길가장자리구역통행중,안전운전불이행,포장 - 건조,맑음,단일로 - 기타,승용,남,76세,상해없음,보행자,여,21세,경상
2021122900100194,2021년 12월 29일 12시,수요일,경기도 가평군 청평면,중상사고,0,1,0,0,차대사람 - 기타,기타,포장 - 건조,맑음,단일로 - 기타,승용,남,66세,상해없음,보행자,여,67세,중상
2021122900100237,2021년 12월 29일 14시,수요일,경기도 수원시 팔달구 매산로1가,경상사고,0,0,1,0,차대사람 - 기타,안전운전불이행,포장 - 건조,맑음,단일로 - 기타,승용,여,46세,상해없음,보행자,여,21세,경상
2021122900100253,2021년 12월 29일 14시,수요일,경기도 남양주시 오남읍,경상사고,0,0,1,0,차대사람 - 기타,안전운전불이행,포장 - 건조,맑음,교차로 - 교차로안,승용,남,52세,상해없음,보행자,남,69세,경상
2021122900100292,2021년 12월 29일 15시,수요일,경기도 남양주시 퇴계원읍,경상사고,0,0,1,0,차대사람 - 기타,안전운전불이행,포장 - 건조,맑음,교차로 - 교차로안,승용,남,69세,상해없음,보행자,남,68세,경상
2021122900100304,2021년 12월 29일 16시,수요일,경기도 안양시 동안구 관양동,경상사고,0,0,1,0,차대사람 - 기타,안전운전불이행,포장 - 건조,맑음,단일로 - 기타,승용,남,66세,상해없음,보행자,여,74세,경상
2021122900100306,2021년 12월 29일 16시,수요일,경기도 부천시 고강동,경상사고,0,0,1,0,차대사람 - 횡단중,보행자보호의무위반,포장 - 건조,맑음,교차로 - 교차로횡단보도내,화물,남,61세,상해없음,보행자,남,10세,경상
2021122900100322,2021년 12월 29일 16시,수요일,경기도 고양시 덕양구 화정동,경상사고,0,0,1,0,차대사람 - 횡단중,안전운전불이행,포장 - 건조,맑음,교차로 - 교차로횡단보도내,자전거,남,15세,상해없음,보행자,여,37세,경상
2021122900100346,2021년 12월 29일 17시,수요일,경기도 용인시 처인구 포곡읍,경상사고,0,0,1,0,차대사람 - 기타,안전운전불이행,포장 - 건조,맑음,교차로 - 교차로안,승용,여,51세,상해없음,보행자,여,63세,경상
2021122900100350,2021년 12월 29일 17시,수요일,경기도 성남시 분당구 야탑동,경상사고,0,0,1,0,차대사람 - 횡단중,보행자보호의무위반,포장 - 건조,흐림,기타 - 기타,화물,남,53세,상해없음,보행자,여,31세,경상
2021122900100371,2021년 12월 29일 17시,수요일,경기도 고양시 일산서구 탄현동,경상사고,0,0,1,0,차대사람 - 횡단중,안전운전불이행,포장 - 건조,맑음,교차로 - 교차로안,승용,여,50세,상해없음,보행자,남,81세,경상
2021122900100391,2021년 12월 29일 18시,수요일,경기도 성남시 분당구 구미동,중상사고,0,1,0,0,차대사람 - 기타,보행자보호의무위반,포장 - 건조,맑음,교차로 - 교차로횡단보도내,승용,남,59세,상해없음,보행자,여,26세,중상
2021122900100441,2021년 12월 29일 18시,수요일,경기도 고양시 덕양구 토당동,중상사고,0,1,0,0,차대사람 - 기타,안전운전불이행,포장 - 건조,맑음,교차로 - 교차로안,승용,남,42세,상해없음,보행자,남,43세,중상
2021122900100443,2021년 12월 29일 18시,수요일,경기도 파주시 와동동,경상사고,0,0,1,0,차대사람 - 횡단중,보행자보호의무위반,포장 - 건조,맑음,교차로 - 교차로안,화물,남,25세,상해없음,보행자,남,62세,경상
2021122900100456,2021년 12월 29일 19시,수요일,경기도 김포시 북변동,중상사고,0,1,0,0,차대사람 - 기타,안전운전불이행,포장 - 건조,맑음,교차로 - 교차로안,화물,남,61세,상해없음,보행자,남,64세,중상
2021122900100460,2021년 12월 29일 19시,수요일,경기도 부천시 오정동,중상사고,0,1,0,0,차대사람 - 횡단중,보행자보호의무위반,포장 - 건조,흐림,교차로 - 교차로횡단보도내,화물,남,66세,상해없음,보행자,여,54세,중상
2021122900100484,2021년 12월 29일 20시,수요일,경기도 광주시 경안동,경상사고,0,0,1,0,차대사람 - 기타,안전운전불이행,포장 - 건조,흐림,교차로 - 교차로부근,승용,여,63세,상해없음,보행자,남,70세,경상
2021122900100487,2021년 12월 29일 20시,수요일,경기도 수원시 팔달구 인계동,경상사고,0,0,1,0,차대사람 - 차도통행중,안전운전불이행,포장 - 젖음/습기,맑음,단일로 - 기타,승용,여,22세,상해없음,보행자,남,53세,경상
2021122900100488,2021년 12월 29일 20시,수요일,경기도 성남시 중원구 성남동,부상신고사고,0,0,0,1,차대사람 - 기타,안전운전불이행,포장 - 건조,흐림,기타 - 기타,승용,남,26세,상해없음,보행자,여,47세,부상신고
2021122900100505,2021년 12월 29일 20시,수요일,경기도 고양시 일산동구 백석동,경상사고,0,0,1,0,차대사람 - 횡단중,보행자보호의무위반,포장 - 건조,맑음,교차로 - 교차로횡단보도내,승용,남,46세,상해없음,보행자,남,66세,경상
2021123000100042,2021년 12월 30일 07시,목요일,경기도 의왕시 오전동,경상사고,0,0,1,0,차대사람 - 횡단중,안전운전불이행,포장 - 건조,맑음,기타 - 기타,승합,남,58세,상해없음,보행자,남,12세,경상
2021123000100043,2021년 12월 30일 07시,목요일,경기도 화성시 석우동,중상사고,0,1,0,0,차대사람 - 보도통행중,보행자보호의무위반,포장 - 건조,맑음,교차로 - 교차로횡단보도내,승용,남,47세,상해없음,보행자,여,33세,중상
2021123000100044,2021년 12월 30일 07시,목요일,경기도 화성시 반정동,경상사고,0,0,1,0,차대사람 - 기타,안전운전불이행,포장 - 건조,맑음,단일로 - 기타,화물,남,52세,상해없음,보행자,남,31세,경상
2021123000100064,2021년 12월 30일 08시,목요일,경기도 수원시 장안구 정자동,중상사고,0,1,0,0,차대사람 - 기타,보행자보호의무위반,포장 - 건조,맑음,교차로 - 교차로안,승용,남,55세,상해없음,보행자,여,44세,중상
2021123000100070,2021년 12월 30일 08시,목요일,경기도 성남시 분당구 정자동,경상사고,0,0,1,0,차대사람 - 기타,보행자보호의무위반,포장 - 건조,맑음,교차로 - 교차로횡단보도내,승용,여,46세,상해없음,보행자,여,27세,경상
2021123000100085,2021년 12월 30일 08시,목요일,경기도 의정부시 호원동,부상신고사고,0,0,0,1,차대사람 - 기타,안전운전불이행,포장 - 건조,맑음,단일로 - 기타,승합,남,66세,기타불명,보행자,여,49세,부상신고
2021123000100087,2021년 12월 30일 08시,목요일,경기도 고양시 덕양구 행신동,경상사고,0,0,1,0,차대사람 - 기타,안전운전불이행,포장 - 건조,맑음,단일로 - 기타,승용,여,30세,상해없음,보행자,남,9세,경상
2021123000100088,2021년 12월 30일 08시,목요일,경기도 파주시 문산읍,중상사고,0,1,0,0,차대사람 - 기타,안전운전불이행,포장 - 건조,맑음,단일로 - 기타,화물,남,77세,상해없음,보행자,남,46세,중상
2021123000100089,2021년 12월 30일 08시,목요일,경기도 남양주시 별내동,중상사고,0,1,0,0,차대사람 - 횡단중,보행자보호의무위반,포장 - 건조,맑음,교차로 - 교차로횡단보도내,승용,여,38세,상해없음,보행자,여,14세,중상
2021123000100109,2021년 12월 30일 09시,목요일,경기도 고양시 덕양구 동산동,경상사고,0,0,1,0,차대사람 - 횡단중,신호위반,포장 - 서리/결빙,맑음,교차로 - 교차로안,승용,남,41세,상해없음,보행자,여,11세,경상
2021123000100111,2021년 12월 30일 09시,목요일,경기도 포천시 소흘읍,중상사고,0,1,0,0,차대사람 - 길가장자리구역통행중,안전운전불이행,포장 - 건조,맑음,단일로 - 기타,승용,여,56세,상해없음,보행자,여,29세,중상
2021123000100186,2021년 12월 30일 12시,목요일,경기도 안성시 석정동,경상사고,0,0,1,0,차대사람 - 기타,보행자보호의무위반,포장 - 건조,맑음,교차로 - 교차로부근,승용,남,19세,상해없음,보행자,여,72세,경상
2021123000100216,2021년 12월 30일 13시,목요일,경기도 부천시 작동,중상사고,0,1,0,0,차대사람 - 기타,안전운전불이행,포장 - 건조,맑음,단일로 - 기타,승용,여,46세,상해없음,보행자,여,83세,중상
2021123000100332,2021년 12월 30일 16시,목요일,경기도 파주시 조리읍,사망사고,1,0,0,0,차대사람 - 횡단중,안전운전불이행,포장 - 건조,맑음,교차로 - 교차로부근,승용,남,82세,상해없음,보행자,남,79세,사망
2021123000100345,2021년 12월 30일 17시,목요일,경기도 안성시 금산동,중상사고,0,1,0,0,차대사람 - 보도통행중,보행자보호의무위반,포장 - 젖음/습기,비,교차로 - 교차로횡단보도내,승용,여,25세,상해없음,보행자,여,56세,중상
2021123000100408,2021년 12월 30일 18시,목요일,경기도 부천시 도당동,중상사고,0,1,0,0,차대사람 - 기타,보행자보호의무위반,포장 - 건조,맑음,교차로 - 교차로횡단보도내,승용,남,53세,상해없음,보행자,남,53세,중상
2021123000100409,2021년 12월 30일 18시,목요일,경기도 부천시 상동,경상사고,0,0,1,0,차대사람 - 기타,안전운전불이행,포장 - 건조,맑음,단일로 - 기타,원동기,남,80세,상해없음,보행자,여,53세,경상
2021123000100467,2021년 12월 30일 19시,목요일,경기도 김포시 구래동,중상사고,0,1,0,0,차대사람 - 횡단중,보행자보호의무위반,포장 - 건조,맑음,교차로 - 교차로안,승용,남,26세,상해없음,보행자,남,71세,중상
2021123000100495,2021년 12월 30일 19시,목요일,경기도 의정부시 가능동,중상사고,0,1,0,0,차대사람 - 횡단중,신호위반,포장 - 건조,맑음,교차로 - 교차로안,이륜,남,22세,기타불명,보행자,여,58세,중상
2021123000100497,2021년 12월 30일 19시,목요일,경기도 의정부시 의정부동,경상사고,0,0,1,0,차대사람 - 길가장자리구역통행중,안전운전불이행,포장 - 건조,맑음,교차로 - 교차로부근,승용,남,30세,기타불명,보행자,남,30세,경상
2021123000100503,2021년 12월 30일 19시,목요일,경기도 남양주시 진접읍,중상사고,0,1,0,0,차대사람 - 기타,안전운전불이행,포장 - 건조,맑음,교차로 - 교차로부근,승용,남,54세,상해없음,보행자,남,58세,중상
2021123000100515,2021년 12월 30일 20시,목요일,경기도 평택시 비전동,부상신고사고,0,0,0,1,차대사람 - 기타,안전운전불이행,포장 - 건조,맑음,기타 - 기타,자전거,기타불명,미분류,기타불명,보행자,남,48세,부상신고
2021123000100517,2021년 12월 30일 20시,목요일,경기도 부천시 상동,중상사고,0,1,0,0,차대사람 - 기타,안전운전불이행,포장 - 건조,맑음,교차로 - 교차로횡단보도내,승용,여,34세,상해없음,보행자,여,66세,중상
2021123000100518,2021년 12월 30일 20시,목요일,경기도 군포시 금정동,중상사고,0,1,0,0,차대사람 - 기타,안전운전불이행,포장 - 건조,맑음,단일로 - 기타,이륜,남,42세,상해없음,보행자,여,34세,중상
2021123000100551,2021년 12월 30일 21시,목요일,경기도 수원시 팔달구 우만동,경상사고,0,0,1,0,차대사람 - 길가장자리구역통행중,안전운전불이행,포장 - 건조,맑음,단일로 - 기타,승용,남,56세,상해없음,보행자,남,49세,경상
2021123000100559,2021년 12월 30일 21시,목요일,경기도 안산시 단원구 선부동,경상사고,0,0,1,0,차대사람 - 기타,안전운전불이행,포장 - 기타,기타,기타 - 기타,승용,여,56세,기타불명,보행자,남,52세,경상
2021123000100613,2021년 12월 30일 23시,목요일,경기도 부천시 심곡동,중상사고,0,1,0,0,차대사람 - 기타,안전운전불이행,포장 - 건조,맑음,교차로 - 교차로안,이륜,남,18세,상해없음,보행자,남,28세,중상
2021123100100009,2021년 12월 31일 01시,금요일,경기도 성남시 수정구 신흥동,경상사고,0,0,1,0,차대사람 - 기타,신호위반,포장 - 건조,맑음,단일로 - 기타,이륜,남,31세,상해없음,보행자,남,23세,경상
2021123100100040,2021년 12월 31일 07시,금요일,경기도 광주시 송정동,경상사고,0,0,1,0,차대사람 - 횡단중,보행자보호의무위반,포장 - 건조,맑음,교차로 - 교차로횡단보도내,승합,남,36세,상해없음,보행자,여,46세,경상
2021123100100041,2021년 12월 31일 07시,금요일,경기도 오산시 내삼미동,중상사고,0,1,0,0,차대사람 - 횡단중,보행자보호의무위반,포장 - 젖음/습기,흐림,교차로 - 교차로횡단보도내,승용,남,32세,상해없음,보행자,여,17세,중상
2021123100100061,2021년 12월 31일 08시,금요일,경기도 양평군 양평읍,경상사고,0,0,1,0,차대사람 - 기타,안전운전불이행,포장 - 건조,맑음,기타 - 기타,승용,여,41세,상해없음,보행자,여,80세,경상
2021123100100062,2021년 12월 31일 08시,금요일,경기도 오산시 원동,중상사고,0,1,0,0,차대사람 - 횡단중,보행자보호의무위반,포장 - 건조,맑음,교차로 - 교차로횡단보도내,승용,여,47세,상해없음,보행자,여,14세,중상
2021123100100079,2021년 12월 31일 08시,금요일,경기도 고양시 일산서구 일산동,중상사고,0,1,0,0,차대사람 - 횡단중,신호위반,포장 - 건조,맑음,교차로 - 교차로횡단보도내,승용,남,54세,상해없음,보행자,여,52세,중상
2021123100100099,2021년 12월 31일 10시,금요일,경기도 수원시 장안구 정자동,중상사고,0,1,0,0,차대사람 - 보도통행중,기타,포장 - 건조,맑음,단일로 - 기타,개인형이동수단(PM),여,19세,상해없음,보행자,여,74세,중상
2021123100100104,2021년 12월 31일 10시,금요일,경기도 화성시 반송동,경상사고,0,0,1,0,차대사람 - 횡단중,보행자보호의무위반,포장 - 건조,맑음,교차로 - 교차로횡단보도내,승합,남,68세,상해없음,보행자,여,25세,경상
2021123100100183,2021년 12월 31일 12시,금요일,경기도 양주시 백석읍,중상사고,0,1,0,0,차대사람 - 기타,안전운전불이행,포장 - 건조,맑음,교차로 - 교차로안,화물,남,40세,상해없음,보행자,여,55세,중상
2021123100100234,2021년 12월 31일 14시,금요일,경기도 평택시 비전동,경상사고,0,0,1,0,차대사람 - 기타,기타,포장 - 건조,맑음,기타 - 기타,이륜,남,32세,상해없음,보행자,남,43세,경상
2021123100100235,2021년 12월 31일 14시,금요일,경기도 여주시 가남읍,경상사고,0,0,1,0,차대사람 - 기타,보행자보호의무위반,포장 - 건조,맑음,단일로 - 기타,승용,남,73세,상해없음,보행자,여,6세,경상
2021123100100241,2021년 12월 31일 14시,금요일,경기도 화성시 병점동,경상사고,0,0,1,0,차대사람 - 기타,안전운전불이행,포장 - 건조,맑음,교차로 - 교차로부근,승용,여,43세,상해없음,보행자,여,63세,경상
2021123100100288,2021년 12월 31일 15시,금요일,경기도 부천시 역곡동,중상사고,0,1,0,0,차대사람 - 기타,안전운전불이행,포장 - 건조,맑음,단일로 - 기타,승용,남,65세,상해없음,보행자,여,78세,중상
2021123100100327,2021년 12월 31일 16시,금요일,경기도 부천시 고강동,경상사고,0,0,1,0,차대사람 - 차도통행중,안전운전불이행,포장 - 건조,맑음,교차로 - 교차로부근,승용,남,19세,상해없음,보행자,남,11세,경상
2021123100100354,2021년 12월 31일 16시,금요일,경기도 남양주시 와부읍,경상사고,0,0,1,0,차대사람 - 횡단중,보행자보호의무위반,포장 - 건조,맑음,교차로 - 교차로안,화물,남,35세,상해없음,보행자,남,73세,경상
2021123100100411,2021년 12월 31일 17시,금요일,경기도 고양시 덕양구 화정동,중상사고,0,1,0,0,차대사람 - 기타,안전운전불이행,포장 - 기타,맑음,교차로 - 교차로안,승용,남,59세,상해없음,보행자,남,82세,중상
2021123100100434,2021년 12월 31일 18시,금요일,경기도 성남시 수정구 태평동,경상사고,0,0,1,0,차대사람 - 기타,안전운전불이행,포장 - 건조,맑음,단일로 - 기타,승합,남,68세,상해없음,보행자,남,43세,경상
2021123100100442,2021년 12월 31일 18시,금요일,경기도 시흥시 정왕동,경상사고,0,0,1,0,차대사람 - 횡단중,보행자보호의무위반,포장 - 건조,맑음,교차로 - 교차로횡단보도내,승용,남,63세,상해없음,보행자,남,65세,경상
2021123100100443,2021년 12월 31일 18시,금요일,경기도 화성시 향남읍,경상사고,0,0,1,0,차대사람 - 기타,안전운전불이행,포장 - 건조,맑음,기타 - 기타,승용,남,49세,상해없음,보행자,여,82세,경상
2021123100100478,2021년 12월 31일 18시,금요일,경기도 의정부시 민락동,중상사고,0,1,0,0,차대사람 - 횡단중,신호위반,포장 - 건조,맑음,교차로 - 교차로부근,이륜,남,43세,상해없음,보행자,여,32세,중상
2021123100100480,2021년 12월 31일 18시,금요일,경기도 고양시 덕양구 성사동,경상사고,0,0,1,0,차대사람 - 횡단중,보행자보호의무위반,포장 - 건조,맑음,교차로 - 교차로횡단보도내,승용,남,35세,상해없음,보행자,남,38세,경상
2021123100100481,2021년 12월 31일 18시,금요일,경기도 고양시 덕양구 주교동,중상사고,0,1,0,0,차대사람 - 횡단중,안전운전불이행,포장 - 기타,맑음,교차로 - 교차로부근,승용,남,69세,상해없음,보행자,여,59세,중상
2021123100100500,2021년 12월 31일 19시,금요일,경기도 광주시 도척면,경상사고,0,0,1,0,차대사람 - 길가장자리구역통행중,안전운전불이행,포장 - 건조,흐림,교차로 - 교차로안,기타불명,기타불명,미분류,기타불명,보행자,남,46세,경상
2021123100100501,2021년 12월 31일 19시,금요일,경기도 김포시 통진읍,중상사고,0,1,0,0,차대사람 - 횡단중,신호위반,포장 - 건조,맑음,교차로 - 교차로안,승합,남,67세,상해없음,보행자,여,56세,중상
2021123100100506,2021년 12월 31일 19시,금요일,경기도 부천시 원종동,경상사고,0,0,1,0,차대사람 - 기타,안전운전불이행,포장 - 건조,맑음,교차로 - 교차로부근,승용,남,41세,상해없음,보행자,여,44세,경상
2021123100100531,2021년 12월 31일 19시,금요일,경기도 고양시 일산서구 일산동,중상사고,0,1,0,0,차대사람 - 횡단중,안전운전불이행,포장 - 건조,맑음,단일로 - 기타,승용,여,31세,상해없음,보행자,남,63세,중상
2021123100100541,2021년 12월 31일 20시,금요일,경기도 광주시 곤지암읍,중상사고,0,1,0,0,차대사람 - 기타,안전운전불이행,포장 - 건조,맑음,기타 - 기타,화물,남,48세,상해없음,보행자,여,65세,중상
2021123100100610,2021년 12월 31일 22시,금요일,경기도 화성시 봉담읍,경상사고,0,0,1,0,차대사람 - 기타,안전운전불이행,포장 - 건조,맑음,단일로 - 기타,승용,여,39세,상해없음,보행자,남,41세,경상